City,Date,PM2.5,PM10,NO,NO2,NOx,NH3,CO,SO2,O3,Benzene,Toluene,Xylene,AQI,AQI_Bucket,Year,Month,Day,Season
Ahmedabad,2015-01-01,67.45058,118.127106,0.92,18.22,17.15,23.483477,0.92,27.64,133.36,0.0,0.02,0.0,166.46358,Moderate,2015,1,1,Winter
Ahmedabad,2015-01-02,67.45058,118.127106,0.97,15.69,16.46,23.483477,0.97,24.55,34.06,3.68,5.5,3.77,166.46358,Moderate,2015,1,2,Winter
Ahmedabad,2015-01-03,67.45058,118.127106,17.4,19.3,29.7,23.483477,17.4,29.07,30.7,6.8,16.4,2.25,166.46358,Moderate,2015,1,3,Winter
Ahmedabad,2015-01-04,67.45058,118.127106,1.7,18.48,17.97,23.483477,1.7,18.59,36.08,4.43,10.14,1.0,166.46358,Moderate,2015,1,4,Winter
Ahmedabad,2015-01-05,67.45058,118.127106,22.1,21.42,37.76,23.483477,22.1,39.33,39.31,7.01,18.89,2.78,166.46358,Moderate,2015,1,5,Winter
Ahmedabad,2015-01-06,67.45058,118.127106,45.41,38.48,81.5,23.483477,45.41,45.76,46.51,5.42,10.83,1.93,166.46358,Moderate,2015,1,6,Winter
Ahmedabad,2015-01-07,67.45058,118.127106,112.16,40.62,130.77,23.483477,112.16,32.28,33.47,0.0,0.0,0.0,166.46358,Moderate,2015,1,7,Winter
Ahmedabad,2015-01-08,67.45058,118.127106,80.87,36.74,96.75,23.483477,80.87,38.54,31.89,0.0,0.0,0.0,166.46358,Moderate,2015,1,8,Winter
Ahmedabad,2015-01-09,67.45058,118.127106,29.16,31.0,48.0,23.483477,29.16,58.68,25.75,0.0,0.0,0.0,166.46358,Moderate,2015,1,9,Winter
Ahmedabad,2015-01-10,67.45058,118.127106,17.57473,7.04,0.0,23.483477,2.248598,8.29,4.55,0.0,0.0,0.0,166.46358,Moderate,2015,1,10,Winter
Ahmedabad,2015-01-11,67.45058,118.127106,132.07,55.8,24.53,23.483477,132.07,25.03,6.79,0.0,0.0,0.0,166.46358,Moderate,2015,1,11,Winter
Ahmedabad,2015-01-12,67.45058,118.127106,52.04,40.67,90.24,23.483477,52.04,51.84,45.89,2.41,0.03,7.88,166.46358,Moderate,2015,1,12,Winter
Ahmedabad,2015-01-13,67.45058,118.127106,48.82,44.2,87.09,23.483477,48.82,68.21,35.16,9.45,13.35,12.5,166.46358,Moderate,2015,1,13,Winter
Ahmedabad,2015-01-14,67.45058,118.127106,19.2,27.86,33.05,23.483477,19.2,52.65,20.96,2.16,2.26,5.19,166.46358,Moderate,2015,1,14,Winter
Ahmedabad,2015-01-15,67.45058,118.127106,0.6,16.96,16.6,23.483477,0.6,28.89,47.63,0.14,0.04,1.35,166.46358,Moderate,2015,1,15,Winter
Ahmedabad,2015-01-16,67.45058,118.127106,1.63,21.72,22.86,23.483477,1.63,38.27,46.03,0.35,0.05,2.01,166.46358,Moderate,2015,1,16,Winter
Ahmedabad,2015-01-17,67.45058,118.127106,11.44,24.73,34.75,23.483477,11.44,49.5,52.24,0.68,0.0,3.27,166.46358,Moderate,2015,1,17,Winter
Ahmedabad,2015-01-18,67.45058,118.127106,6.1,25.77,29.57,23.483477,6.1,48.43,53.49,0.74,0.21,2.75,166.46358,Moderate,2015,1,18,Winter
Ahmedabad,2015-01-19,67.45058,118.127106,2.51,26.88,27.45,23.483477,2.51,50.03,49.48,0.26,0.02,2.8,166.46358,Moderate,2015,1,19,Winter
Ahmedabad,2015-01-20,67.45058,118.127106,7.92,26.8,32.4,23.483477,7.92,58.87,56.37,0.24,0.01,3.97,166.46358,Moderate,2015,1,20,Winter
Ahmedabad,2015-01-21,67.45058,118.127106,9.52,33.56,39.28,23.483477,9.52,106.93,48.75,0.33,0.0,5.65,166.46358,Moderate,2015,1,21,Winter
Ahmedabad,2015-01-22,67.45058,118.127106,9.05,17.51,22.33,23.483477,9.05,23.71,42.22,0.0,0.0,4.51,166.46358,Moderate,2015,1,22,Winter
Ahmedabad,2015-01-23,67.45058,118.127106,22.53,27.96,47.79,23.483477,22.53,39.19,32.92,0.39,0.0,5.95,166.46358,Moderate,2015,1,23,Winter
Ahmedabad,2015-01-24,67.45058,118.127106,2.03,20.39,21.4,23.483477,2.03,40.07,32.49,0.47,0.7,1.54,166.46358,Moderate,2015,1,24,Winter
Ahmedabad,2015-01-25,67.45058,118.127106,1.42,20.43,20.19,23.483477,1.42,58.41,39.26,0.01,0.0,0.94,166.46358,Moderate,2015,1,25,Winter
Ahmedabad,2015-01-26,67.45058,118.127106,2.27,21.16,21.81,23.483477,2.27,43.73,39.83,0.06,0.0,1.55,166.46358,Moderate,2015,1,26,Winter
Ahmedabad,2015-01-27,67.45058,118.127106,2.19,21.7,23.26,23.483477,2.19,43.28,41.1,0.02,0.0,1.65,166.46358,Moderate,2015,1,27,Winter
Ahmedabad,2015-01-28,73.24,118.127106,5.72,21.11,25.84,23.483477,5.72,36.52,62.42,0.03,0.01,1.41,166.46358,Moderate,2015,1,28,Winter
Ahmedabad,2015-01-29,83.13,118.127106,6.93,28.71,33.72,23.483477,6.93,49.52,59.76,0.02,0.0,3.14,209.0,Poor,2015,1,29,Winter
Ahmedabad,2015-02-04,80.65,118.127106,2.37,22.83,24.0,23.483477,2.37,25.73,47.3,0.0,0.0,0.0,294.0,Poor,2015,2,4,Winter
Ahmedabad,2015-02-05,58.36,118.127106,2.6,21.39,23.31,23.483477,2.6,32.66,53.54,0.0,0.0,0.0,149.0,Moderate,2015,2,5,Winter
Ahmedabad,2015-02-06,79.29,118.127106,1.16,26.94,26.83,23.483477,1.16,67.41,59.3,0.0,0.0,0.0,190.0,Moderate,2015,2,6,Winter
Ahmedabad,2015-02-07,88.7,118.127106,7.29,31.32,37.73,23.483477,7.29,80.09,44.76,0.0,0.0,0.0,247.0,Poor,2015,2,7,Winter
Ahmedabad,2015-02-10,105.39,118.127106,1.41,18.21,18.75,23.483477,1.41,35.91,56.15,0.0,0.0,3.31,256.0,Poor,2015,2,10,Winter
Ahmedabad,2015-02-12,65.04,118.127106,14.19,30.1,44.21,23.483477,14.19,65.91,31.88,7.72,17.46,2.51,288.0,Poor,2015,2,12,Winter
Ahmedabad,2015-02-25,52.99,118.127106,2.23,10.45,10.39,23.483477,2.23,32.76,67.25,3.85,11.39,0.81,292.0,Poor,2015,2,25,Winter
Ahmedabad,2015-02-26,67.45058,118.127106,17.57473,28.56066,32.309124,23.483477,2.248598,14.531978,34.491432,3.2808404,8.700972,3.0701277,166.46358,Moderate,2015,2,26,Winter
Ahmedabad,2015-02-27,67.45058,118.127106,17.57473,28.56066,32.309124,23.483477,2.248598,14.531978,34.491432,3.2808404,8.700972,3.0701277,166.46358,Moderate,2015,2,27,Winter
Ahmedabad,2015-02-28,67.45058,118.127106,17.57473,28.56066,32.309124,23.483477,2.248598,14.531978,34.491432,3.2808404,8.700972,3.0701277,166.46358,Moderate,2015,2,28,Winter
Ahmedabad,2015-03-01,61.12,118.127106,3.58,16.81,20.92,23.483477,3.58,28.44,30.48,2.69,1.58,1.32,166.46358,Moderate,2015,3,1,Spring
Ahmedabad,2015-03-02,60.78,118.127106,9.07,18.21,27.34,23.483477,9.07,29.48,34.75,2.05,0.55,0.22,189.0,Moderate,2015,3,2,Spring
Ahmedabad,2015-03-06,67.45058,118.127106,17.57473,28.56066,32.309124,23.483477,2.248598,14.531978,34.491432,3.2808404,8.700972,3.0701277,166.46358,Moderate,2015,3,6,Spring
Ahmedabad,2015-03-07,105.45,118.127106,2.5,16.1,18.66,23.483477,2.5,29.29,69.9,17.77,5.75,0.39,166.46358,Moderate,2015,3,7,Spring
Ahmedabad,2015-03-08,71.56,118.127106,3.51,16.83,20.32,23.483477,3.51,30.28,57.16,3.95,8.01,0.63,190.0,Moderate,2015,3,8,Spring
Ahmedabad,2015-03-09,119.8,118.127106,4.13,24.07,27.9,23.483477,4.13,50.35,50.49,4.85,12.15,1.35,233.0,Poor,2015,3,9,Spring
Ahmedabad,2015-03-10,106.71,118.127106,5.39,25.59,30.51,23.483477,5.39,38.85,60.17,5.58,14.17,1.74,297.0,Poor,2015,3,10,Spring
Ahmedabad,2015-03-12,106.01,118.127106,4.28,27.31,30.54,23.483477,4.28,70.29,40.91,9.45,15.54,1.71,252.0,Poor,2015,3,12,Spring
Ahmedabad,2015-03-13,97.34,118.127106,3.67,21.58,24.62,23.483477,3.67,64.39,45.69,5.61,15.02,2.25,244.0,Poor,2015,3,13,Spring
Ahmedabad,2015-03-14,83.92,118.127106,6.42,25.03,30.8,23.483477,6.42,67.53,34.94,8.24,21.47,3.09,234.0,Poor,2015,3,14,Spring
Ahmedabad,2015-03-15,49.51,118.127106,3.1,14.16,16.15,23.483477,3.1,48.33,37.95,4.34,11.34,1.09,219.0,Poor,2015,3,15,Spring
Ahmedabad,2015-03-16,30.76,118.127106,2.72,14.14,16.98,23.483477,2.72,43.62,54.78,3.58,9.38,0.84,118.0,Moderate,2015,3,16,Spring
Ahmedabad,2015-03-17,50.29,118.127106,5.34,29.84,33.28,23.483477,5.34,59.23,45.44,5.45,15.12,1.65,231.0,Poor,2015,3,17,Spring
Ahmedabad,2015-03-18,57.69,118.127106,25.36,29.48,54.79,23.483477,25.36,58.33,52.87,9.55,32.11,4.53,286.0,Poor,2015,3,18,Spring
Ahmedabad,2015-04-02,77.69,118.127106,5.24,18.87,23.06,23.483477,5.24,100.48,27.14,9.49,11.77,1.6,222.0,Poor,2015,4,2,Spring
Ahmedabad,2015-04-03,53.07,118.127106,4.17,13.82,17.45,23.483477,4.17,40.36,21.76,4.47,6.94,0.42,169.0,Moderate,2015,4,3,Spring
Ahmedabad,2015-04-04,63.11,118.127106,5.63,15.5,18.49,23.483477,5.63,38.21,4.72,5.2,8.17,0.73,220.0,Poor,2015,4,4,Spring
Ahmedabad,2015-04-05,156.76,118.127106,3.92,16.7,20.97,23.483477,3.92,26.32,37.11,3.88,10.78,0.97,166.46358,Moderate,2015,4,5,Spring
Ahmedabad,2015-04-06,120.96,118.127106,4.23,20.86,25.02,23.483477,4.23,35.54,35.66,6.05,15.85,1.68,303.0,Very Poor,2015,4,6,Spring
Ahmedabad,2015-04-10,134.6,118.127106,5.9,26.27,28.7,23.483477,5.9,34.53,7.0,0.0,0.0,0.0,166.46358,Moderate,2015,4,10,Spring
Ahmedabad,2015-04-11,61.06,118.127106,3.52,14.03,17.59,23.483477,3.52,8.08,19.54,0.0,0.0,0.01,126.0,Moderate,2015,4,11,Spring
Ahmedabad,2015-04-12,39.42,118.127106,5.28,19.56,24.66,23.483477,5.28,17.66,31.3,0.0,0.0,0.0,175.0,Moderate,2015,4,12,Spring
Ahmedabad,2015-04-13,111.86,118.127106,3.89,22.51,25.17,23.483477,3.89,15.84,31.23,0.0,0.0,0.0,226.0,Poor,2015,4,13,Spring
Ahmedabad,2015-04-14,58.37,118.127106,5.74,21.71,27.69,23.483477,5.74,25.9,43.92,2.15,10.46,5.4,244.0,Poor,2015,4,14,Spring
Ahmedabad,2015-04-18,109.48,118.127106,4.3,20.27,22.86,23.483477,4.3,46.6,31.34,0.05,0.0,6.19,285.0,Poor,2015,4,18,Spring
Ahmedabad,2015-04-22,63.38,118.127106,3.44,13.28,15.44,23.483477,3.44,24.79,43.62,0.0,0.0,1.23,189.0,Moderate,2015,4,22,Spring
Ahmedabad,2015-04-23,75.29,118.127106,3.35,14.29,17.97,23.483477,3.35,76.05,60.71,0.0,0.01,2.27,166.46358,Moderate,2015,4,23,Spring
Ahmedabad,2015-04-24,80.9,118.127106,5.7,18.62,24.23,23.483477,5.7,65.44,22.8,0.05,0.09,3.46,214.0,Poor,2015,4,24,Spring
Ahmedabad,2015-04-25,103.29,118.127106,4.55,19.82,23.69,23.483477,4.55,85.42,22.18,0.06,1.17,2.58,253.0,Poor,2015,4,25,Spring
Ahmedabad,2015-04-26,107.5,118.127106,5.29,15.56,19.73,23.483477,5.29,74.37,10.12,0.09,0.16,2.91,239.0,Poor,2015,4,26,Spring
Ahmedabad,2015-04-27,161.14,118.127106,3.11,14.77,16.12,23.483477,3.11,118.35,59.73,0.0,2.55,0.0,166.46358,Moderate,2015,4,27,Spring
Ahmedabad,2015-04-28,102.58,118.127106,3.88,12.74,16.82,23.483477,3.88,41.94,26.89,0.02,6.4,0.76,166.46358,Moderate,2015,4,28,Spring
Ahmedabad,2015-04-29,138.42,118.127106,5.05,16.7,21.56,23.483477,5.05,77.74,27.18,0.01,0.88,2.01,300.0,Poor,2015,4,29,Spring
Ahmedabad,2015-05-01,96.65,118.127106,4.67,15.9,20.53,23.483477,4.67,39.41,11.83,0.01,0.0,3.11,240.0,Poor,2015,5,1,Spring
Ahmedabad,2015-05-05,83.99,118.127106,2.73,0.08,2.75,23.483477,2.73,34.06,69.57,0.28,0.05,8.97,227.0,Poor,2015,5,5,Spring
Ahmedabad,2015-05-06,65.11,118.127106,3.14,4.58,6.75,23.483477,3.14,22.27,32.26,0.17,0.04,5.84,120.0,Moderate,2015,5,6,Spring
Ahmedabad,2015-05-07,51.03,118.127106,6.24,20.47,26.2,23.483477,6.24,15.5,31.44,0.0,0.0,1.29,158.0,Moderate,2015,5,7,Spring
Ahmedabad,2015-05-08,38.73,118.127106,8.0,19.28,26.61,23.483477,8.0,20.13,25.7,0.0,0.0,2.08,177.0,Moderate,2015,5,8,Spring
Ahmedabad,2015-05-09,61.12,118.127106,9.94,17.82,27.18,23.483477,9.94,39.69,25.9,0.0,0.0,3.49,201.0,Poor,2015,5,9,Spring
Ahmedabad,2015-05-10,58.44,118.127106,10.68,17.24,27.38,23.483477,10.68,54.69,18.89,0.0,0.0,1.39,211.0,Poor,2015,5,10,Spring
Ahmedabad,2015-05-11,61.49,118.127106,11.44,16.69,27.61,23.483477,11.44,42.66,18.2,0.01,0.0,2.59,221.0,Poor,2015,5,11,Spring
Ahmedabad,2015-05-12,65.39,118.127106,12.3,16.08,27.86,23.483477,12.3,27.96,22.35,0.0,0.0,2.29,233.0,Poor,2015,5,12,Spring
Ahmedabad,2015-05-18,130.34,118.127106,7.14,17.43,23.72,23.483477,7.14,52.07,29.05,5.05,14.0,1.3,212.0,Poor,2015,5,18,Spring
Ahmedabad,2015-05-19,53.24,118.127106,8.05,15.86,23.34,23.483477,8.05,36.23,21.58,5.23,15.0,1.02,280.0,Poor,2015,5,19,Spring
Ahmedabad,2015-05-20,42.0,118.127106,10.44,18.16,21.8,23.483477,10.44,17.0,25.5,0.0,0.0,0.0,162.0,Moderate,2015,5,20,Spring
Ahmedabad,2015-05-21,50.1,118.127106,9.46,14.9,22.5,23.483477,9.46,30.67,12.91,0.41,1.89,1.44,166.46358,Moderate,2015,5,21,Spring
Ahmedabad,2015-05-23,38.88,118.127106,2.18,16.28,17.74,23.483477,2.18,26.4,12.47,3.0,6.96,6.37,128.0,Moderate,2015,5,23,Spring
Ahmedabad,2015-05-24,46.89,118.127106,2.96,16.17,18.49,23.483477,2.96,41.96,10.74,3.41,8.87,3.53,129.0,Moderate,2015,5,24,Spring
Ahmedabad,2015-05-25,70.96,118.127106,4.12,15.47,19.28,23.483477,4.12,23.67,16.01,3.72,8.13,4.06,152.0,Moderate,2015,5,25,Spring
Ahmedabad,2015-05-26,53.66,118.127106,4.23,14.43,18.06,23.483477,4.23,14.46,45.64,2.39,6.4,3.53,176.0,Moderate,2015,5,26,Spring
Ahmedabad,2015-05-27,45.49,118.127106,4.26,13.73,17.1,23.483477,4.26,12.85,71.85,2.5,5.96,3.36,167.0,Moderate,2015,5,27,Spring
Ahmedabad,2015-05-28,60.86,118.127106,5.27,16.61,21.42,23.483477,5.27,14.91,41.19,3.03,9.18,6.54,106.0,Moderate,2015,5,28,Spring
Ahmedabad,2015-05-29,51.93,118.127106,13.71,17.87,31.64,23.483477,13.71,15.33,12.88,6.32,19.17,10.57,231.0,Poor,2015,5,29,Spring
Ahmedabad,2015-05-31,57.59,118.127106,5.6,15.47,20.42,23.483477,5.6,41.68,25.51,2.64,6.3,3.08,174.0,Moderate,2015,5,31,Spring
Ahmedabad,2015-06-01,77.22,118.127106,7.02,15.47,21.13,23.483477,7.02,71.97,9.56,3.74,8.45,1.17,185.0,Moderate,2015,6,1,Summer
Ahmedabad,2015-06-02,45.29,118.127106,7.25,12.74,19.66,23.483477,7.25,18.64,6.32,2.73,6.99,0.76,179.0,Moderate,2015,6,2,Summer
Ahmedabad,2015-06-03,103.78,118.127106,6.36,13.9,19.86,23.483477,6.36,7.76,15.27,0.82,1.37,0.81,211.0,Poor,2015,6,3,Summer
Ahmedabad,2015-06-04,25.14,118.127106,6.01,18.73,24.74,23.483477,6.01,38.05,38.52,0.0,0.0,0.0,192.0,Moderate,2015,6,4,Summer
Ahmedabad,2015-06-06,89.6,118.127106,6.59,19.84,25.9,23.483477,6.59,48.05,44.78,0.0,0.0,0.0,223.0,Poor,2015,6,6,Summer
Ahmedabad,2015-06-07,80.69,118.127106,6.86,16.07,22.25,23.483477,6.86,39.85,32.65,0.0,0.0,0.0,192.0,Moderate,2015,6,7,Summer
Ahmedabad,2015-06-08,44.75,118.127106,7.76,16.53,24.29,23.483477,7.76,9.89,8.07,0.0,0.0,0.0,191.0,Moderate,2015,6,8,Summer
Ahmedabad,2015-06-09,38.11,118.127106,7.41,11.62,19.03,23.483477,7.41,3.13,6.69,2.5,5.93,0.74,184.0,Moderate,2015,6,9,Summer
Ahmedabad,2015-06-10,45.5,118.127106,8.56,15.59,24.15,23.483477,8.56,0.76,3.82,5.09,8.52,1.82,220.0,Poor,2015,6,10,Summer
Ahmedabad,2015-06-11,36.98,118.127106,8.21,11.52,19.74,23.483477,8.21,0.52,5.17,3.63,8.16,1.33,215.0,Poor,2015,6,11,Summer
Ahmedabad,2015-06-12,43.58,118.127106,8.26,13.33,21.58,23.483477,8.26,1.02,7.56,3.59,6.79,1.5,226.0,Poor,2015,6,12,Summer
Ahmedabad,2015-06-13,45.49,118.127106,9.63,14.91,24.53,23.483477,9.63,0.81,2.94,3.67,6.62,1.17,251.0,Poor,2015,6,13,Summer
Ahmedabad,2015-06-14,38.06,118.127106,8.67,18.57,27.25,23.483477,8.67,1.05,4.63,2.85,5.12,0.74,216.0,Poor,2015,6,14,Summer
Ahmedabad,2015-06-15,45.41,118.127106,9.35,20.55,29.9,23.483477,9.35,0.74,4.5,2.83,7.18,0.82,237.0,Poor,2015,6,15,Summer
Ahmedabad,2015-06-16,37.71,118.127106,8.54,16.26,24.8,23.483477,8.54,0.87,4.6,2.52,7.61,0.81,198.0,Moderate,2015,6,16,Summer
Ahmedabad,2015-06-17,32.37,118.127106,7.53,14.36,21.89,23.483477,7.53,2.17,12.17,1.88,7.92,0.69,195.0,Moderate,2015,6,17,Summer
Ahmedabad,2015-06-18,34.74,118.127106,7.59,13.51,21.11,23.483477,7.59,4.11,12.22,1.82,6.19,0.47,187.0,Moderate,2015,6,18,Summer
Ahmedabad,2015-06-19,32.56,118.127106,7.34,13.91,21.25,23.483477,7.34,4.04,11.85,2.55,9.3,0.97,181.0,Moderate,2015,6,19,Summer
Ahmedabad,2015-06-20,29.28,118.127106,7.55,11.68,19.23,23.483477,7.55,4.01,12.64,1.64,7.0,0.62,179.0,Moderate,2015,6,20,Summer
Ahmedabad,2015-06-21,20.46,118.127106,7.15,10.61,17.76,23.483477,7.15,5.62,12.7,1.26,5.17,0.32,188.0,Moderate,2015,6,21,Summer
Ahmedabad,2015-06-22,26.07,118.127106,7.99,11.07,19.06,23.483477,7.99,4.1,10.57,1.5,6.9,0.63,190.0,Moderate,2015,6,22,Summer
Ahmedabad,2015-06-23,21.43,118.127106,7.45,11.16,18.62,23.483477,7.45,4.99,7.38,1.4,6.69,0.76,185.0,Moderate,2015,6,23,Summer
Ahmedabad,2015-06-24,11.91,118.127106,7.34,10.1,17.44,23.483477,7.34,10.86,5.47,1.3,12.23,0.73,189.0,Moderate,2015,6,24,Summer
Ahmedabad,2015-06-25,57.75,118.127106,8.68,9.68,18.36,23.483477,8.68,12.28,3.06,1.98,6.51,0.74,196.0,Moderate,2015,6,25,Summer
Ahmedabad,2015-06-26,66.39,118.127106,8.58,12.79,21.36,23.483477,8.58,11.09,4.96,1.76,6.18,0.57,201.0,Poor,2015,6,26,Summer
Ahmedabad,2015-06-27,62.61,118.127106,9.15,9.83,18.98,23.483477,9.15,12.31,6.44,1.87,5.47,0.37,231.0,Poor,2015,6,27,Summer
Ahmedabad,2015-06-28,47.5,118.127106,8.07,9.53,17.59,23.483477,8.07,13.91,7.28,1.34,3.97,0.12,196.0,Moderate,2015,6,28,Summer
Ahmedabad,2015-06-29,111.8,118.127106,9.23,11.51,20.74,23.483477,9.23,5.27,5.99,1.84,5.69,0.28,220.0,Poor,2015,6,29,Summer
Ahmedabad,2015-06-30,30.0,118.127106,8.87,13.59,22.64,23.483477,8.87,8.09,6.31,1.32,4.59,0.16,244.0,Poor,2015,6,30,Summer
Ahmedabad,2015-07-01,4.66,118.127106,9.01,10.9,20.36,23.483477,9.01,7.31,6.38,1.27,3.94,0.13,223.0,Poor,2015,7,1,Summer
Ahmedabad,2015-07-02,48.72,118.127106,9.56,11.94,21.5,23.483477,9.56,5.72,6.61,1.77,4.96,0.39,230.0,Poor,2015,7,2,Summer
Ahmedabad,2015-07-03,49.7,118.127106,9.43,9.81,19.23,23.483477,9.43,6.78,6.42,2.0,4.79,0.31,243.0,Poor,2015,7,3,Summer
Ahmedabad,2015-07-04,48.1,118.127106,8.03,9.53,17.57,23.483477,8.03,9.33,7.6,1.68,4.41,0.18,215.0,Poor,2015,7,4,Summer
Ahmedabad,2015-07-05,47.43,118.127106,8.11,9.45,17.56,23.483477,8.11,7.93,7.08,2.1,3.6,0.13,199.0,Moderate,2015,7,5,Summer
Ahmedabad,2015-07-06,51.74,118.127106,8.91,12.38,21.28,23.483477,8.91,10.05,5.78,2.15,3.64,0.27,200.0,Moderate,2015,7,6,Summer
Ahmedabad,2015-07-07,42.68,118.127106,9.74,11.08,20.82,23.483477,9.74,10.87,4.44,1.62,4.96,0.39,226.0,Poor,2015,7,7,Summer
Ahmedabad,2015-07-08,38.45,118.127106,10.55,7.8,18.35,23.483477,10.55,10.28,3.24,2.46,4.79,0.41,241.0,Poor,2015,7,8,Summer
Ahmedabad,2015-07-09,46.69,118.127106,11.48,0.17,11.64,23.483477,11.48,10.25,5.76,1.77,4.34,0.15,222.0,Poor,2015,7,9,Summer
Ahmedabad,2015-07-10,55.27,118.127106,11.55,0.12,11.66,23.483477,11.55,12.7,6.55,1.69,4.17,0.22,223.0,Poor,2015,7,10,Summer
Ahmedabad,2015-07-11,149.03,118.127106,11.49,0.16,11.65,23.483477,11.49,10.07,7.27,1.71,5.72,0.19,248.0,Poor,2015,7,11,Summer
Ahmedabad,2015-07-12,86.57,118.127106,11.47,0.17,11.64,23.483477,11.47,11.09,6.53,1.57,3.85,0.09,300.0,Poor,2015,7,12,Summer
Ahmedabad,2015-07-13,111.77,118.127106,11.3,0.24,11.53,23.483477,11.3,7.73,4.67,1.72,4.52,0.16,232.0,Poor,2015,7,13,Summer
Ahmedabad,2015-07-15,51.35,118.127106,8.0,2.69,10.67,23.483477,8.0,10.0,5.76,1.54,4.32,0.35,223.0,Poor,2015,7,15,Summer
Ahmedabad,2015-07-16,65.37,118.127106,0.64,8.07,8.57,23.483477,0.64,16.31,8.02,1.63,4.34,0.28,105.0,Moderate,2015,7,16,Summer
Ahmedabad,2015-07-17,56.28,118.127106,0.6,8.02,8.51,23.483477,0.6,18.93,6.2,1.52,3.74,0.29,101.0,Moderate,2015,7,17,Summer
Ahmedabad,2015-07-18,48.17,118.127106,0.65,8.0,8.55,23.483477,0.65,18.99,7.97,1.23,4.74,0.12,93.0,Satisfactory,2015,7,18,Summer
Ahmedabad,2015-07-19,33.56,118.127106,0.72,7.89,8.56,23.483477,0.72,11.28,10.18,0.61,3.85,0.08,67.0,Satisfactory,2015,7,19,Summer
Ahmedabad,2015-07-20,31.3,118.127106,0.55,8.1,8.49,23.483477,0.55,10.29,7.44,0.52,2.31,0.06,60.0,Satisfactory,2015,7,20,Summer
Ahmedabad,2015-07-21,48.12,118.127106,0.67,7.9,8.43,23.483477,0.67,1.28,6.3,5.0,21.75,1.54,166.46358,Moderate,2015,7,21,Summer
Ahmedabad,2015-07-22,57.11,118.127106,0.55,8.28,8.42,23.483477,0.55,14.58,2.6,2.81,14.53,1.87,90.0,Satisfactory,2015,7,22,Summer
Ahmedabad,2015-07-23,34.72,118.127106,0.1,9.73,7.88,23.483477,0.1,13.62,4.87,1.44,5.22,0.38,78.0,Satisfactory,2015,7,23,Summer
Ahmedabad,2015-07-24,29.22,118.127106,0.06,9.57,7.77,23.483477,0.06,13.58,5.08,1.37,3.65,0.32,48.0,Good,2015,7,24,Summer
Ahmedabad,2015-07-25,29.79,118.127106,0.14,8.64,7.97,23.483477,0.14,15.11,5.34,0.36,1.05,0.14,53.0,Satisfactory,2015,7,25,Summer
Ahmedabad,2015-07-26,59.95,118.127106,0.18,8.78,8.16,23.483477,0.18,11.52,2.79,0.52,1.23,0.22,91.0,Satisfactory,2015,7,26,Summer
Ahmedabad,2015-07-27,19.2,118.127106,1.52,9.45,9.74,23.483477,1.52,11.23,4.61,1.29,3.29,0.15,70.0,Satisfactory,2015,7,27,Summer
Ahmedabad,2015-07-28,19.52,118.127106,5.89,11.26,17.15,23.483477,5.89,11.56,4.4,0.58,1.44,0.07,157.0,Moderate,2015,7,28,Summer
Ahmedabad,2015-07-29,35.16,118.127106,5.75,10.89,16.64,23.483477,5.75,14.7,3.67,1.61,3.71,0.48,158.0,Moderate,2015,7,29,Summer
Ahmedabad,2015-07-30,33.03,118.127106,7.01,10.58,17.58,23.483477,7.01,12.95,3.53,1.65,3.96,0.37,169.0,Moderate,2015,7,30,Summer
Ahmedabad,2015-07-31,40.95,118.127106,6.92,10.47,17.39,23.483477,6.92,19.8,3.38,2.05,5.08,0.44,174.0,Moderate,2015,7,31,Summer
Ahmedabad,2015-08-01,40.29,118.127106,6.74,10.52,17.26,23.483477,6.74,8.27,3.57,1.85,4.34,0.39,173.0,Moderate,2015,8,1,Summer
Ahmedabad,2015-08-02,41.16,118.127106,6.91,10.51,17.42,23.483477,6.91,13.48,3.69,1.8,4.23,0.33,172.0,Moderate,2015,8,2,Summer
Ahmedabad,2015-08-03,36.12,118.127106,7.21,11.56,17.07,23.483477,7.21,13.62,6.08,1.67,2.85,0.11,190.0,Moderate,2015,8,3,Summer
Ahmedabad,2015-08-04,28.51,118.127106,6.69,20.52,27.21,23.483477,6.69,5.69,7.65,1.36,2.17,0.09,171.0,Moderate,2015,8,4,Summer
Ahmedabad,2015-08-05,31.59,118.127106,6.99,20.42,27.41,23.483477,6.99,9.23,7.9,0.72,2.29,0.12,168.0,Moderate,2015,8,5,Summer
Ahmedabad,2015-08-06,42.56,118.127106,7.17,20.4,27.57,23.483477,7.17,6.28,9.86,1.36,2.94,0.28,172.0,Moderate,2015,8,6,Summer
Ahmedabad,2015-08-07,48.12,118.127106,7.14,20.3,27.45,23.483477,7.14,6.77,12.78,1.22,3.39,0.26,173.0,Moderate,2015,8,7,Summer
Ahmedabad,2015-08-08,37.09,118.127106,7.22,20.21,27.42,23.483477,7.22,8.66,7.94,0.86,2.98,0.16,175.0,Moderate,2015,8,8,Summer
Ahmedabad,2015-08-09,33.4,118.127106,7.4,20.09,27.5,23.483477,7.4,9.95,8.39,0.8,2.13,0.07,179.0,Moderate,2015,8,9,Summer
Ahmedabad,2015-08-10,38.64,118.127106,7.35,20.21,27.55,23.483477,7.35,9.74,6.28,1.31,2.8,0.27,174.0,Moderate,2015,8,10,Summer
Ahmedabad,2015-08-11,40.49,118.127106,7.48,20.23,27.71,23.483477,7.48,8.92,21.51,1.17,3.0,0.11,176.0,Moderate,2015,8,11,Summer
Ahmedabad,2015-08-12,41.37,118.127106,7.47,20.2,27.68,23.483477,7.47,11.73,19.8,1.82,2.85,0.17,179.0,Moderate,2015,8,12,Summer
Ahmedabad,2015-08-13,44.56,118.127106,7.49,20.06,27.55,23.483477,7.49,11.23,22.77,1.38,3.36,0.44,175.0,Moderate,2015,8,13,Summer
Ahmedabad,2015-08-14,65.68,118.127106,7.57,19.94,27.51,23.483477,7.57,8.21,30.21,3.62,5.79,1.0,177.0,Moderate,2015,8,14,Summer
Ahmedabad,2015-08-15,33.34,118.127106,7.3,20.27,27.57,23.483477,7.3,6.41,32.95,0.0,0.0,0.02,175.0,Moderate,2015,8,15,Summer
Ahmedabad,2015-08-16,39.17,118.127106,7.35,20.24,27.58,23.483477,7.35,9.17,26.64,0.79,0.76,0.14,174.0,Moderate,2015,8,16,Summer
Ahmedabad,2015-08-17,34.0,118.127106,7.41,20.1,27.51,23.483477,7.41,9.64,17.17,1.21,1.8,0.15,179.0,Moderate,2015,8,17,Summer
Ahmedabad,2015-08-18,36.38,118.127106,7.31,20.14,27.45,23.483477,7.31,10.65,13.35,2.0,4.33,0.35,177.0,Moderate,2015,8,18,Summer
Ahmedabad,2015-08-19,38.35,118.127106,7.41,20.16,27.57,23.483477,7.41,9.33,18.59,1.63,3.74,0.35,180.0,Moderate,2015,8,19,Summer
Ahmedabad,2015-08-20,38.5,118.127106,12.38,19.67,30.02,23.483477,12.38,10.37,16.33,1.56,2.97,0.42,274.0,Poor,2015,8,20,Summer
Ahmedabad,2015-08-22,61.79,118.127106,17.24,14.82,32.06,23.483477,17.24,12.39,8.06,0.91,1.81,0.2,303.0,Very Poor,2015,8,22,Summer
Ahmedabad,2015-08-23,43.22,118.127106,17.17,14.82,31.99,23.483477,17.17,11.68,37.87,1.29,3.06,0.14,302.0,Very Poor,2015,8,23,Summer
Ahmedabad,2015-08-24,33.41,118.127106,17.12,14.86,31.98,23.483477,17.12,12.96,86.83,1.08,2.1,0.05,302.0,Very Poor,2015,8,24,Summer
Ahmedabad,2015-08-25,36.9,118.127106,17.08,14.85,31.93,23.483477,17.08,4.73,54.01,0.91,1.25,0.16,302.0,Very Poor,2015,8,25,Summer
Ahmedabad,2015-08-26,36.36,118.127106,17.11,14.79,31.9,23.483477,17.11,8.86,77.3,0.0,0.0,0.06,302.0,Very Poor,2015,8,26,Summer
Ahmedabad,2015-08-27,32.64,118.127106,17.01,14.84,31.85,23.483477,17.01,7.05,62.31,0.0,0.0,0.01,302.0,Very Poor,2015,8,27,Summer
Ahmedabad,2015-08-28,38.23,118.127106,17.07,14.89,31.96,23.483477,17.07,10.9,55.94,0.0,0.0,0.01,302.0,Very Poor,2015,8,28,Summer
Ahmedabad,2015-08-29,39.86,118.127106,16.98,14.83,31.81,23.483477,16.98,10.02,96.83,0.0,0.01,0.02,301.0,Very Poor,2015,8,29,Summer
Ahmedabad,2015-08-30,72.74,118.127106,17.04,14.84,31.88,23.483477,17.04,4.23,99.03,0.0,0.0,0.0,302.0,Very Poor,2015,8,30,Summer
Ahmedabad,2015-08-31,43.2,118.127106,17.05,14.86,31.91,23.483477,17.05,5.96,59.99,0.0,0.0,0.11,302.0,Very Poor,2015,8,31,Summer
Ahmedabad,2015-09-01,63.2,118.127106,17.03,14.82,31.85,23.483477,17.03,3.69,7.57,0.0,0.0,0.0,302.0,Very Poor,2015,9,1,Autumn
Ahmedabad,2015-09-02,64.73,118.127106,17.01,14.82,31.83,23.483477,17.01,6.45,12.13,0.0,0.0,0.0,302.0,Very Poor,2015,9,2,Autumn
Ahmedabad,2015-09-03,65.28,118.127106,17.04,14.85,31.89,23.483477,17.04,6.13,18.2,0.0,0.0,0.0,301.0,Very Poor,2015,9,3,Autumn
Ahmedabad,2015-09-04,67.86,118.127106,16.97,14.87,31.84,23.483477,16.97,8.87,16.53,0.0,0.0,0.0,302.0,Very Poor,2015,9,4,Autumn
Ahmedabad,2015-09-05,52.4,118.127106,16.97,14.81,31.78,23.483477,16.97,9.89,22.55,0.0,0.0,0.0,301.0,Very Poor,2015,9,5,Autumn
Ahmedabad,2015-09-06,33.33,118.127106,16.95,14.89,31.84,23.483477,16.95,6.88,33.58,0.0,0.0,0.0,302.0,Very Poor,2015,9,6,Autumn
Ahmedabad,2015-09-07,29.52,118.127106,16.94,14.88,31.82,23.483477,16.94,8.56,40.65,0.0,0.0,0.02,301.0,Very Poor,2015,9,7,Autumn
Ahmedabad,2015-09-08,15.53,118.127106,17.0,14.85,31.85,23.483477,17.0,15.13,34.18,0.0,0.0,0.0,301.0,Very Poor,2015,9,8,Autumn
Ahmedabad,2015-09-09,57.51,118.127106,16.31,50.9,67.22,23.483477,16.31,8.73,15.39,0.0,10.52,4.88,166.46358,Moderate,2015,9,9,Autumn
Ahmedabad,2015-09-10,50.24,118.127106,9.46,12.31,21.77,23.483477,9.46,11.63,13.61,0.0,3.42,0.29,226.0,Poor,2015,9,10,Autumn
Ahmedabad,2015-09-11,61.77,118.127106,8.68,15.43,24.1,23.483477,8.68,8.1,18.69,0.0,4.83,0.38,276.0,Poor,2015,9,11,Autumn
Ahmedabad,2015-09-12,46.93,118.127106,7.14,11.47,18.61,23.483477,7.14,7.92,19.03,0.0,3.08,0.12,209.0,Poor,2015,9,12,Autumn
Ahmedabad,2015-09-13,43.01,118.127106,6.82,9.96,16.78,23.483477,6.82,11.58,20.59,0.0,2.5,0.13,179.0,Moderate,2015,9,13,Autumn
Ahmedabad,2015-09-14,42.06,118.127106,8.43,11.35,19.78,23.483477,8.43,11.63,28.09,0.0,3.19,0.2,197.0,Moderate,2015,9,14,Autumn
Ahmedabad,2015-09-15,44.94,118.127106,7.14,10.94,18.07,23.483477,7.14,5.85,59.38,0.0,2.21,0.24,229.0,Poor,2015,9,15,Autumn
Ahmedabad,2015-09-16,29.58,118.127106,6.61,9.94,16.55,23.483477,6.61,8.82,42.9,0.0,1.87,0.13,170.0,Moderate,2015,9,16,Autumn
Ahmedabad,2015-09-17,32.15,118.127106,6.5,9.7,16.2,23.483477,6.5,9.2,39.02,0.0,2.73,0.19,164.0,Moderate,2015,9,17,Autumn
Ahmedabad,2015-09-18,36.33,118.127106,7.68,12.88,20.56,23.483477,7.68,8.28,43.35,0.0,4.29,0.36,195.0,Moderate,2015,9,18,Autumn
Ahmedabad,2015-09-19,24.46,118.127106,8.45,10.99,19.44,23.483477,8.45,12.59,44.55,0.0,2.52,0.17,220.0,Poor,2015,9,19,Autumn
Ahmedabad,2015-09-20,67.45058,118.127106,17.57473,28.56066,32.309124,23.483477,2.248598,14.531978,34.491432,3.2808404,8.700972,3.0701277,166.46358,Moderate,2015,9,20,Autumn
Ahmedabad,2015-09-21,27.08,118.127106,9.95,12.25,22.19,23.483477,9.95,9.51,12.46,0.0,4.77,0.32,166.46358,Moderate,2015,9,21,Autumn
Ahmedabad,2015-09-22,59.29,118.127106,9.21,9.68,18.89,23.483477,9.21,5.98,7.69,0.0,3.24,0.19,217.0,Poor,2015,9,22,Autumn
Ahmedabad,2015-09-23,65.32,118.127106,10.61,9.62,20.23,23.483477,10.61,3.69,4.74,0.0,3.63,0.24,254.0,Poor,2015,9,23,Autumn
Ahmedabad,2015-09-24,47.39,118.127106,9.26,10.48,19.74,23.483477,9.26,7.72,7.71,0.0,3.41,0.21,241.0,Poor,2015,9,24,Autumn
Ahmedabad,2015-09-25,43.88,118.127106,8.69,19.75,28.44,23.483477,8.69,4.83,11.53,0.0,3.24,0.16,244.0,Poor,2015,9,25,Autumn
Ahmedabad,2015-09-26,28.35,118.127106,9.05,13.62,22.68,23.483477,9.05,7.47,15.95,0.0,3.26,0.21,243.0,Poor,2015,9,26,Autumn
Ahmedabad,2015-09-27,3.59,118.127106,11.26,14.17,25.44,23.483477,11.26,9.6,20.38,0.0,4.02,0.46,244.0,Poor,2015,9,27,Autumn
Ahmedabad,2015-09-30,69.12,118.127106,8.85,32.41,41.26,23.483477,8.85,15.63,28.45,0.0,7.16,0.73,231.0,Poor,2015,9,30,Autumn
Ahmedabad,2015-10-04,87.18,118.127106,7.83,21.51,29.34,23.483477,7.83,6.98,23.17,5.59,17.26,2.28,230.0,Poor,2015,10,4,Autumn
Ahmedabad,2015-10-11,91.41,118.127106,5.19,23.45,28.63,23.483477,5.19,25.44,6.25,0.69,1.25,0.05,227.0,Poor,2015,10,11,Autumn
Ahmedabad,2015-10-21,92.71,118.127106,12.92,30.65,43.57,23.483477,12.92,42.08,72.86,13.33,17.97,5.17,166.46358,Moderate,2015,10,21,Autumn
Ahmedabad,2015-10-22,64.66,118.127106,4.79,23.83,28.61,23.483477,4.79,34.4,24.76,6.24,12.04,2.24,213.0,Poor,2015,10,22,Autumn
Ahmedabad,2015-10-23,78.14,118.127106,10.58,28.93,39.51,23.483477,10.58,44.91,35.56,4.72,8.87,2.28,297.0,Poor,2015,10,23,Autumn
Ahmedabad,2015-10-27,114.84,118.127106,38.09,40.31,78.39,23.483477,38.09,22.94,30.19,26.0,72.61,10.84,166.46358,Moderate,2015,10,27,Autumn
Ahmedabad,2015-10-28,89.64,118.127106,5.42,25.75,31.18,23.483477,5.42,44.92,43.04,6.48,17.42,2.14,270.0,Poor,2015,10,28,Autumn
Ahmedabad,2015-10-29,51.72,118.127106,1.89,21.15,23.04,23.483477,1.89,37.31,66.58,3.96,11.1,0.75,188.0,Moderate,2015,10,29,Autumn
Ahmedabad,2015-10-30,54.59,118.127106,2.31,18.33,20.64,23.483477,2.31,19.08,42.43,3.47,10.25,1.12,114.0,Moderate,2015,10,30,Autumn
Ahmedabad,2015-10-31,46.5,118.127106,1.22,12.1,13.32,23.483477,1.22,13.73,61.56,1.9,4.5,0.22,143.0,Moderate,2015,10,31,Autumn
Ahmedabad,2015-11-01,67.45058,118.127106,17.57473,28.56066,32.309124,23.483477,2.248598,14.531978,34.491432,3.2808404,8.700972,3.0701277,166.46358,Moderate,2015,11,1,Autumn
Ahmedabad,2015-11-02,122.54,118.127106,75.42,44.2,119.62,23.483477,75.42,13.78,60.66,73.38,105.07,17.55,166.46358,Moderate,2015,11,2,Autumn
Ahmedabad,2015-11-04,214.67,118.127106,57.37,42.21,99.57,23.483477,57.37,22.18,34.491432,41.22,93.71,13.41,166.46358,Moderate,2015,11,4,Autumn
Ahmedabad,2015-11-09,67.45058,118.127106,17.57473,28.56066,32.309124,23.483477,2.248598,14.531978,34.491432,3.2808404,8.700972,3.0701277,166.46358,Moderate,2015,11,9,Autumn
Ahmedabad,2015-11-10,67.45058,118.127106,17.57473,28.56066,32.309124,23.483477,2.248598,14.531978,34.491432,3.2808404,8.700972,3.0701277,166.46358,Moderate,2015,11,10,Autumn
Ahmedabad,2015-11-11,67.45058,118.127106,17.57473,28.56066,32.309124,23.483477,2.248598,14.531978,34.491432,3.2808404,8.700972,3.0701277,166.46358,Moderate,2015,11,11,Autumn
Ahmedabad,2015-11-12,67.45058,118.127106,17.57473,28.56066,32.309124,23.483477,2.248598,14.531978,34.491432,3.2808404,8.700972,3.0701277,166.46358,Moderate,2015,11,12,Autumn
Ahmedabad,2015-11-13,67.45058,118.127106,17.57473,28.56066,32.309124,23.483477,2.248598,14.531978,34.491432,3.2808404,8.700972,3.0701277,166.46358,Moderate,2015,11,13,Autumn
Ahmedabad,2015-11-14,67.45058,118.127106,17.57473,28.56066,32.309124,23.483477,2.248598,14.531978,34.491432,3.2808404,8.700972,3.0701277,166.46358,Moderate,2015,11,14,Autumn
Ahmedabad,2015-11-15,67.45058,118.127106,17.57473,28.56066,32.309124,23.483477,2.248598,14.531978,34.491432,3.2808404,8.700972,3.0701277,166.46358,Moderate,2015,11,15,Autumn
Ahmedabad,2015-11-16,67.45058,118.127106,17.57473,28.56066,32.309124,23.483477,2.248598,14.531978,34.491432,3.2808404,8.700972,3.0701277,166.46358,Moderate,2015,11,16,Autumn
Ahmedabad,2015-11-17,67.45058,118.127106,17.57473,28.56066,32.309124,23.483477,2.248598,14.531978,34.491432,3.2808404,8.700972,3.0701277,166.46358,Moderate,2015,11,17,Autumn
Ahmedabad,2015-11-18,67.45058,118.127106,17.57473,28.56066,32.309124,23.483477,2.248598,14.531978,34.491432,3.2808404,8.700972,3.0701277,166.46358,Moderate,2015,11,18,Autumn
Ahmedabad,2015-11-19,67.45058,118.127106,17.57473,28.56066,32.309124,23.483477,2.248598,14.531978,34.491432,3.2808404,8.700972,3.0701277,166.46358,Moderate,2015,11,19,Autumn
Ahmedabad,2015-11-20,67.45058,118.127106,17.57473,28.56066,32.309124,23.483477,2.248598,14.531978,34.491432,3.2808404,8.700972,3.0701277,166.46358,Moderate,2015,11,20,Autumn
Ahmedabad,2015-11-21,67.45058,118.127106,17.57473,28.56066,32.309124,23.483477,2.248598,14.531978,34.491432,3.2808404,8.700972,3.0701277,166.46358,Moderate,2015,11,21,Autumn
Ahmedabad,2015-11-22,67.45058,118.127106,17.57473,28.56066,32.309124,23.483477,2.248598,14.531978,34.491432,3.2808404,8.700972,3.0701277,166.46358,Moderate,2015,11,22,Autumn
Ahmedabad,2015-11-23,67.45058,118.127106,17.57473,28.56066,32.309124,23.483477,2.248598,14.531978,34.491432,3.2808404,8.700972,3.0701277,166.46358,Moderate,2015,11,23,Autumn
Ahmedabad,2015-11-24,67.45058,118.127106,17.57473,28.56066,32.309124,23.483477,2.248598,14.531978,34.491432,3.2808404,8.700972,3.0701277,166.46358,Moderate,2015,11,24,Autumn
Ahmedabad,2015-11-25,67.45058,118.127106,17.57473,28.56066,32.309124,23.483477,2.248598,14.531978,34.491432,3.2808404,8.700972,3.0701277,166.46358,Moderate,2015,11,25,Autumn
Ahmedabad,2015-11-26,67.45058,118.127106,17.57473,28.56066,32.309124,23.483477,2.248598,14.531978,34.491432,3.2808404,8.700972,3.0701277,166.46358,Moderate,2015,11,26,Autumn
Ahmedabad,2015-11-27,67.45058,118.127106,17.57473,28.56066,32.309124,23.483477,2.248598,14.531978,34.491432,3.2808404,8.700972,3.0701277,166.46358,Moderate,2015,11,27,Autumn
Ahmedabad,2015-11-28,67.45058,118.127106,17.57473,28.56066,32.309124,23.483477,2.248598,14.531978,34.491432,3.2808404,8.700972,3.0701277,166.46358,Moderate,2015,11,28,Autumn
Ahmedabad,2015-11-29,67.45058,118.127106,17.57473,28.56066,32.309124,23.483477,2.248598,14.531978,34.491432,3.2808404,8.700972,3.0701277,166.46358,Moderate,2015,11,29,Autumn
Ahmedabad,2015-11-30,67.45058,118.127106,17.57473,28.56066,32.309124,23.483477,2.248598,14.531978,34.491432,3.2808404,8.700972,3.0701277,166.46358,Moderate,2015,11,30,Autumn
Ahmedabad,2015-12-01,67.45058,118.127106,17.57473,28.56066,32.309124,23.483477,2.248598,14.531978,34.491432,3.2808404,8.700972,3.0701277,166.46358,Moderate,2015,12,1,Winter
Ahmedabad,2015-12-02,67.45058,118.127106,17.57473,28.56066,32.309124,23.483477,2.248598,14.531978,34.491432,3.2808404,8.700972,3.0701277,166.46358,Moderate,2015,12,2,Winter
Ahmedabad,2015-12-03,67.45058,118.127106,17.57473,28.56066,32.309124,23.483477,2.248598,14.531978,34.491432,3.2808404,8.700972,3.0701277,166.46358,Moderate,2015,12,3,Winter
Ahmedabad,2015-12-04,67.45058,118.127106,17.57473,28.56066,32.309124,23.483477,2.248598,14.531978,34.491432,3.2808404,8.700972,3.0701277,166.46358,Moderate,2015,12,4,Winter
Ahmedabad,2015-12-05,67.45058,118.127106,17.57473,28.56066,32.309124,23.483477,2.248598,14.531978,34.491432,3.2808404,8.700972,3.0701277,166.46358,Moderate,2015,12,5,Winter
Ahmedabad,2015-12-06,67.45058,118.127106,17.57473,28.56066,32.309124,23.483477,2.248598,14.531978,34.491432,3.2808404,8.700972,3.0701277,166.46358,Moderate,2015,12,6,Winter
Ahmedabad,2015-12-07,67.45058,118.127106,17.57473,28.56066,32.309124,23.483477,2.248598,14.531978,34.491432,3.2808404,8.700972,3.0701277,166.46358,Moderate,2015,12,7,Winter
Ahmedabad,2015-12-08,67.45058,118.127106,17.57473,28.56066,32.309124,23.483477,2.248598,14.531978,34.491432,3.2808404,8.700972,3.0701277,166.46358,Moderate,2015,12,8,Winter
Ahmedabad,2015-12-09,67.45058,118.127106,17.57473,28.56066,32.309124,23.483477,2.248598,14.531978,34.491432,3.2808404,8.700972,3.0701277,166.46358,Moderate,2015,12,9,Winter
Ahmedabad,2015-12-10,67.45058,118.127106,17.57473,28.56066,32.309124,23.483477,2.248598,14.531978,34.491432,3.2808404,8.700972,3.0701277,166.46358,Moderate,2015,12,10,Winter
Ahmedabad,2015-12-11,67.45058,118.127106,17.57473,28.56066,32.309124,23.483477,2.248598,14.531978,34.491432,3.2808404,8.700972,3.0701277,166.46358,Moderate,2015,12,11,Winter
Ahmedabad,2015-12-12,67.45058,118.127106,17.57473,28.56066,32.309124,23.483477,2.248598,14.531978,34.491432,3.2808404,8.700972,3.0701277,166.46358,Moderate,2015,12,12,Winter
Ahmedabad,2015-12-13,67.45058,118.127106,17.57473,28.56066,32.309124,23.483477,2.248598,14.531978,34.491432,3.2808404,8.700972,3.0701277,166.46358,Moderate,2015,12,13,Winter
Ahmedabad,2015-12-14,67.45058,118.127106,17.57473,28.56066,32.309124,23.483477,2.248598,14.531978,34.491432,3.2808404,8.700972,3.0701277,166.46358,Moderate,2015,12,14,Winter
Ahmedabad,2015-12-15,67.45058,118.127106,17.57473,28.56066,32.309124,23.483477,2.248598,14.531978,34.491432,3.2808404,8.700972,3.0701277,166.46358,Moderate,2015,12,15,Winter
Ahmedabad,2015-12-16,67.45058,118.127106,17.57473,28.56066,32.309124,23.483477,2.248598,14.531978,34.491432,3.2808404,8.700972,3.0701277,166.46358,Moderate,2015,12,16,Winter
Ahmedabad,2015-12-17,67.45058,118.127106,17.57473,28.56066,32.309124,23.483477,2.248598,14.531978,34.491432,3.2808404,8.700972,3.0701277,166.46358,Moderate,2015,12,17,Winter
Ahmedabad,2015-12-18,67.45058,118.127106,17.57473,28.56066,32.309124,23.483477,2.248598,14.531978,34.491432,3.2808404,8.700972,3.0701277,166.46358,Moderate,2015,12,18,Winter
Ahmedabad,2015-12-19,67.45058,118.127106,17.57473,28.56066,32.309124,23.483477,2.248598,14.531978,34.491432,3.2808404,8.700972,3.0701277,166.46358,Moderate,2015,12,19,Winter
Ahmedabad,2015-12-20,67.45058,118.127106,17.57473,28.56066,32.309124,23.483477,2.248598,14.531978,34.491432,3.2808404,8.700972,3.0701277,166.46358,Moderate,2015,12,20,Winter
Ahmedabad,2015-12-21,67.45058,118.127106,17.57473,28.56066,32.309124,23.483477,2.248598,14.531978,34.491432,3.2808404,8.700972,3.0701277,166.46358,Moderate,2015,12,21,Winter
Ahmedabad,2015-12-22,67.45058,118.127106,17.57473,28.56066,32.309124,23.483477,2.248598,14.531978,34.491432,3.2808404,8.700972,3.0701277,166.46358,Moderate,2015,12,22,Winter
Ahmedabad,2015-12-23,67.45058,118.127106,17.57473,28.56066,32.309124,23.483477,2.248598,14.531978,34.491432,3.2808404,8.700972,3.0701277,166.46358,Moderate,2015,12,23,Winter
Ahmedabad,2015-12-24,67.45058,118.127106,17.57473,28.56066,32.309124,23.483477,2.248598,14.531978,34.491432,3.2808404,8.700972,3.0701277,166.46358,Moderate,2015,12,24,Winter
Ahmedabad,2015-12-25,67.45058,118.127106,17.57473,28.56066,32.309124,23.483477,2.248598,14.531978,34.491432,3.2808404,8.700972,3.0701277,166.46358,Moderate,2015,12,25,Winter
Ahmedabad,2015-12-26,67.45058,118.127106,17.57473,28.56066,32.309124,23.483477,2.248598,14.531978,34.491432,3.2808404,8.700972,3.0701277,166.46358,Moderate,2015,12,26,Winter
Ahmedabad,2015-12-27,67.45058,118.127106,17.57473,28.56066,32.309124,23.483477,2.248598,14.531978,34.491432,3.2808404,8.700972,3.0701277,166.46358,Moderate,2015,12,27,Winter
Ahmedabad,2015-12-28,67.45058,118.127106,17.57473,28.56066,32.309124,23.483477,2.248598,14.531978,34.491432,3.2808404,8.700972,3.0701277,166.46358,Moderate,2015,12,28,Winter
Ahmedabad,2015-12-29,67.45058,118.127106,17.57473,28.56066,32.309124,23.483477,2.248598,14.531978,34.491432,3.2808404,8.700972,3.0701277,166.46358,Moderate,2015,12,29,Winter
Ahmedabad,2015-12-30,67.45058,118.127106,17.57473,28.56066,32.309124,23.483477,2.248598,14.531978,34.491432,3.2808404,8.700972,3.0701277,166.46358,Moderate,2015,12,30,Winter
Ahmedabad,2015-12-31,67.45058,118.127106,17.57473,28.56066,32.309124,23.483477,2.248598,14.531978,34.491432,3.2808404,8.700972,3.0701277,166.46358,Moderate,2015,12,31,Winter
Ahmedabad,2016-01-01,67.45058,118.127106,17.57473,28.56066,32.309124,23.483477,2.248598,14.531978,34.491432,3.2808404,8.700972,3.0701277,166.46358,Moderate,2016,1,1,Winter
Ahmedabad,2016-01-02,67.45058,118.127106,17.57473,28.56066,32.309124,23.483477,2.248598,14.531978,34.491432,3.2808404,8.700972,3.0701277,166.46358,Moderate,2016,1,2,Winter
Ahmedabad,2016-01-03,67.45058,118.127106,17.57473,28.56066,32.309124,23.483477,2.248598,14.531978,34.491432,3.2808404,8.700972,3.0701277,166.46358,Moderate,2016,1,3,Winter
Ahmedabad,2016-01-04,67.45058,118.127106,17.57473,28.56066,32.309124,23.483477,2.248598,14.531978,34.491432,3.2808404,8.700972,3.0701277,166.46358,Moderate,2016,1,4,Winter
Ahmedabad,2016-01-05,67.45058,118.127106,17.57473,28.56066,32.309124,23.483477,2.248598,14.531978,34.491432,3.2808404,8.700972,3.0701277,166.46358,Moderate,2016,1,5,Winter
Ahmedabad,2016-01-06,67.45058,118.127106,17.57473,28.56066,32.309124,23.483477,2.248598,14.531978,34.491432,3.2808404,8.700972,3.0701277,166.46358,Moderate,2016,1,6,Winter
Ahmedabad,2016-01-07,67.45058,118.127106,17.57473,28.56066,32.309124,23.483477,2.248598,14.531978,34.491432,3.2808404,8.700972,3.0701277,166.46358,Moderate,2016,1,7,Winter
Ahmedabad,2016-01-08,67.45058,118.127106,17.57473,28.56066,32.309124,23.483477,2.248598,14.531978,34.491432,3.2808404,8.700972,3.0701277,166.46358,Moderate,2016,1,8,Winter
Ahmedabad,2016-01-09,67.45058,118.127106,17.57473,28.56066,32.309124,23.483477,2.248598,14.531978,34.491432,3.2808404,8.700972,3.0701277,166.46358,Moderate,2016,1,9,Winter
Ahmedabad,2016-01-10,67.45058,118.127106,17.57473,28.56066,32.309124,23.483477,2.248598,14.531978,34.491432,3.2808404,8.700972,3.0701277,166.46358,Moderate,2016,1,10,Winter
Ahmedabad,2016-01-11,67.45058,118.127106,17.57473,28.56066,32.309124,23.483477,2.248598,14.531978,34.491432,3.2808404,8.700972,3.0701277,166.46358,Moderate,2016,1,11,Winter
Ahmedabad,2016-01-12,67.45058,118.127106,17.57473,28.56066,32.309124,23.483477,2.248598,14.531978,34.491432,3.2808404,8.700972,3.0701277,166.46358,Moderate,2016,1,12,Winter
Ahmedabad,2016-01-13,67.45058,118.127106,17.57473,28.56066,32.309124,23.483477,2.248598,14.531978,34.491432,3.2808404,8.700972,3.0701277,166.46358,Moderate,2016,1,13,Winter
Ahmedabad,2016-01-14,67.45058,118.127106,17.57473,28.56066,32.309124,23.483477,2.248598,14.531978,34.491432,3.2808404,8.700972,3.0701277,166.46358,Moderate,2016,1,14,Winter
Ahmedabad,2016-01-15,67.45058,118.127106,17.57473,28.56066,32.309124,23.483477,2.248598,14.531978,34.491432,3.2808404,8.700972,3.0701277,166.46358,Moderate,2016,1,15,Winter
Ahmedabad,2016-01-16,67.45058,118.127106,17.57473,28.56066,32.309124,23.483477,2.248598,14.531978,34.491432,3.2808404,8.700972,3.0701277,166.46358,Moderate,2016,1,16,Winter
Ahmedabad,2016-01-17,67.45058,118.127106,17.57473,28.56066,32.309124,23.483477,2.248598,14.531978,34.491432,3.2808404,8.700972,3.0701277,166.46358,Moderate,2016,1,17,Winter
Ahmedabad,2016-01-18,67.45058,118.127106,17.57473,28.56066,32.309124,23.483477,2.248598,14.531978,34.491432,3.2808404,8.700972,3.0701277,166.46358,Moderate,2016,1,18,Winter
Ahmedabad,2016-01-19,67.45058,118.127106,17.57473,28.56066,32.309124,23.483477,2.248598,14.531978,34.491432,3.2808404,8.700972,3.0701277,166.46358,Moderate,2016,1,19,Winter
Ahmedabad,2016-01-20,67.45058,118.127106,17.57473,28.56066,32.309124,23.483477,2.248598,14.531978,34.491432,3.2808404,8.700972,3.0701277,166.46358,Moderate,2016,1,20,Winter
Ahmedabad,2016-01-21,67.45058,118.127106,17.57473,28.56066,32.309124,23.483477,2.248598,14.531978,34.491432,3.2808404,8.700972,3.0701277,166.46358,Moderate,2016,1,21,Winter
Ahmedabad,2016-01-22,67.45058,118.127106,17.57473,28.56066,32.309124,23.483477,2.248598,14.531978,34.491432,3.2808404,8.700972,3.0701277,166.46358,Moderate,2016,1,22,Winter
Ahmedabad,2016-01-23,67.45058,118.127106,17.57473,28.56066,32.309124,23.483477,2.248598,14.531978,34.491432,3.2808404,8.700972,3.0701277,166.46358,Moderate,2016,1,23,Winter
Ahmedabad,2016-01-24,67.45058,118.127106,17.57473,28.56066,32.309124,23.483477,2.248598,14.531978,34.491432,3.2808404,8.700972,3.0701277,166.46358,Moderate,2016,1,24,Winter
Ahmedabad,2016-01-25,67.45058,118.127106,17.57473,28.56066,32.309124,23.483477,2.248598,14.531978,34.491432,3.2808404,8.700972,3.0701277,166.46358,Moderate,2016,1,25,Winter
Ahmedabad,2016-01-26,67.45058,118.127106,17.57473,28.56066,32.309124,23.483477,2.248598,14.531978,34.491432,3.2808404,8.700972,3.0701277,166.46358,Moderate,2016,1,26,Winter
Ahmedabad,2016-01-27,67.45058,118.127106,17.57473,28.56066,32.309124,23.483477,2.248598,14.531978,34.491432,3.2808404,8.700972,3.0701277,166.46358,Moderate,2016,1,27,Winter
Ahmedabad,2016-01-28,67.45058,118.127106,17.57473,28.56066,32.309124,23.483477,2.248598,14.531978,34.491432,3.2808404,8.700972,3.0701277,166.46358,Moderate,2016,1,28,Winter
Ahmedabad,2016-01-29,67.45058,118.127106,17.57473,28.56066,32.309124,23.483477,2.248598,14.531978,34.491432,3.2808404,8.700972,3.0701277,166.46358,Moderate,2016,1,29,Winter
Ahmedabad,2016-01-30,67.45058,118.127106,17.57473,28.56066,32.309124,23.483477,2.248598,14.531978,34.491432,3.2808404,8.700972,3.0701277,166.46358,Moderate,2016,1,30,Winter
Ahmedabad,2016-01-31,67.45058,118.127106,17.57473,28.56066,32.309124,23.483477,2.248598,14.531978,34.491432,3.2808404,8.700972,3.0701277,166.46358,Moderate,2016,1,31,Winter
Ahmedabad,2016-02-01,67.45058,118.127106,17.57473,28.56066,32.309124,23.483477,2.248598,14.531978,34.491432,3.2808404,8.700972,3.0701277,166.46358,Moderate,2016,2,1,Winter
Ahmedabad,2016-02-02,67.45058,118.127106,17.57473,28.56066,32.309124,23.483477,2.248598,14.531978,34.491432,3.2808404,8.700972,3.0701277,166.46358,Moderate,2016,2,2,Winter
Ahmedabad,2016-02-03,67.45058,118.127106,17.57473,28.56066,32.309124,23.483477,2.248598,14.531978,34.491432,3.2808404,8.700972,3.0701277,166.46358,Moderate,2016,2,3,Winter
Ahmedabad,2016-02-04,67.45058,118.127106,17.57473,28.56066,32.309124,23.483477,2.248598,14.531978,34.491432,3.2808404,8.700972,3.0701277,166.46358,Moderate,2016,2,4,Winter
Ahmedabad,2016-02-05,67.45058,118.127106,17.57473,28.56066,32.309124,23.483477,2.248598,14.531978,34.491432,3.2808404,8.700972,3.0701277,166.46358,Moderate,2016,2,5,Winter
Ahmedabad,2016-02-06,67.45058,118.127106,17.57473,28.56066,32.309124,23.483477,2.248598,14.531978,34.491432,3.2808404,8.700972,3.0701277,166.46358,Moderate,2016,2,6,Winter
Ahmedabad,2016-02-07,67.45058,118.127106,17.57473,28.56066,32.309124,23.483477,2.248598,14.531978,34.491432,3.2808404,8.700972,3.0701277,166.46358,Moderate,2016,2,7,Winter
Ahmedabad,2016-02-08,67.45058,118.127106,17.57473,28.56066,32.309124,23.483477,2.248598,14.531978,34.491432,3.2808404,8.700972,3.0701277,166.46358,Moderate,2016,2,8,Winter
Ahmedabad,2016-02-09,67.45058,118.127106,17.57473,28.56066,32.309124,23.483477,2.248598,14.531978,34.491432,3.2808404,8.700972,3.0701277,166.46358,Moderate,2016,2,9,Winter
Ahmedabad,2016-02-10,67.45058,118.127106,17.57473,28.56066,32.309124,23.483477,2.248598,14.531978,34.491432,3.2808404,8.700972,3.0701277,166.46358,Moderate,2016,2,10,Winter
Ahmedabad,2016-02-11,67.45058,118.127106,17.57473,28.56066,32.309124,23.483477,2.248598,14.531978,34.491432,3.2808404,8.700972,3.0701277,166.46358,Moderate,2016,2,11,Winter
Ahmedabad,2016-02-12,67.45058,118.127106,17.57473,28.56066,32.309124,23.483477,2.248598,14.531978,34.491432,3.2808404,8.700972,3.0701277,166.46358,Moderate,2016,2,12,Winter
Ahmedabad,2016-02-13,67.45058,118.127106,17.57473,28.56066,32.309124,23.483477,2.248598,14.531978,34.491432,3.2808404,8.700972,3.0701277,166.46358,Moderate,2016,2,13,Winter
Ahmedabad,2016-02-14,67.45058,118.127106,17.57473,28.56066,32.309124,23.483477,2.248598,14.531978,34.491432,3.2808404,8.700972,3.0701277,166.46358,Moderate,2016,2,14,Winter
Ahmedabad,2016-02-15,67.45058,118.127106,17.57473,28.56066,32.309124,23.483477,2.248598,14.531978,34.491432,3.2808404,8.700972,3.0701277,166.46358,Moderate,2016,2,15,Winter
Ahmedabad,2016-02-16,67.45058,118.127106,17.57473,28.56066,32.309124,23.483477,2.248598,14.531978,34.491432,3.2808404,8.700972,3.0701277,166.46358,Moderate,2016,2,16,Winter
Ahmedabad,2016-02-17,67.45058,118.127106,17.57473,28.56066,32.309124,23.483477,2.248598,14.531978,34.491432,3.2808404,8.700972,3.0701277,166.46358,Moderate,2016,2,17,Winter
Ahmedabad,2016-02-18,67.45058,118.127106,17.57473,28.56066,32.309124,23.483477,2.248598,14.531978,34.491432,3.2808404,8.700972,3.0701277,166.46358,Moderate,2016,2,18,Winter
Ahmedabad,2016-02-19,67.45058,118.127106,17.57473,28.56066,32.309124,23.483477,2.248598,14.531978,34.491432,3.2808404,8.700972,3.0701277,166.46358,Moderate,2016,2,19,Winter
Ahmedabad,2016-02-20,67.45058,118.127106,17.57473,28.56066,32.309124,23.483477,2.248598,14.531978,34.491432,3.2808404,8.700972,3.0701277,166.46358,Moderate,2016,2,20,Winter
Ahmedabad,2016-02-21,67.45058,118.127106,17.57473,28.56066,32.309124,23.483477,2.248598,14.531978,34.491432,3.2808404,8.700972,3.0701277,166.46358,Moderate,2016,2,21,Winter
Ahmedabad,2016-02-22,67.45058,118.127106,17.57473,28.56066,32.309124,23.483477,2.248598,14.531978,34.491432,3.2808404,8.700972,3.0701277,166.46358,Moderate,2016,2,22,Winter
Ahmedabad,2016-02-23,67.45058,118.127106,17.57473,28.56066,32.309124,23.483477,2.248598,14.531978,34.491432,3.2808404,8.700972,3.0701277,166.46358,Moderate,2016,2,23,Winter
Ahmedabad,2016-02-24,67.45058,118.127106,17.57473,28.56066,32.309124,23.483477,2.248598,14.531978,34.491432,3.2808404,8.700972,3.0701277,166.46358,Moderate,2016,2,24,Winter
Ahmedabad,2016-02-25,67.45058,118.127106,17.57473,28.56066,32.309124,23.483477,2.248598,14.531978,34.491432,3.2808404,8.700972,3.0701277,166.46358,Moderate,2016,2,25,Winter
Ahmedabad,2016-02-26,67.45058,118.127106,17.57473,28.56066,32.309124,23.483477,2.248598,14.531978,34.491432,3.2808404,8.700972,3.0701277,166.46358,Moderate,2016,2,26,Winter
Ahmedabad,2016-02-27,67.45058,118.127106,17.57473,28.56066,32.309124,23.483477,2.248598,14.531978,34.491432,3.2808404,8.700972,3.0701277,166.46358,Moderate,2016,2,27,Winter
Ahmedabad,2016-02-28,67.45058,118.127106,17.57473,28.56066,32.309124,23.483477,2.248598,14.531978,34.491432,3.2808404,8.700972,3.0701277,166.46358,Moderate,2016,2,28,Winter
Ahmedabad,2016-02-29,67.45058,118.127106,17.57473,28.56066,32.309124,23.483477,2.248598,14.531978,34.491432,3.2808404,8.700972,3.0701277,166.46358,Moderate,2016,2,29,Winter
Ahmedabad,2016-03-01,67.45058,118.127106,17.57473,28.56066,32.309124,23.483477,2.248598,14.531978,34.491432,3.2808404,8.700972,3.0701277,166.46358,Moderate,2016,3,1,Spring
Ahmedabad,2016-03-02,67.45058,118.127106,17.57473,28.56066,32.309124,23.483477,2.248598,14.531978,34.491432,3.2808404,8.700972,3.0701277,166.46358,Moderate,2016,3,2,Spring
Ahmedabad,2016-03-03,67.45058,118.127106,17.57473,28.56066,32.309124,23.483477,2.248598,14.531978,34.491432,3.2808404,8.700972,3.0701277,166.46358,Moderate,2016,3,3,Spring
Ahmedabad,2016-03-04,67.45058,118.127106,17.57473,28.56066,32.309124,23.483477,2.248598,14.531978,34.491432,3.2808404,8.700972,3.0701277,166.46358,Moderate,2016,3,4,Spring
Ahmedabad,2016-03-05,67.45058,118.127106,17.57473,28.56066,32.309124,23.483477,2.248598,14.531978,34.491432,3.2808404,8.700972,3.0701277,166.46358,Moderate,2016,3,5,Spring
Ahmedabad,2016-03-06,67.45058,118.127106,17.57473,28.56066,32.309124,23.483477,2.248598,14.531978,34.491432,3.2808404,8.700972,3.0701277,166.46358,Moderate,2016,3,6,Spring
Ahmedabad,2016-03-07,67.45058,118.127106,17.57473,28.56066,32.309124,23.483477,2.248598,14.531978,34.491432,3.2808404,8.700972,3.0701277,166.46358,Moderate,2016,3,7,Spring
Ahmedabad,2016-03-08,67.45058,118.127106,17.57473,28.56066,32.309124,23.483477,2.248598,14.531978,34.491432,3.2808404,8.700972,3.0701277,166.46358,Moderate,2016,3,8,Spring
Ahmedabad,2016-03-09,67.45058,118.127106,17.57473,28.56066,32.309124,23.483477,2.248598,14.531978,34.491432,3.2808404,8.700972,3.0701277,166.46358,Moderate,2016,3,9,Spring
Ahmedabad,2016-03-10,67.45058,118.127106,17.57473,28.56066,32.309124,23.483477,2.248598,14.531978,34.491432,3.2808404,8.700972,3.0701277,166.46358,Moderate,2016,3,10,Spring
Ahmedabad,2016-03-11,67.45058,118.127106,17.57473,28.56066,32.309124,23.483477,2.248598,14.531978,34.491432,3.2808404,8.700972,3.0701277,166.46358,Moderate,2016,3,11,Spring
Ahmedabad,2016-03-12,67.45058,118.127106,17.57473,28.56066,32.309124,23.483477,2.248598,14.531978,34.491432,3.2808404,8.700972,3.0701277,166.46358,Moderate,2016,3,12,Spring
Ahmedabad,2016-03-13,67.45058,118.127106,17.57473,28.56066,32.309124,23.483477,2.248598,14.531978,34.491432,3.2808404,8.700972,3.0701277,166.46358,Moderate,2016,3,13,Spring
Ahmedabad,2016-03-14,67.45058,118.127106,17.57473,28.56066,32.309124,23.483477,2.248598,14.531978,34.491432,3.2808404,8.700972,3.0701277,166.46358,Moderate,2016,3,14,Spring
Ahmedabad,2016-03-15,67.45058,118.127106,17.57473,28.56066,32.309124,23.483477,2.248598,14.531978,34.491432,3.2808404,8.700972,3.0701277,166.46358,Moderate,2016,3,15,Spring
Ahmedabad,2016-03-16,67.45058,118.127106,17.57473,28.56066,32.309124,23.483477,2.248598,14.531978,34.491432,3.2808404,8.700972,3.0701277,166.46358,Moderate,2016,3,16,Spring
Ahmedabad,2016-03-17,67.45058,118.127106,17.57473,28.56066,32.309124,23.483477,2.248598,14.531978,34.491432,3.2808404,8.700972,3.0701277,166.46358,Moderate,2016,3,17,Spring
Ahmedabad,2016-03-18,67.45058,118.127106,17.57473,28.56066,32.309124,23.483477,2.248598,14.531978,34.491432,3.2808404,8.700972,3.0701277,166.46358,Moderate,2016,3,18,Spring
Ahmedabad,2016-03-19,67.45058,118.127106,17.57473,28.56066,32.309124,23.483477,2.248598,14.531978,34.491432,3.2808404,8.700972,3.0701277,166.46358,Moderate,2016,3,19,Spring
Ahmedabad,2016-03-20,67.45058,118.127106,17.57473,28.56066,32.309124,23.483477,2.248598,14.531978,34.491432,3.2808404,8.700972,3.0701277,166.46358,Moderate,2016,3,20,Spring
Ahmedabad,2016-03-21,67.45058,118.127106,17.57473,28.56066,32.309124,23.483477,2.248598,14.531978,34.491432,3.2808404,8.700972,3.0701277,166.46358,Moderate,2016,3,21,Spring
Ahmedabad,2016-03-22,67.45058,118.127106,17.57473,28.56066,32.309124,23.483477,2.248598,14.531978,34.491432,3.2808404,8.700972,3.0701277,166.46358,Moderate,2016,3,22,Spring
Ahmedabad,2016-03-23,67.45058,118.127106,17.57473,28.56066,32.309124,23.483477,2.248598,14.531978,34.491432,3.2808404,8.700972,3.0701277,166.46358,Moderate,2016,3,23,Spring
Ahmedabad,2016-03-24,67.45058,118.127106,17.57473,28.56066,32.309124,23.483477,2.248598,14.531978,34.491432,3.2808404,8.700972,3.0701277,166.46358,Moderate,2016,3,24,Spring
Ahmedabad,2016-03-25,67.45058,118.127106,17.57473,28.56066,32.309124,23.483477,2.248598,14.531978,34.491432,3.2808404,8.700972,3.0701277,166.46358,Moderate,2016,3,25,Spring
Ahmedabad,2016-03-26,67.45058,118.127106,17.57473,28.56066,32.309124,23.483477,2.248598,14.531978,34.491432,3.2808404,8.700972,3.0701277,166.46358,Moderate,2016,3,26,Spring
Ahmedabad,2016-03-27,67.45058,118.127106,17.57473,28.56066,32.309124,23.483477,2.248598,14.531978,34.491432,3.2808404,8.700972,3.0701277,166.46358,Moderate,2016,3,27,Spring
Ahmedabad,2016-03-28,67.45058,118.127106,17.57473,28.56066,32.309124,23.483477,2.248598,14.531978,34.491432,3.2808404,8.700972,3.0701277,166.46358,Moderate,2016,3,28,Spring
Ahmedabad,2016-03-29,67.45058,118.127106,17.57473,28.56066,32.309124,23.483477,2.248598,14.531978,34.491432,3.2808404,8.700972,3.0701277,166.46358,Moderate,2016,3,29,Spring
Ahmedabad,2016-03-30,67.45058,118.127106,17.57473,28.56066,32.309124,23.483477,2.248598,14.531978,34.491432,3.2808404,8.700972,3.0701277,166.46358,Moderate,2016,3,30,Spring
Ahmedabad,2016-03-31,67.45058,118.127106,17.57473,28.56066,32.309124,23.483477,2.248598,14.531978,34.491432,3.2808404,8.700972,3.0701277,166.46358,Moderate,2016,3,31,Spring
Ahmedabad,2016-04-01,67.45058,118.127106,17.57473,28.56066,32.309124,23.483477,2.248598,14.531978,34.491432,3.2808404,8.700972,3.0701277,166.46358,Moderate,2016,4,1,Spring
Ahmedabad,2016-04-02,67.45058,118.127106,17.57473,28.56066,32.309124,23.483477,2.248598,14.531978,34.491432,3.2808404,8.700972,3.0701277,166.46358,Moderate,2016,4,2,Spring
Ahmedabad,2016-04-03,67.45058,118.127106,17.57473,28.56066,32.309124,23.483477,2.248598,14.531978,34.491432,3.2808404,8.700972,3.0701277,166.46358,Moderate,2016,4,3,Spring
Ahmedabad,2016-04-04,67.45058,118.127106,17.57473,28.56066,32.309124,23.483477,2.248598,14.531978,34.491432,3.2808404,8.700972,3.0701277,166.46358,Moderate,2016,4,4,Spring
Ahmedabad,2016-04-05,67.45058,118.127106,17.57473,28.56066,32.309124,23.483477,2.248598,14.531978,34.491432,3.2808404,8.700972,3.0701277,166.46358,Moderate,2016,4,5,Spring
Ahmedabad,2016-04-06,67.45058,118.127106,17.57473,28.56066,32.309124,23.483477,2.248598,14.531978,34.491432,3.2808404,8.700972,3.0701277,166.46358,Moderate,2016,4,6,Spring
Ahmedabad,2016-04-07,67.45058,118.127106,17.57473,28.56066,32.309124,23.483477,2.248598,14.531978,34.491432,3.2808404,8.700972,3.0701277,166.46358,Moderate,2016,4,7,Spring
Ahmedabad,2016-04-08,67.45058,118.127106,17.57473,28.56066,32.309124,23.483477,2.248598,14.531978,34.491432,3.2808404,8.700972,3.0701277,166.46358,Moderate,2016,4,8,Spring
Ahmedabad,2016-04-09,67.45058,118.127106,17.57473,28.56066,32.309124,23.483477,2.248598,14.531978,34.491432,3.2808404,8.700972,3.0701277,166.46358,Moderate,2016,4,9,Spring
Ahmedabad,2016-04-10,67.45058,118.127106,17.57473,28.56066,32.309124,23.483477,2.248598,14.531978,34.491432,3.2808404,8.700972,3.0701277,166.46358,Moderate,2016,4,10,Spring
Ahmedabad,2016-04-11,67.45058,118.127106,17.57473,28.56066,32.309124,23.483477,2.248598,14.531978,34.491432,3.2808404,8.700972,3.0701277,166.46358,Moderate,2016,4,11,Spring
Ahmedabad,2016-04-12,67.45058,118.127106,17.57473,28.56066,32.309124,23.483477,2.248598,14.531978,34.491432,3.2808404,8.700972,3.0701277,166.46358,Moderate,2016,4,12,Spring
Ahmedabad,2016-04-13,67.45058,118.127106,17.57473,28.56066,32.309124,23.483477,2.248598,14.531978,34.491432,3.2808404,8.700972,3.0701277,166.46358,Moderate,2016,4,13,Spring
Ahmedabad,2016-04-14,67.45058,118.127106,17.57473,28.56066,32.309124,23.483477,2.248598,14.531978,34.491432,3.2808404,8.700972,3.0701277,166.46358,Moderate,2016,4,14,Spring
Ahmedabad,2016-04-15,67.45058,118.127106,17.57473,28.56066,32.309124,23.483477,2.248598,14.531978,34.491432,3.2808404,8.700972,3.0701277,166.46358,Moderate,2016,4,15,Spring
Ahmedabad,2016-04-16,67.45058,118.127106,17.57473,28.56066,32.309124,23.483477,2.248598,14.531978,34.491432,3.2808404,8.700972,3.0701277,166.46358,Moderate,2016,4,16,Spring
Ahmedabad,2016-04-17,67.45058,118.127106,17.57473,28.56066,32.309124,23.483477,2.248598,14.531978,34.491432,3.2808404,8.700972,3.0701277,166.46358,Moderate,2016,4,17,Spring
Ahmedabad,2016-04-18,67.45058,118.127106,17.57473,28.56066,32.309124,23.483477,2.248598,14.531978,34.491432,3.2808404,8.700972,3.0701277,166.46358,Moderate,2016,4,18,Spring
Ahmedabad,2016-04-19,67.45058,118.127106,17.57473,28.56066,32.309124,23.483477,2.248598,14.531978,34.491432,3.2808404,8.700972,3.0701277,166.46358,Moderate,2016,4,19,Spring
Ahmedabad,2016-04-20,67.45058,118.127106,17.57473,28.56066,32.309124,23.483477,2.248598,14.531978,34.491432,3.2808404,8.700972,3.0701277,166.46358,Moderate,2016,4,20,Spring
Ahmedabad,2016-04-21,67.45058,118.127106,17.57473,28.56066,32.309124,23.483477,2.248598,14.531978,34.491432,3.2808404,8.700972,3.0701277,166.46358,Moderate,2016,4,21,Spring
Ahmedabad,2016-04-22,67.45058,118.127106,17.57473,28.56066,32.309124,23.483477,2.248598,14.531978,34.491432,3.2808404,8.700972,3.0701277,166.46358,Moderate,2016,4,22,Spring
Ahmedabad,2016-04-23,67.45058,118.127106,17.57473,28.56066,32.309124,23.483477,2.248598,14.531978,34.491432,3.2808404,8.700972,3.0701277,166.46358,Moderate,2016,4,23,Spring
Ahmedabad,2016-04-24,67.45058,118.127106,17.57473,28.56066,32.309124,23.483477,2.248598,14.531978,34.491432,3.2808404,8.700972,3.0701277,166.46358,Moderate,2016,4,24,Spring
Ahmedabad,2016-04-25,67.45058,118.127106,17.57473,28.56066,32.309124,23.483477,2.248598,14.531978,34.491432,3.2808404,8.700972,3.0701277,166.46358,Moderate,2016,4,25,Spring
Ahmedabad,2016-04-26,67.45058,118.127106,17.57473,28.56066,32.309124,23.483477,2.248598,14.531978,34.491432,3.2808404,8.700972,3.0701277,166.46358,Moderate,2016,4,26,Spring
Ahmedabad,2016-04-27,67.45058,118.127106,17.57473,28.56066,32.309124,23.483477,2.248598,14.531978,34.491432,3.2808404,8.700972,3.0701277,166.46358,Moderate,2016,4,27,Spring
Ahmedabad,2016-04-28,67.45058,118.127106,17.57473,28.56066,32.309124,23.483477,2.248598,14.531978,34.491432,3.2808404,8.700972,3.0701277,166.46358,Moderate,2016,4,28,Spring
Ahmedabad,2016-04-29,67.45058,118.127106,17.57473,28.56066,32.309124,23.483477,2.248598,14.531978,34.491432,3.2808404,8.700972,3.0701277,166.46358,Moderate,2016,4,29,Spring
Ahmedabad,2016-04-30,67.45058,118.127106,17.57473,28.56066,32.309124,23.483477,2.248598,14.531978,34.491432,3.2808404,8.700972,3.0701277,166.46358,Moderate,2016,4,30,Spring
Ahmedabad,2016-05-01,67.45058,118.127106,17.57473,28.56066,32.309124,23.483477,2.248598,14.531978,34.491432,3.2808404,8.700972,3.0701277,166.46358,Moderate,2016,5,1,Spring
Ahmedabad,2016-05-02,67.45058,118.127106,17.57473,28.56066,32.309124,23.483477,2.248598,14.531978,34.491432,3.2808404,8.700972,3.0701277,166.46358,Moderate,2016,5,2,Spring
Ahmedabad,2016-05-03,67.45058,118.127106,17.57473,28.56066,32.309124,23.483477,2.248598,14.531978,34.491432,3.2808404,8.700972,3.0701277,166.46358,Moderate,2016,5,3,Spring
Ahmedabad,2016-05-04,67.45058,118.127106,17.57473,28.56066,32.309124,23.483477,2.248598,14.531978,34.491432,3.2808404,8.700972,3.0701277,166.46358,Moderate,2016,5,4,Spring
Ahmedabad,2016-05-05,67.45058,118.127106,17.57473,28.56066,32.309124,23.483477,2.248598,14.531978,34.491432,3.2808404,8.700972,3.0701277,166.46358,Moderate,2016,5,5,Spring
Ahmedabad,2016-05-06,67.45058,118.127106,17.57473,28.56066,32.309124,23.483477,2.248598,14.531978,34.491432,3.2808404,8.700972,3.0701277,166.46358,Moderate,2016,5,6,Spring
Ahmedabad,2016-05-07,67.45058,118.127106,17.57473,28.56066,32.309124,23.483477,2.248598,14.531978,34.491432,3.2808404,8.700972,3.0701277,166.46358,Moderate,2016,5,7,Spring
Ahmedabad,2016-05-08,67.45058,118.127106,17.57473,28.56066,32.309124,23.483477,2.248598,14.531978,34.491432,3.2808404,8.700972,3.0701277,166.46358,Moderate,2016,5,8,Spring
Ahmedabad,2016-05-09,67.45058,118.127106,17.57473,28.56066,32.309124,23.483477,2.248598,14.531978,34.491432,3.2808404,8.700972,3.0701277,166.46358,Moderate,2016,5,9,Spring
Ahmedabad,2016-05-10,67.45058,118.127106,17.57473,28.56066,32.309124,23.483477,2.248598,14.531978,34.491432,3.2808404,8.700972,3.0701277,166.46358,Moderate,2016,5,10,Spring
Ahmedabad,2016-05-11,67.45058,118.127106,17.57473,28.56066,32.309124,23.483477,2.248598,14.531978,34.491432,3.2808404,8.700972,3.0701277,166.46358,Moderate,2016,5,11,Spring
Ahmedabad,2016-05-12,67.45058,118.127106,17.57473,28.56066,32.309124,23.483477,2.248598,14.531978,34.491432,3.2808404,8.700972,3.0701277,166.46358,Moderate,2016,5,12,Spring
Ahmedabad,2016-05-13,67.45058,118.127106,17.57473,28.56066,32.309124,23.483477,2.248598,14.531978,34.491432,3.2808404,8.700972,3.0701277,166.46358,Moderate,2016,5,13,Spring
Ahmedabad,2016-05-14,67.45058,118.127106,17.57473,28.56066,32.309124,23.483477,2.248598,14.531978,34.491432,3.2808404,8.700972,3.0701277,166.46358,Moderate,2016,5,14,Spring
Ahmedabad,2016-05-15,67.45058,118.127106,17.57473,28.56066,32.309124,23.483477,2.248598,14.531978,34.491432,3.2808404,8.700972,3.0701277,166.46358,Moderate,2016,5,15,Spring
Ahmedabad,2016-05-16,67.45058,118.127106,17.57473,28.56066,32.309124,23.483477,2.248598,14.531978,34.491432,3.2808404,8.700972,3.0701277,166.46358,Moderate,2016,5,16,Spring
Ahmedabad,2016-05-17,67.45058,118.127106,17.57473,28.56066,32.309124,23.483477,2.248598,14.531978,34.491432,3.2808404,8.700972,3.0701277,166.46358,Moderate,2016,5,17,Spring
Ahmedabad,2016-05-18,67.45058,118.127106,17.57473,28.56066,32.309124,23.483477,2.248598,14.531978,34.491432,3.2808404,8.700972,3.0701277,166.46358,Moderate,2016,5,18,Spring
Ahmedabad,2016-05-19,67.45058,118.127106,17.57473,28.56066,32.309124,23.483477,2.248598,14.531978,34.491432,3.2808404,8.700972,3.0701277,166.46358,Moderate,2016,5,19,Spring
Ahmedabad,2016-05-20,67.45058,118.127106,17.57473,28.56066,32.309124,23.483477,2.248598,14.531978,34.491432,3.2808404,8.700972,3.0701277,166.46358,Moderate,2016,5,20,Spring
Ahmedabad,2016-05-21,67.45058,118.127106,17.57473,28.56066,32.309124,23.483477,2.248598,14.531978,34.491432,3.2808404,8.700972,3.0701277,166.46358,Moderate,2016,5,21,Spring
Ahmedabad,2016-05-22,67.45058,118.127106,17.57473,28.56066,32.309124,23.483477,2.248598,14.531978,34.491432,3.2808404,8.700972,3.0701277,166.46358,Moderate,2016,5,22,Spring
Ahmedabad,2016-05-23,67.45058,118.127106,17.57473,28.56066,32.309124,23.483477,2.248598,14.531978,34.491432,3.2808404,8.700972,3.0701277,166.46358,Moderate,2016,5,23,Spring
Ahmedabad,2016-05-24,67.45058,118.127106,17.57473,28.56066,32.309124,23.483477,2.248598,14.531978,34.491432,3.2808404,8.700972,3.0701277,166.46358,Moderate,2016,5,24,Spring
Ahmedabad,2016-05-25,67.45058,118.127106,17.57473,28.56066,32.309124,23.483477,2.248598,14.531978,34.491432,3.2808404,8.700972,3.0701277,166.46358,Moderate,2016,5,25,Spring
Ahmedabad,2016-05-26,67.45058,118.127106,17.57473,28.56066,32.309124,23.483477,2.248598,14.531978,34.491432,3.2808404,8.700972,3.0701277,166.46358,Moderate,2016,5,26,Spring
Ahmedabad,2016-05-27,67.45058,118.127106,17.57473,28.56066,32.309124,23.483477,2.248598,14.531978,34.491432,3.2808404,8.700972,3.0701277,166.46358,Moderate,2016,5,27,Spring
Ahmedabad,2016-05-28,67.45058,118.127106,17.57473,28.56066,32.309124,23.483477,2.248598,14.531978,34.491432,3.2808404,8.700972,3.0701277,166.46358,Moderate,2016,5,28,Spring
Ahmedabad,2016-05-29,67.45058,118.127106,17.57473,28.56066,32.309124,23.483477,2.248598,14.531978,34.491432,3.2808404,8.700972,3.0701277,166.46358,Moderate,2016,5,29,Spring
Ahmedabad,2016-05-30,67.45058,118.127106,17.57473,28.56066,32.309124,23.483477,2.248598,14.531978,34.491432,3.2808404,8.700972,3.0701277,166.46358,Moderate,2016,5,30,Spring
Ahmedabad,2016-05-31,67.45058,118.127106,17.57473,28.56066,32.309124,23.483477,2.248598,14.531978,34.491432,3.2808404,8.700972,3.0701277,166.46358,Moderate,2016,5,31,Spring
Ahmedabad,2016-06-01,67.45058,118.127106,17.57473,28.56066,32.309124,23.483477,2.248598,14.531978,34.491432,3.2808404,8.700972,3.0701277,166.46358,Moderate,2016,6,1,Summer
Ahmedabad,2016-06-02,67.45058,118.127106,17.57473,28.56066,32.309124,23.483477,2.248598,14.531978,34.491432,3.2808404,8.700972,3.0701277,166.46358,Moderate,2016,6,2,Summer
Ahmedabad,2016-06-03,67.45058,118.127106,17.57473,28.56066,32.309124,23.483477,2.248598,14.531978,34.491432,3.2808404,8.700972,3.0701277,166.46358,Moderate,2016,6,3,Summer
Ahmedabad,2016-06-04,67.45058,118.127106,17.57473,28.56066,32.309124,23.483477,2.248598,14.531978,34.491432,3.2808404,8.700972,3.0701277,166.46358,Moderate,2016,6,4,Summer
Ahmedabad,2016-06-05,67.45058,118.127106,17.57473,28.56066,32.309124,23.483477,2.248598,14.531978,34.491432,3.2808404,8.700972,3.0701277,166.46358,Moderate,2016,6,5,Summer
Ahmedabad,2016-06-06,67.45058,118.127106,17.57473,28.56066,32.309124,23.483477,2.248598,14.531978,34.491432,3.2808404,8.700972,3.0701277,166.46358,Moderate,2016,6,6,Summer
Ahmedabad,2016-06-07,67.45058,118.127106,17.57473,28.56066,32.309124,23.483477,2.248598,14.531978,34.491432,3.2808404,8.700972,3.0701277,166.46358,Moderate,2016,6,7,Summer
Ahmedabad,2016-06-08,67.45058,118.127106,17.57473,28.56066,32.309124,23.483477,2.248598,14.531978,34.491432,3.2808404,8.700972,3.0701277,166.46358,Moderate,2016,6,8,Summer
Ahmedabad,2016-06-09,67.45058,118.127106,17.57473,28.56066,32.309124,23.483477,2.248598,14.531978,34.491432,3.2808404,8.700972,3.0701277,166.46358,Moderate,2016,6,9,Summer
Ahmedabad,2016-06-10,67.45058,118.127106,17.57473,28.56066,32.309124,23.483477,2.248598,14.531978,34.491432,3.2808404,8.700972,3.0701277,166.46358,Moderate,2016,6,10,Summer
Ahmedabad,2016-06-11,67.45058,118.127106,17.57473,28.56066,32.309124,23.483477,2.248598,14.531978,34.491432,3.2808404,8.700972,3.0701277,166.46358,Moderate,2016,6,11,Summer
Ahmedabad,2016-06-12,67.45058,118.127106,17.57473,28.56066,32.309124,23.483477,2.248598,14.531978,34.491432,3.2808404,8.700972,3.0701277,166.46358,Moderate,2016,6,12,Summer
Ahmedabad,2016-06-13,67.45058,118.127106,17.57473,28.56066,32.309124,23.483477,2.248598,14.531978,34.491432,3.2808404,8.700972,3.0701277,166.46358,Moderate,2016,6,13,Summer
Ahmedabad,2016-06-14,67.45058,118.127106,17.57473,28.56066,32.309124,23.483477,2.248598,14.531978,34.491432,3.2808404,8.700972,3.0701277,166.46358,Moderate,2016,6,14,Summer
Ahmedabad,2016-06-15,67.45058,118.127106,17.57473,28.56066,32.309124,23.483477,2.248598,14.531978,34.491432,3.2808404,8.700972,3.0701277,166.46358,Moderate,2016,6,15,Summer
Ahmedabad,2016-06-16,67.45058,118.127106,17.57473,28.56066,32.309124,23.483477,2.248598,14.531978,34.491432,3.2808404,8.700972,3.0701277,166.46358,Moderate,2016,6,16,Summer
Ahmedabad,2016-06-17,67.45058,118.127106,17.57473,28.56066,32.309124,23.483477,2.248598,14.531978,34.491432,3.2808404,8.700972,3.0701277,166.46358,Moderate,2016,6,17,Summer
Ahmedabad,2016-06-18,67.45058,118.127106,17.57473,28.56066,32.309124,23.483477,2.248598,14.531978,34.491432,3.2808404,8.700972,3.0701277,166.46358,Moderate,2016,6,18,Summer
Ahmedabad,2016-06-19,67.45058,118.127106,17.57473,28.56066,32.309124,23.483477,2.248598,14.531978,34.491432,3.2808404,8.700972,3.0701277,166.46358,Moderate,2016,6,19,Summer
Ahmedabad,2016-06-20,67.45058,118.127106,17.57473,28.56066,32.309124,23.483477,2.248598,14.531978,34.491432,3.2808404,8.700972,3.0701277,166.46358,Moderate,2016,6,20,Summer
Ahmedabad,2016-06-21,67.45058,118.127106,17.57473,28.56066,32.309124,23.483477,2.248598,14.531978,34.491432,3.2808404,8.700972,3.0701277,166.46358,Moderate,2016,6,21,Summer
Ahmedabad,2016-06-22,67.45058,118.127106,17.57473,28.56066,32.309124,23.483477,2.248598,14.531978,34.491432,3.2808404,8.700972,3.0701277,166.46358,Moderate,2016,6,22,Summer
Ahmedabad,2016-06-23,67.45058,118.127106,17.57473,28.56066,32.309124,23.483477,2.248598,14.531978,34.491432,3.2808404,8.700972,3.0701277,166.46358,Moderate,2016,6,23,Summer
Ahmedabad,2016-06-24,67.45058,118.127106,17.57473,28.56066,32.309124,23.483477,2.248598,14.531978,34.491432,3.2808404,8.700972,3.0701277,166.46358,Moderate,2016,6,24,Summer
Ahmedabad,2016-06-25,67.45058,118.127106,17.57473,28.56066,32.309124,23.483477,2.248598,14.531978,34.491432,3.2808404,8.700972,3.0701277,166.46358,Moderate,2016,6,25,Summer
Ahmedabad,2016-06-26,67.45058,118.127106,17.57473,28.56066,32.309124,23.483477,2.248598,14.531978,34.491432,3.2808404,8.700972,3.0701277,166.46358,Moderate,2016,6,26,Summer
Ahmedabad,2016-06-27,33.02,118.127106,11.69,28.91,40.6,23.483477,11.69,1.38,36.04,0.0,0.0,0.0,166.46358,Moderate,2016,6,27,Summer
Ahmedabad,2016-06-28,27.29,118.127106,9.81,28.12,37.93,23.483477,9.81,1.61,39.26,0.0,0.0,0.0,272.0,Poor,2016,6,28,Summer
Ahmedabad,2016-06-29,41.43,118.127106,10.45,31.82,42.09,23.483477,10.45,1.7,28.05,0.0,0.0,0.0,253.0,Poor,2016,6,29,Summer
Ahmedabad,2016-06-30,30.16,118.127106,10.41,15.99,26.4,23.483477,10.41,1.6,23.76,0.0,0.0,0.0,256.0,Poor,2016,6,30,Summer
Ahmedabad,2016-07-01,29.42,118.127106,9.39,10.11,19.5,23.483477,9.39,1.57,16.42,0.0,0.0,0.0,257.0,Poor,2016,7,1,Summer
Ahmedabad,2016-07-02,20.87,118.127106,9.04,7.49,16.54,23.483477,9.04,1.6,14.27,0.0,0.0,0.0,213.0,Poor,2016,7,2,Summer
Ahmedabad,2016-07-03,35.08,118.127106,8.36,6.52,14.88,23.483477,8.36,1.63,19.44,0.0,0.0,0.0,218.0,Poor,2016,7,3,Summer
Ahmedabad,2016-07-04,40.23,118.127106,8.68,2.79,11.47,23.483477,8.68,1.69,15.16,0.0,0.0,0.0,214.0,Poor,2016,7,4,Summer
Ahmedabad,2016-07-05,54.25,118.127106,8.11,2.78,10.89,23.483477,8.11,1.42,18.46,0.0,0.0,0.0,207.0,Poor,2016,7,5,Summer
Ahmedabad,2016-07-06,49.04,118.127106,7.38,1.65,9.03,23.483477,7.38,1.44,15.33,0.0,0.0,0.0,169.0,Moderate,2016,7,6,Summer
Ahmedabad,2016-07-07,35.87,118.127106,7.5,1.67,9.13,23.483477,7.5,1.53,17.0,0.0,0.0,0.0,166.46358,Moderate,2016,7,7,Summer
Ahmedabad,2016-07-08,46.3,118.127106,7.3,1.8,9.1,23.483477,7.3,1.8,24.0,0.0,0.0,0.0,166.46358,Moderate,2016,7,8,Summer
Ahmedabad,2016-07-09,39.15,118.127106,7.05,1.9,8.95,23.483477,7.05,1.4,15.0,0.0,0.0,0.0,166.46358,Moderate,2016,7,9,Summer
Ahmedabad,2016-07-10,45.3,118.127106,6.7,2.5,9.3,23.483477,6.7,0.9,27.0,0.0,0.0,0.0,166.46358,Moderate,2016,7,10,Summer
Ahmedabad,2016-07-11,43.61,118.127106,7.7,3.93,11.62,23.483477,7.7,1.32,21.64,0.0,0.0,0.0,166.46358,Moderate,2016,7,11,Summer
Ahmedabad,2016-07-12,67.45058,118.127106,17.57473,28.56066,32.309124,23.483477,2.248598,14.531978,34.491432,3.2808404,8.700972,3.0701277,166.46358,Moderate,2016,7,12,Summer
Ahmedabad,2016-07-13,34.89,118.127106,24.46,11.73,27.15,23.483477,24.46,14.6,82.14,0.0,0.0,0.0,166.46358,Moderate,2016,7,13,Summer
Ahmedabad,2016-07-15,36.47,118.127106,0.98,37.13,22.38,23.483477,0.98,19.01,34.491432,0.0,0.0,0.0,72.0,Satisfactory,2016,7,15,Summer
Ahmedabad,2016-07-16,40.9,118.127106,4.09,36.77,24.99,23.483477,4.09,17.01,34.491432,0.0,0.0,0.0,91.0,Satisfactory,2016,7,16,Summer
Ahmedabad,2016-07-17,34.19,118.127106,6.02,34.38,20.93,23.483477,6.02,14.17,34.491432,0.0,0.0,0.0,124.0,Moderate,2016,7,17,Summer
Ahmedabad,2016-07-18,32.92,118.127106,4.92,36.8,25.92,23.483477,4.92,14.66,34.491432,0.0,0.0,0.0,145.0,Moderate,2016,7,18,Summer
Ahmedabad,2016-07-21,33.48,118.127106,1.94,30.88,27.87,23.483477,1.94,14.26,34.491432,0.0,0.0,0.0,114.0,Moderate,2016,7,21,Summer
Ahmedabad,2016-07-22,30.8,118.127106,2.57,25.15,24.2,23.483477,2.57,17.02,34.491432,0.0,0.0,0.0,148.0,Moderate,2016,7,22,Summer
Ahmedabad,2016-07-23,30.47,118.127106,1.64,38.78,36.5,23.483477,1.64,15.8,34.491432,0.0,0.01,0.0,99.0,Satisfactory,2016,7,23,Summer
Ahmedabad,2016-07-24,34.64,118.127106,6.67,39.23,38.7,23.483477,6.67,15.07,34.491432,0.0,0.0,0.0,117.0,Moderate,2016,7,24,Summer
Ahmedabad,2016-07-25,43.71,118.127106,8.85,39.95,40.31,23.483477,8.85,15.37,34.491432,0.0,0.0,0.0,275.0,Poor,2016,7,25,Summer
Ahmedabad,2016-07-26,46.52,118.127106,3.87,33.24,33.53,23.483477,3.87,15.0,6.9,0.0,0.0,0.0,183.0,Moderate,2016,7,26,Summer
Ahmedabad,2016-08-05,33.93,118.127106,5.06,13.41,16.13,23.483477,5.06,19.54,6.16,3.24,0.04,0.0,234.0,Poor,2016,8,5,Summer
Ahmedabad,2016-08-06,67.45058,118.127106,17.57473,28.56066,32.309124,23.483477,2.248598,14.531978,34.491432,3.2808404,8.700972,3.0701277,166.46358,Moderate,2016,8,6,Summer
Ahmedabad,2016-08-07,43.9,118.127106,2.77,28.09,22.68,23.483477,2.77,15.37,0.61,0.56,0.11,0.07,166.46358,Moderate,2016,8,7,Summer
Ahmedabad,2016-08-09,38.06,118.127106,6.96,22.63,29.58,23.483477,6.96,14.75,3.47,2.67,6.25,1.44,257.0,Poor,2016,8,9,Summer
Ahmedabad,2016-08-10,20.19,118.127106,10.41,18.13,28.54,23.483477,10.41,15.01,4.9,8.43,13.81,2.64,300.0,Poor,2016,8,10,Summer
Ahmedabad,2016-08-13,60.18,118.127106,8.64,13.25,21.89,23.483477,8.64,15.3,13.19,3.04,10.46,2.29,296.0,Poor,2016,8,13,Summer
Ahmedabad,2016-08-14,85.1,118.127106,8.14,12.91,21.04,23.483477,8.14,14.51,12.45,2.64,9.08,1.5,240.0,Poor,2016,8,14,Summer
Ahmedabad,2016-08-15,55.55,118.127106,8.38,13.45,21.83,23.483477,8.38,16.6,11.84,3.91,8.47,1.27,220.0,Poor,2016,8,15,Summer
Ahmedabad,2016-08-18,37.68,118.127106,6.39,9.49,15.88,23.483477,6.39,16.15,13.7,2.5,6.9,0.92,216.0,Poor,2016,8,18,Summer
Ahmedabad,2016-08-19,32.78,118.127106,6.08,12.1,20.94,23.483477,6.08,12.29,13.13,2.6,10.38,2.52,174.0,Moderate,2016,8,19,Summer
Ahmedabad,2016-08-20,53.5,118.127106,12.0,14.19,26.57,23.483477,12.0,16.32,5.48,7.94,13.77,2.91,252.0,Poor,2016,8,20,Summer
Ahmedabad,2016-08-21,48.24,118.127106,10.91,15.52,26.43,23.483477,10.91,16.16,5.98,6.48,11.94,2.44,283.0,Poor,2016,8,21,Summer
Ahmedabad,2016-08-22,63.27,118.127106,8.82,13.23,25.6,23.483477,8.82,24.81,8.68,4.04,11.75,1.63,282.0,Poor,2016,8,22,Summer
Ahmedabad,2016-08-23,40.43,118.127106,7.42,10.29,23.27,23.483477,7.42,12.24,5.0,2.99,8.49,1.36,189.0,Moderate,2016,8,23,Summer
Ahmedabad,2016-08-24,31.15,118.127106,8.91,9.94,18.86,23.483477,8.91,21.48,12.97,3.07,7.01,1.11,204.0,Poor,2016,8,24,Summer
Ahmedabad,2016-08-25,33.76,118.127106,9.15,12.22,21.37,23.483477,9.15,17.68,8.36,2.68,8.58,1.24,207.0,Poor,2016,8,25,Summer
Ahmedabad,2016-08-26,35.95,118.127106,10.05,9.75,19.8,23.483477,10.05,16.66,8.61,2.59,9.85,1.74,218.0,Poor,2016,8,26,Summer
Ahmedabad,2016-08-27,58.07,118.127106,10.51,8.67,19.18,23.483477,10.51,21.2,19.87,3.49,11.59,3.3,243.0,Poor,2016,8,27,Summer
Ahmedabad,2016-08-28,46.04,118.127106,9.72,8.75,18.46,23.483477,9.72,17.27,10.35,2.09,6.33,1.19,219.0,Poor,2016,8,28,Summer
Ahmedabad,2016-08-29,52.27,118.127106,10.79,9.23,20.02,23.483477,10.79,19.62,9.14,4.67,8.96,1.89,247.0,Poor,2016,8,29,Summer
Ahmedabad,2016-08-30,46.68,118.127106,10.08,9.3,19.73,23.483477,10.08,17.77,15.97,2.98,7.55,1.4,235.0,Poor,2016,8,30,Summer
Ahmedabad,2016-08-31,44.59,118.127106,10.47,7.39,17.86,23.483477,10.47,17.62,11.2,2.88,6.65,1.0,234.0,Poor,2016,8,31,Summer
Ahmedabad,2016-09-01,30.81,118.127106,9.36,7.86,17.22,23.483477,9.36,17.58,15.72,1.96,4.87,0.97,217.0,Poor,2016,9,1,Autumn
Ahmedabad,2016-09-02,47.67,118.127106,9.63,8.39,18.02,23.483477,9.63,16.95,18.89,2.41,6.07,1.07,222.0,Poor,2016,9,2,Autumn
Ahmedabad,2016-09-03,35.69,118.127106,9.38,8.14,18.2,23.483477,9.38,16.72,14.63,1.77,5.62,0.78,241.0,Poor,2016,9,3,Autumn
Ahmedabad,2016-09-04,36.44,118.127106,9.59,7.07,16.66,23.483477,9.59,17.76,14.99,1.53,5.32,0.59,225.0,Poor,2016,9,4,Autumn
Ahmedabad,2016-09-05,33.83,118.127106,10.14,7.82,18.27,23.483477,10.14,17.93,13.9,1.49,4.8,0.66,241.0,Poor,2016,9,5,Autumn
Ahmedabad,2016-09-06,34.23,118.127106,10.17,7.14,17.3,23.483477,10.17,18.76,13.79,1.35,3.9,0.58,237.0,Poor,2016,9,6,Autumn
Ahmedabad,2016-09-07,52.15,118.127106,10.7,7.15,17.85,23.483477,10.7,16.32,14.67,2.75,8.02,0.91,251.0,Poor,2016,9,7,Autumn
Ahmedabad,2016-09-08,35.99,118.127106,9.91,8.65,18.56,23.483477,9.91,19.29,18.16,1.77,4.13,2.96,220.0,Poor,2016,9,8,Autumn
Ahmedabad,2016-09-09,37.93,118.127106,9.75,9.2,18.95,23.483477,9.75,19.07,15.42,2.23,4.58,1.11,221.0,Poor,2016,9,9,Autumn
Ahmedabad,2016-09-10,31.94,118.127106,9.5,7.84,17.34,23.483477,9.5,16.87,14.27,1.12,3.59,0.65,226.0,Poor,2016,9,10,Autumn
Ahmedabad,2016-09-11,18.04,118.127106,7.3,7.02,17.19,23.483477,7.3,15.49,19.0,0.61,2.32,0.36,208.0,Poor,2016,9,11,Autumn
Ahmedabad,2016-09-12,27.9,118.127106,9.52,9.55,21.06,23.483477,9.52,14.48,21.74,1.28,5.49,1.3,190.0,Moderate,2016,9,12,Autumn
Ahmedabad,2016-09-13,36.51,118.127106,10.07,10.68,21.06,23.483477,10.07,18.22,22.56,1.53,6.64,1.82,250.0,Poor,2016,9,13,Autumn
Ahmedabad,2016-09-14,55.71,118.127106,11.17,12.86,24.03,23.483477,11.17,17.75,21.14,2.55,10.55,3.43,280.0,Poor,2016,9,14,Autumn
Ahmedabad,2016-09-16,53.94,118.127106,10.01,12.54,22.55,23.483477,10.01,18.85,24.79,2.72,9.57,2.13,249.0,Poor,2016,9,16,Autumn
Ahmedabad,2016-09-17,49.34,118.127106,9.75,8.67,18.43,23.483477,9.75,15.82,26.39,2.02,6.6,0.97,213.0,Poor,2016,9,17,Autumn
Ahmedabad,2016-09-18,67.45058,118.127106,17.57473,28.56066,32.309124,23.483477,2.248598,14.531978,34.491432,3.2808404,8.700972,3.0701277,135.0,Moderate,2016,9,18,Autumn
Ahmedabad,2016-09-19,67.45058,118.127106,17.57473,28.56066,32.309124,23.483477,2.248598,14.531978,34.491432,3.2808404,8.700972,3.0701277,166.46358,Moderate,2016,9,19,Autumn
Ahmedabad,2016-09-20,67.45058,118.127106,17.57473,28.56066,32.309124,23.483477,2.248598,14.531978,34.491432,3.2808404,8.700972,3.0701277,166.46358,Moderate,2016,9,20,Autumn
Ahmedabad,2016-09-21,42.22,118.127106,10.17,9.74,19.91,23.483477,10.17,14.36,14.84,2.32,7.96,1.89,166.46358,Moderate,2016,9,21,Autumn
Ahmedabad,2016-09-22,39.43,118.127106,12.67,10.1,22.77,23.483477,12.67,16.95,11.63,4.34,9.99,2.34,268.0,Poor,2016,9,22,Autumn
Ahmedabad,2016-09-23,42.33,118.127106,11.31,9.31,20.62,23.483477,11.31,19.61,15.38,3.78,8.85,1.94,267.0,Poor,2016,9,23,Autumn
Ahmedabad,2016-09-24,26.75,118.127106,9.8,6.77,16.57,23.483477,9.8,19.37,17.5,1.94,4.72,0.71,216.0,Poor,2016,9,24,Autumn
Ahmedabad,2016-09-25,34.16,118.127106,9.66,5.46,15.12,23.483477,9.66,18.59,17.44,0.63,3.06,0.47,212.0,Poor,2016,9,25,Autumn
Ahmedabad,2016-09-26,30.07,118.127106,9.82,5.73,15.55,23.483477,9.82,18.28,17.65,1.65,3.38,0.6,214.0,Poor,2016,9,26,Autumn
Ahmedabad,2016-09-27,25.54,118.127106,9.5,5.56,15.63,23.483477,9.5,15.28,16.47,1.1,2.55,0.48,222.0,Poor,2016,9,27,Autumn
Ahmedabad,2016-09-28,38.47,118.127106,10.63,5.7,16.34,23.483477,10.63,17.44,17.34,1.28,3.62,0.78,216.0,Poor,2016,9,28,Autumn
Ahmedabad,2016-09-29,42.55,118.127106,10.36,6.59,16.95,23.483477,10.36,17.85,20.24,1.28,2.99,0.24,236.0,Poor,2016,9,29,Autumn
Ahmedabad,2016-09-30,38.1,118.127106,10.2,7.04,17.24,23.483477,10.2,18.46,16.83,1.6,3.68,0.3,225.0,Poor,2016,9,30,Autumn
Ahmedabad,2016-10-01,27.22,118.127106,12.02,6.34,18.36,23.483477,12.02,17.38,12.94,1.25,5.51,0.06,231.0,Poor,2016,10,1,Autumn
Ahmedabad,2016-10-02,41.81,118.127106,10.75,9.77,20.52,23.483477,10.75,18.03,22.44,1.4,4.97,0.05,298.0,Poor,2016,10,2,Autumn
Ahmedabad,2016-10-03,75.03,118.127106,11.23,9.47,20.7,23.483477,11.23,17.61,41.28,1.76,6.56,0.02,267.0,Poor,2016,10,3,Autumn
Ahmedabad,2016-10-04,67.45058,118.127106,17.57473,28.56066,32.309124,23.483477,2.248598,14.531978,34.491432,3.2808404,8.700972,3.0701277,236.0,Poor,2016,10,4,Autumn
Ahmedabad,2016-10-05,30.48,118.127106,16.49,7.43,23.91,23.483477,16.49,18.79,6.38,3.93,11.1,0.0,166.46358,Moderate,2016,10,5,Autumn
Ahmedabad,2016-10-06,75.06,118.127106,14.78,6.35,21.13,23.483477,14.78,19.31,6.0,4.41,7.7,0.0,301.0,Very Poor,2016,10,6,Autumn
Ahmedabad,2016-10-09,86.63,118.127106,11.74,6.39,18.13,23.483477,11.74,9.97,20.38,0.36,0.76,0.0,267.0,Poor,2016,10,9,Autumn
Ahmedabad,2016-10-10,70.34,118.127106,11.25,7.1,18.35,23.483477,11.25,12.49,20.13,0.0,0.0,0.0,232.0,Poor,2016,10,10,Autumn
Ahmedabad,2016-10-11,50.49,118.127106,10.91,5.04,15.95,23.483477,10.91,13.29,22.39,0.0,0.0,0.0,229.0,Poor,2016,10,11,Autumn
Ahmedabad,2016-10-12,42.25,118.127106,11.07,6.55,17.62,23.483477,11.07,9.61,24.3,0.0,0.0,0.0,227.0,Poor,2016,10,12,Autumn
Ahmedabad,2016-10-13,48.23,118.127106,11.09,9.01,19.25,23.483477,11.09,18.51,18.52,0.01,0.02,0.0,236.0,Poor,2016,10,13,Autumn
Ahmedabad,2016-10-19,83.57,118.127106,7.8,10.61,18.41,23.483477,7.8,19.72,30.68,3.77,15.49,5.59,213.0,Poor,2016,10,19,Autumn
Ahmedabad,2016-10-20,75.41,118.127106,12.23,11.07,23.3,23.483477,12.23,26.31,37.64,4.07,14.97,9.04,263.0,Poor,2016,10,20,Autumn
Ahmedabad,2016-10-23,76.96,118.127106,6.95,9.04,16.0,23.483477,6.95,28.44,41.7,2.06,7.8,3.18,236.0,Poor,2016,10,23,Autumn
Ahmedabad,2016-10-24,73.05,118.127106,7.04,8.37,15.4,23.483477,7.04,40.0,40.57,2.35,4.96,2.44,192.0,Moderate,2016,10,24,Autumn
Ahmedabad,2016-10-25,72.52,118.127106,7.31,9.14,16.45,23.483477,7.31,28.08,32.65,1.76,5.73,3.64,230.0,Poor,2016,10,25,Autumn
Ahmedabad,2016-10-26,109.22,118.127106,11.05,13.21,24.26,23.483477,11.05,60.04,33.06,3.87,10.35,5.17,278.0,Poor,2016,10,26,Autumn
Ahmedabad,2016-11-05,67.45058,118.127106,17.57473,28.56066,32.309124,23.483477,2.248598,14.531978,34.491432,0.0,0.0,0.0,166.46358,Moderate,2016,11,5,Autumn
Ahmedabad,2016-11-06,67.45058,118.127106,17.57473,28.56066,32.309124,23.483477,2.248598,14.531978,34.491432,0.0,0.0,0.0,166.46358,Moderate,2016,11,6,Autumn
Ahmedabad,2016-11-07,67.45058,118.127106,17.57473,28.56066,32.309124,23.483477,2.248598,14.531978,34.491432,0.0,0.0,0.0,166.46358,Moderate,2016,11,7,Autumn
Ahmedabad,2016-11-08,67.45058,118.127106,17.57473,28.56066,32.309124,23.483477,2.248598,14.531978,34.491432,0.0,0.0,0.0,166.46358,Moderate,2016,11,8,Autumn
Ahmedabad,2016-11-09,67.45058,118.127106,17.57473,28.56066,32.309124,23.483477,2.248598,14.531978,34.491432,0.0,0.0,0.0,166.46358,Moderate,2016,11,9,Autumn
Ahmedabad,2016-11-10,67.45058,118.127106,17.57473,28.56066,32.309124,23.483477,2.248598,14.531978,34.491432,0.0,0.0,0.0,166.46358,Moderate,2016,11,10,Autumn
Ahmedabad,2016-11-11,67.45058,118.127106,17.57473,28.56066,32.309124,23.483477,2.248598,14.531978,34.491432,0.0,0.0,0.0,166.46358,Moderate,2016,11,11,Autumn
Ahmedabad,2016-11-12,67.45058,118.127106,17.57473,28.56066,32.309124,23.483477,2.248598,14.531978,34.491432,0.0,0.0,0.0,166.46358,Moderate,2016,11,12,Autumn
Ahmedabad,2016-11-13,67.45058,118.127106,17.57473,28.56066,32.309124,23.483477,2.248598,14.531978,34.491432,0.0,0.0,0.0,166.46358,Moderate,2016,11,13,Autumn
Ahmedabad,2016-11-14,67.45058,118.127106,17.57473,28.56066,32.309124,23.483477,2.248598,14.531978,34.491432,0.0,0.0,0.0,166.46358,Moderate,2016,11,14,Autumn
Ahmedabad,2016-11-15,67.45058,118.127106,17.57473,28.56066,32.309124,23.483477,2.248598,14.531978,34.491432,0.0,0.0,0.0,166.46358,Moderate,2016,11,15,Autumn
Ahmedabad,2016-11-16,67.45058,118.127106,17.57473,28.56066,32.309124,23.483477,2.248598,14.531978,34.491432,0.0,0.0,0.0,166.46358,Moderate,2016,11,16,Autumn
Ahmedabad,2016-11-17,67.45058,118.127106,17.57473,28.56066,32.309124,23.483477,2.248598,14.531978,34.491432,0.0,0.0,0.0,166.46358,Moderate,2016,11,17,Autumn
Ahmedabad,2016-11-18,67.45058,118.127106,17.57473,28.56066,32.309124,23.483477,2.248598,14.531978,34.491432,0.0,0.0,0.0,166.46358,Moderate,2016,11,18,Autumn
Ahmedabad,2016-11-19,67.45058,118.127106,17.57473,28.56066,32.309124,23.483477,2.248598,14.531978,34.491432,0.0,0.0,0.0,166.46358,Moderate,2016,11,19,Autumn
Ahmedabad,2016-11-20,67.45058,118.127106,17.57473,28.56066,32.309124,23.483477,2.248598,14.531978,34.491432,0.0,0.0,0.0,166.46358,Moderate,2016,11,20,Autumn
Ahmedabad,2016-11-21,67.45058,118.127106,17.57473,28.56066,32.309124,23.483477,2.248598,14.531978,34.491432,0.0,0.0,0.0,166.46358,Moderate,2016,11,21,Autumn
Ahmedabad,2016-11-22,67.45058,118.127106,17.57473,28.56066,32.309124,23.483477,2.248598,14.531978,34.491432,0.0,0.0,0.0,166.46358,Moderate,2016,11,22,Autumn
Ahmedabad,2016-11-23,67.45058,118.127106,17.57473,28.56066,32.309124,23.483477,2.248598,14.531978,34.491432,0.0,0.0,0.0,166.46358,Moderate,2016,11,23,Autumn
Ahmedabad,2016-11-24,67.45058,118.127106,17.57473,28.56066,32.309124,23.483477,2.248598,14.531978,34.491432,0.0,0.0,0.0,166.46358,Moderate,2016,11,24,Autumn
Ahmedabad,2016-11-25,67.45058,118.127106,17.57473,28.56066,32.309124,23.483477,2.248598,14.531978,34.491432,0.0,0.0,0.0,166.46358,Moderate,2016,11,25,Autumn
Ahmedabad,2016-11-26,67.45058,118.127106,17.57473,28.56066,32.309124,23.483477,2.248598,14.531978,34.491432,0.0,0.0,0.0,166.46358,Moderate,2016,11,26,Autumn
Ahmedabad,2016-11-27,67.45058,118.127106,17.57473,28.56066,32.309124,23.483477,2.248598,14.531978,34.491432,0.0,0.0,0.0,166.46358,Moderate,2016,11,27,Autumn
Ahmedabad,2016-11-28,67.45058,118.127106,17.57473,28.56066,32.309124,23.483477,2.248598,14.531978,34.491432,0.0,0.0,0.0,166.46358,Moderate,2016,11,28,Autumn
Ahmedabad,2016-11-29,67.45058,118.127106,17.57473,28.56066,32.309124,23.483477,2.248598,14.531978,34.491432,0.0,0.0,0.0,166.46358,Moderate,2016,11,29,Autumn
Ahmedabad,2016-11-30,67.45058,118.127106,17.57473,28.56066,32.309124,23.483477,2.248598,14.531978,34.491432,0.0,0.0,0.0,166.46358,Moderate,2016,11,30,Autumn
Ahmedabad,2016-12-01,67.45058,118.127106,17.57473,28.56066,32.309124,23.483477,2.248598,14.531978,34.491432,0.0,0.0,0.0,166.46358,Moderate,2016,12,1,Winter
Ahmedabad,2016-12-02,67.45058,118.127106,17.57473,28.56066,32.309124,23.483477,2.248598,14.531978,34.491432,0.0,0.0,0.0,166.46358,Moderate,2016,12,2,Winter
Ahmedabad,2016-12-03,67.45058,118.127106,17.57473,28.56066,32.309124,23.483477,2.248598,14.531978,34.491432,0.0,0.0,0.0,166.46358,Moderate,2016,12,3,Winter
Ahmedabad,2016-12-04,67.45058,118.127106,17.57473,28.56066,32.309124,23.483477,2.248598,14.531978,34.491432,0.0,0.0,0.0,166.46358,Moderate,2016,12,4,Winter
Ahmedabad,2016-12-05,67.45058,118.127106,17.57473,28.56066,32.309124,23.483477,2.248598,14.531978,34.491432,0.0,0.0,0.0,166.46358,Moderate,2016,12,5,Winter
Ahmedabad,2016-12-06,67.45058,118.127106,17.57473,28.56066,32.309124,23.483477,2.248598,14.531978,34.491432,0.0,0.0,0.0,166.46358,Moderate,2016,12,6,Winter
Ahmedabad,2016-12-07,67.45058,118.127106,17.57473,28.56066,32.309124,23.483477,2.248598,14.531978,34.491432,0.0,0.0,0.0,166.46358,Moderate,2016,12,7,Winter
Ahmedabad,2016-12-08,67.45058,118.127106,17.57473,28.56066,32.309124,23.483477,2.248598,14.531978,34.491432,0.0,0.0,0.0,166.46358,Moderate,2016,12,8,Winter
Ahmedabad,2016-12-09,67.45058,118.127106,17.57473,28.56066,32.309124,23.483477,2.248598,14.531978,34.491432,0.0,0.0,0.0,166.46358,Moderate,2016,12,9,Winter
Ahmedabad,2016-12-10,67.45058,118.127106,17.57473,28.56066,32.309124,23.483477,2.248598,14.531978,34.491432,0.0,0.0,0.0,166.46358,Moderate,2016,12,10,Winter
Ahmedabad,2016-12-11,67.45058,118.127106,17.57473,28.56066,32.309124,23.483477,2.248598,14.531978,34.491432,0.0,0.0,0.0,166.46358,Moderate,2016,12,11,Winter
Ahmedabad,2016-12-12,67.45058,118.127106,17.57473,28.56066,32.309124,23.483477,2.248598,14.531978,34.491432,0.0,0.0,0.0,166.46358,Moderate,2016,12,12,Winter
Ahmedabad,2016-12-13,67.45058,118.127106,17.57473,28.56066,32.309124,23.483477,2.248598,14.531978,34.491432,0.0,0.0,0.0,166.46358,Moderate,2016,12,13,Winter
Ahmedabad,2016-12-14,67.45058,118.127106,17.57473,28.56066,32.309124,23.483477,2.248598,14.531978,34.491432,3.2808404,8.700972,3.0701277,166.46358,Moderate,2016,12,14,Winter
Ahmedabad,2016-12-15,67.45058,118.127106,17.57473,28.56066,32.309124,23.483477,2.248598,14.531978,34.491432,0.0,0.0,0.0,166.46358,Moderate,2016,12,15,Winter
Ahmedabad,2016-12-16,67.45058,118.127106,17.57473,28.56066,32.309124,23.483477,2.248598,14.531978,34.491432,0.0,0.0,0.0,166.46358,Moderate,2016,12,16,Winter
Ahmedabad,2016-12-17,67.45058,118.127106,17.57473,28.56066,32.309124,23.483477,2.248598,14.531978,34.491432,0.0,0.0,0.0,166.46358,Moderate,2016,12,17,Winter
Ahmedabad,2016-12-18,67.45058,118.127106,17.57473,28.56066,32.309124,23.483477,2.248598,14.531978,34.491432,0.0,0.0,0.0,166.46358,Moderate,2016,12,18,Winter
Ahmedabad,2016-12-19,67.45058,118.127106,17.57473,28.56066,32.309124,23.483477,2.248598,14.531978,34.491432,0.0,0.0,0.0,166.46358,Moderate,2016,12,19,Winter
Ahmedabad,2016-12-20,67.45058,118.127106,17.57473,28.56066,32.309124,23.483477,2.248598,14.531978,34.491432,0.0,0.0,0.0,166.46358,Moderate,2016,12,20,Winter
Ahmedabad,2016-12-21,67.45058,118.127106,17.57473,28.56066,32.309124,23.483477,2.248598,14.531978,34.491432,0.0,0.0,0.0,166.46358,Moderate,2016,12,21,Winter
Ahmedabad,2016-12-22,67.45058,118.127106,17.57473,28.56066,32.309124,23.483477,2.248598,14.531978,34.491432,0.0,0.0,0.0,166.46358,Moderate,2016,12,22,Winter
Ahmedabad,2016-12-23,67.45058,118.127106,17.57473,28.56066,32.309124,23.483477,2.248598,14.531978,34.491432,0.0,0.0,0.0,166.46358,Moderate,2016,12,23,Winter
Ahmedabad,2016-12-24,67.45058,118.127106,17.57473,28.56066,32.309124,23.483477,2.248598,14.531978,34.491432,0.0,0.0,0.0,166.46358,Moderate,2016,12,24,Winter
Ahmedabad,2016-12-25,67.45058,118.127106,17.57473,28.56066,32.309124,23.483477,2.248598,14.531978,34.491432,0.0,0.0,0.0,166.46358,Moderate,2016,12,25,Winter
Ahmedabad,2016-12-26,67.45058,118.127106,17.57473,28.56066,32.309124,23.483477,2.248598,14.531978,34.491432,0.0,0.0,0.0,166.46358,Moderate,2016,12,26,Winter
Ahmedabad,2016-12-27,67.45058,118.127106,17.57473,28.56066,32.309124,23.483477,2.248598,14.531978,34.491432,0.0,0.0,0.0,166.46358,Moderate,2016,12,27,Winter
Ahmedabad,2016-12-28,67.45058,118.127106,17.57473,28.56066,32.309124,23.483477,2.248598,14.531978,34.491432,0.0,0.0,0.0,166.46358,Moderate,2016,12,28,Winter
Ahmedabad,2016-12-29,67.45058,118.127106,17.57473,28.56066,32.309124,23.483477,2.248598,14.531978,34.491432,0.0,0.0,0.0,166.46358,Moderate,2016,12,29,Winter
Ahmedabad,2016-12-30,67.45058,118.127106,17.57473,28.56066,32.309124,23.483477,2.248598,14.531978,34.491432,0.0,0.0,0.0,166.46358,Moderate,2016,12,30,Winter
Ahmedabad,2016-12-31,67.45058,118.127106,17.57473,28.56066,32.309124,23.483477,2.248598,14.531978,34.491432,0.0,0.0,0.0,166.46358,Moderate,2016,12,31,Winter
Ahmedabad,2017-01-01,67.45058,118.127106,17.57473,28.56066,32.309124,23.483477,2.248598,14.531978,34.491432,0.0,0.0,0.0,166.46358,Moderate,2017,1,1,Winter
Ahmedabad,2017-01-02,67.45058,118.127106,17.57473,28.56066,32.309124,23.483477,2.248598,14.531978,34.491432,0.0,0.0,0.0,166.46358,Moderate,2017,1,2,Winter
Ahmedabad,2017-01-03,67.45058,118.127106,17.57473,28.56066,32.309124,23.483477,2.248598,14.531978,34.491432,0.0,0.0,0.0,166.46358,Moderate,2017,1,3,Winter
Ahmedabad,2017-01-04,67.45058,118.127106,17.57473,28.56066,32.309124,23.483477,2.248598,14.531978,34.491432,0.0,0.0,0.0,166.46358,Moderate,2017,1,4,Winter
Ahmedabad,2017-01-05,67.45058,118.127106,17.57473,28.56066,32.309124,23.483477,2.248598,14.531978,34.491432,0.0,0.0,0.0,166.46358,Moderate,2017,1,5,Winter
Ahmedabad,2017-01-06,67.45058,118.127106,17.57473,28.56066,32.309124,23.483477,2.248598,14.531978,34.491432,0.0,0.0,0.0,166.46358,Moderate,2017,1,6,Winter
Ahmedabad,2017-01-07,67.45058,118.127106,17.57473,28.56066,32.309124,23.483477,2.248598,14.531978,34.491432,0.0,0.0,0.0,166.46358,Moderate,2017,1,7,Winter
Ahmedabad,2017-01-08,67.45058,118.127106,17.57473,28.56066,32.309124,23.483477,2.248598,14.531978,34.491432,0.0,0.0,0.0,166.46358,Moderate,2017,1,8,Winter
Ahmedabad,2017-01-09,67.45058,118.127106,17.57473,28.56066,32.309124,23.483477,2.248598,14.531978,34.491432,0.0,0.0,0.0,166.46358,Moderate,2017,1,9,Winter
Ahmedabad,2017-01-10,67.45058,118.127106,17.57473,28.56066,32.309124,23.483477,2.248598,14.531978,34.491432,0.0,0.0,0.0,166.46358,Moderate,2017,1,10,Winter
Ahmedabad,2017-01-11,67.45058,118.127106,17.57473,28.56066,32.309124,23.483477,2.248598,14.531978,34.491432,0.0,0.0,0.0,166.46358,Moderate,2017,1,11,Winter
Ahmedabad,2017-01-12,67.45058,118.127106,17.57473,28.56066,32.309124,23.483477,2.248598,14.531978,34.491432,0.0,0.0,0.0,166.46358,Moderate,2017,1,12,Winter
Ahmedabad,2017-01-13,67.45058,118.127106,17.57473,28.56066,32.309124,23.483477,2.248598,14.531978,34.491432,0.0,0.0,0.0,166.46358,Moderate,2017,1,13,Winter
Ahmedabad,2017-01-14,67.45058,118.127106,17.57473,28.56066,32.309124,23.483477,2.248598,14.531978,34.491432,0.0,0.0,0.0,166.46358,Moderate,2017,1,14,Winter
Ahmedabad,2017-01-15,67.45058,118.127106,17.57473,28.56066,32.309124,23.483477,2.248598,14.531978,34.491432,0.0,0.0,0.0,166.46358,Moderate,2017,1,15,Winter
Ahmedabad,2017-01-16,67.45058,118.127106,17.57473,28.56066,32.309124,23.483477,2.248598,14.531978,34.491432,0.0,0.0,0.0,166.46358,Moderate,2017,1,16,Winter
Ahmedabad,2017-01-17,67.45058,118.127106,17.57473,28.56066,32.309124,23.483477,2.248598,14.531978,34.491432,0.0,0.0,0.0,166.46358,Moderate,2017,1,17,Winter
Ahmedabad,2017-01-18,67.45058,118.127106,17.57473,28.56066,32.309124,23.483477,2.248598,14.531978,34.491432,0.0,0.0,0.0,166.46358,Moderate,2017,1,18,Winter
Ahmedabad,2017-01-19,67.45058,118.127106,17.57473,28.56066,32.309124,23.483477,2.248598,14.531978,34.491432,0.0,0.0,0.0,166.46358,Moderate,2017,1,19,Winter
Ahmedabad,2017-01-20,67.45058,118.127106,17.57473,28.56066,32.309124,23.483477,2.248598,14.531978,34.491432,0.0,0.0,0.0,166.46358,Moderate,2017,1,20,Winter
Ahmedabad,2017-01-21,67.45058,118.127106,17.57473,28.56066,32.309124,23.483477,2.248598,14.531978,34.491432,0.0,0.0,0.0,166.46358,Moderate,2017,1,21,Winter
Ahmedabad,2017-01-22,67.45058,118.127106,17.57473,28.56066,32.309124,23.483477,2.248598,14.531978,34.491432,0.0,0.0,0.0,166.46358,Moderate,2017,1,22,Winter
Ahmedabad,2017-01-23,67.45058,118.127106,17.57473,28.56066,32.309124,23.483477,2.248598,14.531978,34.491432,0.0,0.0,0.0,166.46358,Moderate,2017,1,23,Winter
Ahmedabad,2017-01-24,67.45058,118.127106,17.57473,28.56066,32.309124,23.483477,2.248598,14.531978,34.491432,0.0,0.0,0.0,166.46358,Moderate,2017,1,24,Winter
Ahmedabad,2017-01-25,67.45058,118.127106,17.57473,28.56066,32.309124,23.483477,2.248598,14.531978,34.491432,0.0,0.0,0.0,166.46358,Moderate,2017,1,25,Winter
Ahmedabad,2017-01-26,67.45058,118.127106,17.57473,28.56066,32.309124,23.483477,2.248598,14.531978,34.491432,0.0,0.0,0.0,166.46358,Moderate,2017,1,26,Winter
Ahmedabad,2017-01-27,67.45058,118.127106,17.57473,28.56066,32.309124,23.483477,2.248598,14.531978,34.491432,0.0,0.0,0.0,166.46358,Moderate,2017,1,27,Winter
Ahmedabad,2017-01-28,67.45058,118.127106,17.57473,28.56066,32.309124,23.483477,2.248598,14.531978,34.491432,0.0,0.0,0.0,166.46358,Moderate,2017,1,28,Winter
Ahmedabad,2017-01-29,67.45058,118.127106,17.57473,28.56066,32.309124,23.483477,2.248598,14.531978,34.491432,0.0,0.0,0.0,166.46358,Moderate,2017,1,29,Winter
Ahmedabad,2017-01-30,67.45058,118.127106,17.57473,28.56066,32.309124,23.483477,2.248598,14.531978,34.491432,0.0,0.0,0.0,166.46358,Moderate,2017,1,30,Winter
Ahmedabad,2017-01-31,67.45058,118.127106,17.57473,28.56066,32.309124,23.483477,2.248598,14.531978,34.491432,0.0,0.0,0.0,166.46358,Moderate,2017,1,31,Winter
Ahmedabad,2017-02-01,67.45058,118.127106,17.57473,28.56066,32.309124,23.483477,2.248598,14.531978,34.491432,0.0,0.0,0.0,166.46358,Moderate,2017,2,1,Winter
Ahmedabad,2017-02-02,67.45058,118.127106,17.57473,28.56066,32.309124,23.483477,2.248598,14.531978,34.491432,0.0,0.0,0.0,166.46358,Moderate,2017,2,2,Winter
Ahmedabad,2017-02-03,67.45058,118.127106,17.57473,28.56066,32.309124,23.483477,2.248598,14.531978,34.491432,0.0,0.0,0.0,166.46358,Moderate,2017,2,3,Winter
Ahmedabad,2017-02-04,67.45058,118.127106,17.57473,28.56066,32.309124,23.483477,2.248598,14.531978,34.491432,0.0,0.0,0.0,166.46358,Moderate,2017,2,4,Winter
Ahmedabad,2017-02-05,67.45058,118.127106,17.57473,28.56066,32.309124,23.483477,2.248598,14.531978,34.491432,0.0,0.0,0.0,166.46358,Moderate,2017,2,5,Winter
Ahmedabad,2017-02-06,67.45058,118.127106,17.57473,28.56066,32.309124,23.483477,2.248598,14.531978,34.491432,0.0,0.0,0.0,166.46358,Moderate,2017,2,6,Winter
Ahmedabad,2017-02-07,67.45058,118.127106,17.57473,28.56066,32.309124,23.483477,2.248598,14.531978,34.491432,0.0,0.0,0.0,166.46358,Moderate,2017,2,7,Winter
Ahmedabad,2017-02-08,67.45058,118.127106,17.57473,28.56066,32.309124,23.483477,2.248598,14.531978,34.491432,0.0,0.0,0.0,166.46358,Moderate,2017,2,8,Winter
Ahmedabad,2017-02-09,67.45058,118.127106,17.57473,28.56066,32.309124,23.483477,2.248598,14.531978,34.491432,0.0,0.0,0.0,166.46358,Moderate,2017,2,9,Winter
Ahmedabad,2017-02-10,67.45058,118.127106,17.57473,28.56066,32.309124,23.483477,2.248598,14.531978,34.491432,0.0,0.0,0.0,166.46358,Moderate,2017,2,10,Winter
Ahmedabad,2017-02-11,67.45058,118.127106,17.57473,28.56066,32.309124,23.483477,2.248598,14.531978,34.491432,0.0,0.0,0.0,166.46358,Moderate,2017,2,11,Winter
Ahmedabad,2017-02-12,67.45058,118.127106,17.57473,28.56066,32.309124,23.483477,2.248598,14.531978,34.491432,0.0,0.0,0.0,166.46358,Moderate,2017,2,12,Winter
Ahmedabad,2017-02-13,67.45058,118.127106,17.57473,28.56066,32.309124,23.483477,2.248598,14.531978,34.491432,0.0,0.0,0.0,166.46358,Moderate,2017,2,13,Winter
Ahmedabad,2017-02-14,67.45058,118.127106,17.57473,28.56066,32.309124,23.483477,2.248598,14.531978,34.491432,0.0,0.0,0.0,166.46358,Moderate,2017,2,14,Winter
Ahmedabad,2017-02-15,67.45058,118.127106,17.57473,28.56066,32.309124,23.483477,2.248598,14.531978,34.491432,0.0,0.0,0.0,166.46358,Moderate,2017,2,15,Winter
Ahmedabad,2017-02-16,67.45058,118.127106,17.57473,28.56066,32.309124,23.483477,2.248598,14.531978,34.491432,0.0,0.0,0.0,166.46358,Moderate,2017,2,16,Winter
Ahmedabad,2017-02-17,67.45058,118.127106,17.57473,28.56066,32.309124,23.483477,2.248598,14.531978,34.491432,0.0,0.0,0.0,166.46358,Moderate,2017,2,17,Winter
Ahmedabad,2017-02-18,67.45058,118.127106,17.57473,28.56066,32.309124,23.483477,2.248598,14.531978,34.491432,0.0,0.0,0.0,166.46358,Moderate,2017,2,18,Winter
Ahmedabad,2017-02-19,67.45058,118.127106,17.57473,28.56066,32.309124,23.483477,2.248598,14.531978,34.491432,0.0,0.0,0.0,166.46358,Moderate,2017,2,19,Winter
Ahmedabad,2017-02-20,67.45058,118.127106,17.57473,28.56066,32.309124,23.483477,2.248598,14.531978,34.491432,0.0,0.0,0.0,166.46358,Moderate,2017,2,20,Winter
Ahmedabad,2017-02-21,67.45058,118.127106,17.57473,28.56066,32.309124,23.483477,2.248598,14.531978,34.491432,0.0,0.0,0.0,166.46358,Moderate,2017,2,21,Winter
Ahmedabad,2017-02-22,67.45058,118.127106,17.57473,28.56066,32.309124,23.483477,2.248598,14.531978,34.491432,0.0,0.0,0.0,166.46358,Moderate,2017,2,22,Winter
Ahmedabad,2017-02-23,67.45058,118.127106,17.57473,28.56066,32.309124,23.483477,2.248598,14.531978,34.491432,0.0,0.0,0.0,166.46358,Moderate,2017,2,23,Winter
Ahmedabad,2017-02-24,67.45058,118.127106,17.57473,28.56066,32.309124,23.483477,2.248598,14.531978,34.491432,0.0,0.0,0.0,166.46358,Moderate,2017,2,24,Winter
Ahmedabad,2017-02-25,67.45058,118.127106,17.57473,28.56066,32.309124,23.483477,2.248598,14.531978,34.491432,0.0,0.0,0.0,166.46358,Moderate,2017,2,25,Winter
Ahmedabad,2017-02-26,67.45058,118.127106,17.57473,28.56066,32.309124,23.483477,2.248598,14.531978,34.491432,0.0,0.0,0.0,166.46358,Moderate,2017,2,26,Winter
Ahmedabad,2017-02-27,67.45058,118.127106,17.57473,28.56066,32.309124,23.483477,2.248598,14.531978,34.491432,0.0,0.0,0.0,166.46358,Moderate,2017,2,27,Winter
Ahmedabad,2017-02-28,67.45058,118.127106,17.57473,28.56066,32.309124,23.483477,2.248598,14.531978,34.491432,0.0,0.0,0.0,166.46358,Moderate,2017,2,28,Winter
Ahmedabad,2017-03-01,67.45058,118.127106,17.57473,28.56066,32.309124,23.483477,2.248598,14.531978,34.491432,0.0,0.0,0.0,166.46358,Moderate,2017,3,1,Spring
Ahmedabad,2017-03-02,67.45058,118.127106,17.57473,28.56066,32.309124,23.483477,2.248598,14.531978,34.491432,0.0,0.0,0.0,166.46358,Moderate,2017,3,2,Spring
Ahmedabad,2017-03-03,67.45058,118.127106,17.57473,28.56066,32.309124,23.483477,2.248598,14.531978,34.491432,0.0,0.0,0.0,166.46358,Moderate,2017,3,3,Spring
Ahmedabad,2017-03-04,67.45058,118.127106,17.57473,28.56066,32.309124,23.483477,2.248598,14.531978,34.491432,0.0,0.0,0.0,166.46358,Moderate,2017,3,4,Spring
Ahmedabad,2017-03-05,67.45058,118.127106,17.57473,28.56066,32.309124,23.483477,2.248598,14.531978,34.491432,0.0,0.0,0.0,166.46358,Moderate,2017,3,5,Spring
Ahmedabad,2017-03-06,67.45058,118.127106,17.57473,28.56066,32.309124,23.483477,2.248598,14.531978,34.491432,0.0,0.0,0.0,166.46358,Moderate,2017,3,6,Spring
Ahmedabad,2017-03-07,67.45058,118.127106,17.57473,28.56066,32.309124,23.483477,2.248598,14.531978,34.491432,0.0,0.0,0.0,166.46358,Moderate,2017,3,7,Spring
Ahmedabad,2017-03-08,67.45058,118.127106,17.57473,28.56066,32.309124,23.483477,2.248598,14.531978,34.491432,0.0,0.0,0.0,166.46358,Moderate,2017,3,8,Spring
Ahmedabad,2017-03-09,67.45058,118.127106,17.57473,28.56066,32.309124,23.483477,2.248598,14.531978,34.491432,0.0,0.0,0.0,166.46358,Moderate,2017,3,9,Spring
Ahmedabad,2017-03-10,67.45058,118.127106,17.57473,28.56066,32.309124,23.483477,2.248598,14.531978,34.491432,0.0,0.0,0.0,166.46358,Moderate,2017,3,10,Spring
Ahmedabad,2017-03-11,67.45058,118.127106,17.57473,28.56066,32.309124,23.483477,2.248598,14.531978,34.491432,0.0,0.0,0.0,166.46358,Moderate,2017,3,11,Spring
Ahmedabad,2017-03-12,67.45058,118.127106,17.57473,28.56066,32.309124,23.483477,2.248598,14.531978,34.491432,0.0,0.0,0.0,166.46358,Moderate,2017,3,12,Spring
Ahmedabad,2017-03-13,67.45058,118.127106,17.57473,28.56066,32.309124,23.483477,2.248598,14.531978,34.491432,0.0,0.0,0.0,166.46358,Moderate,2017,3,13,Spring
Ahmedabad,2017-03-14,67.45058,118.127106,17.57473,28.56066,32.309124,23.483477,2.248598,14.531978,34.491432,0.0,0.0,0.0,166.46358,Moderate,2017,3,14,Spring
Ahmedabad,2017-03-15,67.45058,118.127106,17.57473,28.56066,32.309124,23.483477,2.248598,14.531978,34.491432,0.0,0.0,0.0,166.46358,Moderate,2017,3,15,Spring
Ahmedabad,2017-03-16,67.45058,118.127106,17.57473,28.56066,32.309124,23.483477,2.248598,14.531978,34.491432,0.0,0.0,0.0,166.46358,Moderate,2017,3,16,Spring
Ahmedabad,2017-03-17,67.45058,118.127106,17.57473,28.56066,32.309124,23.483477,2.248598,14.531978,34.491432,0.0,0.0,0.0,166.46358,Moderate,2017,3,17,Spring
Ahmedabad,2017-03-18,67.45058,118.127106,17.57473,28.56066,32.309124,23.483477,2.248598,14.531978,34.491432,0.0,0.0,0.0,166.46358,Moderate,2017,3,18,Spring
Ahmedabad,2017-03-19,67.45058,118.127106,17.57473,28.56066,32.309124,23.483477,2.248598,14.531978,34.491432,0.0,0.0,0.0,166.46358,Moderate,2017,3,19,Spring
Ahmedabad,2017-03-20,67.45058,118.127106,17.57473,28.56066,32.309124,23.483477,2.248598,14.531978,34.491432,0.0,0.0,0.0,166.46358,Moderate,2017,3,20,Spring
Ahmedabad,2017-03-21,67.45058,118.127106,17.57473,28.56066,32.309124,23.483477,2.248598,14.531978,34.491432,0.0,0.0,0.0,166.46358,Moderate,2017,3,21,Spring
Ahmedabad,2017-03-22,67.45058,118.127106,17.57473,28.56066,32.309124,23.483477,2.248598,14.531978,34.491432,0.0,0.0,0.0,166.46358,Moderate,2017,3,22,Spring
Ahmedabad,2017-03-23,67.45058,118.127106,17.57473,28.56066,32.309124,23.483477,2.248598,14.531978,34.491432,0.0,0.0,0.0,166.46358,Moderate,2017,3,23,Spring
Ahmedabad,2017-03-24,67.45058,118.127106,17.57473,28.56066,32.309124,23.483477,2.248598,14.531978,34.491432,3.2808404,8.700972,3.0701277,166.46358,Moderate,2017,3,24,Spring
Ahmedabad,2017-03-25,67.45058,118.127106,17.57473,28.56066,32.309124,23.483477,2.248598,14.531978,34.491432,3.2808404,8.700972,3.0701277,166.46358,Moderate,2017,3,25,Spring
Ahmedabad,2017-03-26,67.45058,118.127106,17.57473,28.56066,32.309124,23.483477,2.248598,14.531978,34.491432,3.2808404,8.700972,3.0701277,166.46358,Moderate,2017,3,26,Spring
Ahmedabad,2017-03-27,67.45058,118.127106,17.57473,28.56066,32.309124,23.483477,2.248598,14.531978,34.491432,3.2808404,8.700972,3.0701277,166.46358,Moderate,2017,3,27,Spring
Ahmedabad,2017-03-28,67.45058,118.127106,17.57473,28.56066,32.309124,23.483477,2.248598,14.531978,34.491432,3.2808404,8.700972,3.0701277,166.46358,Moderate,2017,3,28,Spring
Ahmedabad,2017-03-29,67.45058,118.127106,17.57473,28.56066,32.309124,23.483477,2.248598,14.531978,34.491432,3.2808404,8.700972,3.0701277,166.46358,Moderate,2017,3,29,Spring
Ahmedabad,2017-03-30,67.45058,118.127106,17.57473,28.56066,32.309124,23.483477,2.248598,14.531978,34.491432,3.2808404,8.700972,3.0701277,166.46358,Moderate,2017,3,30,Spring
Ahmedabad,2017-03-31,67.45058,118.127106,17.57473,28.56066,32.309124,23.483477,2.248598,14.531978,34.491432,3.2808404,8.700972,3.0701277,166.46358,Moderate,2017,3,31,Spring
Ahmedabad,2017-04-01,67.45058,118.127106,17.57473,28.56066,32.309124,23.483477,2.248598,14.531978,34.491432,3.2808404,8.700972,3.0701277,166.46358,Moderate,2017,4,1,Spring
Ahmedabad,2017-04-02,67.45058,118.127106,17.57473,28.56066,32.309124,23.483477,2.248598,14.531978,34.491432,3.2808404,8.700972,3.0701277,166.46358,Moderate,2017,4,2,Spring
Ahmedabad,2017-04-03,67.45058,118.127106,17.57473,28.56066,32.309124,23.483477,2.248598,14.531978,34.491432,3.2808404,8.700972,3.0701277,166.46358,Moderate,2017,4,3,Spring
Ahmedabad,2017-04-04,67.45058,118.127106,17.57473,28.56066,32.309124,23.483477,2.248598,14.531978,34.491432,3.2808404,8.700972,3.0701277,166.46358,Moderate,2017,4,4,Spring
Ahmedabad,2017-04-05,67.45058,118.127106,17.57473,28.56066,32.309124,23.483477,2.248598,14.531978,34.491432,3.2808404,8.700972,3.0701277,166.46358,Moderate,2017,4,5,Spring
Ahmedabad,2017-04-06,67.45058,118.127106,17.57473,28.56066,32.309124,23.483477,2.248598,14.531978,34.491432,3.2808404,8.700972,3.0701277,166.46358,Moderate,2017,4,6,Spring
Ahmedabad,2017-04-07,67.45058,118.127106,17.57473,28.56066,32.309124,23.483477,2.248598,14.531978,34.491432,3.2808404,8.700972,3.0701277,166.46358,Moderate,2017,4,7,Spring
Ahmedabad,2017-04-08,67.45058,118.127106,17.57473,28.56066,32.309124,23.483477,2.248598,14.531978,34.491432,3.2808404,8.700972,3.0701277,166.46358,Moderate,2017,4,8,Spring
Ahmedabad,2017-04-09,67.45058,118.127106,17.57473,28.56066,32.309124,23.483477,2.248598,14.531978,34.491432,3.2808404,8.700972,3.0701277,166.46358,Moderate,2017,4,9,Spring
Ahmedabad,2017-04-10,67.45058,118.127106,17.57473,28.56066,32.309124,23.483477,2.248598,14.531978,34.491432,3.2808404,8.700972,3.0701277,166.46358,Moderate,2017,4,10,Spring
Ahmedabad,2017-04-11,67.45058,118.127106,17.57473,28.56066,32.309124,23.483477,2.248598,14.531978,34.491432,3.2808404,8.700972,3.0701277,166.46358,Moderate,2017,4,11,Spring
Ahmedabad,2017-04-12,67.45058,118.127106,17.57473,28.56066,32.309124,23.483477,2.248598,14.531978,34.491432,3.2808404,8.700972,3.0701277,166.46358,Moderate,2017,4,12,Spring
Ahmedabad,2017-04-13,67.45058,118.127106,17.57473,28.56066,32.309124,23.483477,2.248598,14.531978,34.491432,3.2808404,8.700972,3.0701277,166.46358,Moderate,2017,4,13,Spring
Ahmedabad,2017-04-14,67.45058,118.127106,17.57473,28.56066,32.309124,23.483477,2.248598,14.531978,34.491432,3.2808404,8.700972,3.0701277,166.46358,Moderate,2017,4,14,Spring
Ahmedabad,2017-04-15,67.45058,118.127106,17.57473,28.56066,32.309124,23.483477,2.248598,14.531978,34.491432,3.2808404,8.700972,3.0701277,166.46358,Moderate,2017,4,15,Spring
Ahmedabad,2017-04-16,67.45058,118.127106,17.57473,28.56066,32.309124,23.483477,2.248598,14.531978,34.491432,3.2808404,8.700972,3.0701277,166.46358,Moderate,2017,4,16,Spring
Ahmedabad,2017-04-17,67.45058,118.127106,17.57473,28.56066,32.309124,23.483477,2.248598,14.531978,34.491432,3.2808404,8.700972,3.0701277,166.46358,Moderate,2017,4,17,Spring
Ahmedabad,2017-04-18,67.45058,118.127106,17.57473,28.56066,32.309124,23.483477,2.248598,14.531978,34.491432,3.2808404,8.700972,3.0701277,166.46358,Moderate,2017,4,18,Spring
Ahmedabad,2017-04-19,67.45058,118.127106,17.57473,28.56066,32.309124,23.483477,2.248598,14.531978,34.491432,3.2808404,8.700972,3.0701277,166.46358,Moderate,2017,4,19,Spring
Ahmedabad,2017-04-20,67.45058,118.127106,17.57473,28.56066,32.309124,23.483477,2.248598,14.531978,34.491432,3.2808404,8.700972,3.0701277,166.46358,Moderate,2017,4,20,Spring
Ahmedabad,2017-04-21,67.45058,118.127106,17.57473,28.56066,32.309124,23.483477,2.248598,14.531978,34.491432,3.2808404,8.700972,3.0701277,166.46358,Moderate,2017,4,21,Spring
Ahmedabad,2017-04-22,67.45058,118.127106,17.57473,28.56066,32.309124,23.483477,2.248598,14.531978,34.491432,3.2808404,8.700972,3.0701277,166.46358,Moderate,2017,4,22,Spring
Ahmedabad,2017-04-23,67.45058,118.127106,17.57473,28.56066,32.309124,23.483477,2.248598,14.531978,34.491432,3.2808404,8.700972,3.0701277,166.46358,Moderate,2017,4,23,Spring
Ahmedabad,2017-04-24,67.45058,118.127106,17.57473,28.56066,32.309124,23.483477,2.248598,14.531978,34.491432,3.2808404,8.700972,3.0701277,166.46358,Moderate,2017,4,24,Spring
Ahmedabad,2017-04-25,67.45058,118.127106,17.57473,28.56066,32.309124,23.483477,2.248598,14.531978,34.491432,3.2808404,8.700972,3.0701277,166.46358,Moderate,2017,4,25,Spring
Ahmedabad,2017-04-26,67.45058,118.127106,17.57473,28.56066,32.309124,23.483477,2.248598,14.531978,34.491432,3.2808404,8.700972,3.0701277,166.46358,Moderate,2017,4,26,Spring
Ahmedabad,2017-04-27,67.45058,118.127106,17.57473,28.56066,32.309124,23.483477,2.248598,14.531978,34.491432,3.2808404,8.700972,3.0701277,166.46358,Moderate,2017,4,27,Spring
Ahmedabad,2017-04-28,67.45058,118.127106,17.57473,28.56066,32.309124,23.483477,2.248598,14.531978,34.491432,3.2808404,8.700972,3.0701277,166.46358,Moderate,2017,4,28,Spring
Ahmedabad,2017-04-29,67.45058,118.127106,17.57473,28.56066,32.309124,23.483477,2.248598,14.531978,34.491432,3.2808404,8.700972,3.0701277,166.46358,Moderate,2017,4,29,Spring
Ahmedabad,2017-04-30,67.45058,118.127106,17.57473,28.56066,32.309124,23.483477,2.248598,14.531978,34.491432,3.2808404,8.700972,3.0701277,166.46358,Moderate,2017,4,30,Spring
Ahmedabad,2017-05-01,67.45058,118.127106,17.57473,28.56066,32.309124,23.483477,2.248598,14.531978,34.491432,3.2808404,8.700972,3.0701277,166.46358,Moderate,2017,5,1,Spring
Ahmedabad,2017-05-02,67.45058,118.127106,17.57473,28.56066,32.309124,23.483477,2.248598,14.531978,34.491432,3.2808404,8.700972,3.0701277,166.46358,Moderate,2017,5,2,Spring
Ahmedabad,2017-05-03,67.45058,118.127106,17.57473,28.56066,32.309124,23.483477,2.248598,14.531978,34.491432,3.2808404,8.700972,3.0701277,166.46358,Moderate,2017,5,3,Spring
Ahmedabad,2017-05-04,67.45058,118.127106,17.57473,28.56066,32.309124,23.483477,2.248598,14.531978,34.491432,3.2808404,8.700972,3.0701277,166.46358,Moderate,2017,5,4,Spring
Ahmedabad,2017-05-05,67.45058,118.127106,17.57473,28.56066,32.309124,23.483477,2.248598,14.531978,34.491432,3.2808404,8.700972,3.0701277,166.46358,Moderate,2017,5,5,Spring
Ahmedabad,2017-05-06,67.45058,118.127106,17.57473,28.56066,32.309124,23.483477,2.248598,14.531978,34.491432,3.2808404,8.700972,3.0701277,166.46358,Moderate,2017,5,6,Spring
Ahmedabad,2017-05-07,67.45058,118.127106,17.57473,28.56066,32.309124,23.483477,2.248598,14.531978,34.491432,3.2808404,8.700972,3.0701277,166.46358,Moderate,2017,5,7,Spring
Ahmedabad,2017-05-08,67.45058,118.127106,17.57473,28.56066,32.309124,23.483477,2.248598,14.531978,34.491432,3.2808404,8.700972,3.0701277,166.46358,Moderate,2017,5,8,Spring
Ahmedabad,2017-05-09,67.45058,118.127106,17.57473,28.56066,32.309124,23.483477,2.248598,14.531978,34.491432,3.2808404,8.700972,3.0701277,166.46358,Moderate,2017,5,9,Spring
Ahmedabad,2017-05-10,67.45058,118.127106,17.57473,28.56066,32.309124,23.483477,2.248598,14.531978,34.491432,3.2808404,8.700972,3.0701277,166.46358,Moderate,2017,5,10,Spring
Ahmedabad,2017-05-11,67.45058,118.127106,17.57473,28.56066,32.309124,23.483477,2.248598,14.531978,34.491432,3.2808404,8.700972,3.0701277,166.46358,Moderate,2017,5,11,Spring
Ahmedabad,2017-05-12,67.45058,118.127106,17.57473,28.56066,32.309124,23.483477,2.248598,14.531978,34.491432,3.2808404,8.700972,3.0701277,166.46358,Moderate,2017,5,12,Spring
Ahmedabad,2017-05-13,67.45058,118.127106,17.57473,28.56066,32.309124,23.483477,2.248598,14.531978,34.491432,3.2808404,8.700972,3.0701277,166.46358,Moderate,2017,5,13,Spring
Ahmedabad,2017-05-14,67.45058,118.127106,17.57473,28.56066,32.309124,23.483477,2.248598,14.531978,34.491432,3.2808404,8.700972,3.0701277,166.46358,Moderate,2017,5,14,Spring
Ahmedabad,2017-05-15,67.45058,118.127106,17.57473,28.56066,32.309124,23.483477,2.248598,14.531978,34.491432,3.2808404,8.700972,3.0701277,166.46358,Moderate,2017,5,15,Spring
Ahmedabad,2017-05-16,67.45058,118.127106,17.57473,28.56066,32.309124,23.483477,2.248598,14.531978,34.491432,3.2808404,8.700972,3.0701277,166.46358,Moderate,2017,5,16,Spring
Ahmedabad,2017-05-17,67.45058,118.127106,17.57473,28.56066,32.309124,23.483477,2.248598,14.531978,34.491432,3.2808404,8.700972,3.0701277,166.46358,Moderate,2017,5,17,Spring
Ahmedabad,2017-05-18,67.45058,118.127106,17.57473,28.56066,32.309124,23.483477,2.248598,14.531978,34.491432,3.2808404,8.700972,3.0701277,166.46358,Moderate,2017,5,18,Spring
Ahmedabad,2017-05-19,67.45058,118.127106,17.57473,28.56066,32.309124,23.483477,2.248598,14.531978,34.491432,3.2808404,8.700972,3.0701277,166.46358,Moderate,2017,5,19,Spring
Ahmedabad,2017-05-20,67.45058,118.127106,17.57473,28.56066,32.309124,23.483477,2.248598,14.531978,34.491432,3.2808404,8.700972,3.0701277,166.46358,Moderate,2017,5,20,Spring
Ahmedabad,2017-05-21,67.45058,118.127106,17.57473,28.56066,32.309124,23.483477,2.248598,14.531978,34.491432,3.2808404,8.700972,3.0701277,166.46358,Moderate,2017,5,21,Spring
Ahmedabad,2017-05-22,67.45058,118.127106,17.57473,28.56066,32.309124,23.483477,2.248598,14.531978,34.491432,3.2808404,8.700972,3.0701277,166.46358,Moderate,2017,5,22,Spring
Ahmedabad,2017-05-23,67.45058,118.127106,17.57473,28.56066,32.309124,23.483477,2.248598,14.531978,34.491432,3.2808404,8.700972,3.0701277,166.46358,Moderate,2017,5,23,Spring
Ahmedabad,2017-05-24,67.45058,118.127106,17.57473,28.56066,32.309124,23.483477,2.248598,14.531978,34.491432,3.2808404,8.700972,3.0701277,166.46358,Moderate,2017,5,24,Spring
Ahmedabad,2017-05-25,67.45058,118.127106,17.57473,28.56066,32.309124,23.483477,2.248598,14.531978,34.491432,3.2808404,8.700972,3.0701277,166.46358,Moderate,2017,5,25,Spring
Ahmedabad,2017-05-26,67.45058,118.127106,17.57473,28.56066,32.309124,23.483477,2.248598,14.531978,34.491432,3.2808404,8.700972,3.0701277,166.46358,Moderate,2017,5,26,Spring
Ahmedabad,2017-05-27,67.45058,118.127106,17.57473,28.56066,32.309124,23.483477,2.248598,14.531978,34.491432,3.2808404,8.700972,3.0701277,166.46358,Moderate,2017,5,27,Spring
Ahmedabad,2017-05-28,67.45058,118.127106,17.57473,28.56066,32.309124,23.483477,2.248598,14.531978,34.491432,3.2808404,8.700972,3.0701277,166.46358,Moderate,2017,5,28,Spring
Ahmedabad,2017-05-29,67.45058,118.127106,17.57473,28.56066,32.309124,23.483477,2.248598,14.531978,34.491432,3.2808404,8.700972,3.0701277,166.46358,Moderate,2017,5,29,Spring
Ahmedabad,2017-05-30,67.45058,118.127106,17.57473,28.56066,32.309124,23.483477,2.248598,14.531978,34.491432,3.2808404,8.700972,3.0701277,166.46358,Moderate,2017,5,30,Spring
Ahmedabad,2017-05-31,67.45058,118.127106,17.57473,28.56066,32.309124,23.483477,2.248598,14.531978,34.491432,3.2808404,8.700972,3.0701277,166.46358,Moderate,2017,5,31,Spring
Ahmedabad,2017-06-01,67.45058,118.127106,17.57473,28.56066,32.309124,23.483477,2.248598,14.531978,34.491432,3.2808404,8.700972,3.0701277,166.46358,Moderate,2017,6,1,Summer
Ahmedabad,2017-06-02,67.45058,118.127106,17.57473,28.56066,32.309124,23.483477,2.248598,14.531978,34.491432,3.2808404,8.700972,3.0701277,166.46358,Moderate,2017,6,2,Summer
Ahmedabad,2017-06-03,67.45058,118.127106,17.57473,28.56066,32.309124,23.483477,2.248598,14.531978,34.491432,3.2808404,8.700972,3.0701277,166.46358,Moderate,2017,6,3,Summer
Ahmedabad,2017-06-04,67.45058,118.127106,17.57473,28.56066,32.309124,23.483477,2.248598,14.531978,34.491432,3.2808404,8.700972,3.0701277,166.46358,Moderate,2017,6,4,Summer
Ahmedabad,2017-06-05,67.45058,118.127106,17.57473,28.56066,32.309124,23.483477,2.248598,14.531978,34.491432,3.2808404,8.700972,3.0701277,166.46358,Moderate,2017,6,5,Summer
Ahmedabad,2017-06-06,67.45058,118.127106,17.57473,28.56066,32.309124,23.483477,2.248598,14.531978,34.491432,3.2808404,8.700972,3.0701277,166.46358,Moderate,2017,6,6,Summer
Ahmedabad,2017-06-07,67.45058,118.127106,17.57473,28.56066,32.309124,23.483477,2.248598,14.531978,34.491432,3.2808404,8.700972,3.0701277,166.46358,Moderate,2017,6,7,Summer
Ahmedabad,2017-06-08,67.45058,118.127106,17.57473,28.56066,32.309124,23.483477,2.248598,14.531978,34.491432,3.2808404,8.700972,3.0701277,166.46358,Moderate,2017,6,8,Summer
Ahmedabad,2017-06-09,67.45058,118.127106,17.57473,28.56066,32.309124,23.483477,2.248598,14.531978,34.491432,3.2808404,8.700972,3.0701277,166.46358,Moderate,2017,6,9,Summer
Ahmedabad,2017-06-10,67.45058,118.127106,17.57473,28.56066,32.309124,23.483477,2.248598,14.531978,34.491432,3.2808404,8.700972,3.0701277,166.46358,Moderate,2017,6,10,Summer
Ahmedabad,2017-06-11,67.45058,118.127106,17.57473,28.56066,32.309124,23.483477,2.248598,14.531978,34.491432,3.2808404,8.700972,3.0701277,166.46358,Moderate,2017,6,11,Summer
Ahmedabad,2017-06-12,67.45058,118.127106,17.57473,28.56066,32.309124,23.483477,2.248598,14.531978,34.491432,3.2808404,8.700972,3.0701277,166.46358,Moderate,2017,6,12,Summer
Ahmedabad,2017-06-13,67.45058,118.127106,17.57473,28.56066,32.309124,23.483477,2.248598,14.531978,34.491432,3.2808404,8.700972,3.0701277,166.46358,Moderate,2017,6,13,Summer
Ahmedabad,2017-06-14,67.45058,118.127106,17.57473,28.56066,32.309124,23.483477,2.248598,14.531978,34.491432,3.2808404,8.700972,3.0701277,166.46358,Moderate,2017,6,14,Summer
Ahmedabad,2017-06-15,67.45058,118.127106,17.57473,28.56066,32.309124,23.483477,2.248598,14.531978,34.491432,3.2808404,8.700972,3.0701277,166.46358,Moderate,2017,6,15,Summer
Ahmedabad,2017-06-16,67.45058,118.127106,17.57473,28.56066,32.309124,23.483477,2.248598,14.531978,34.491432,3.2808404,8.700972,3.0701277,166.46358,Moderate,2017,6,16,Summer
Ahmedabad,2017-06-17,67.45058,118.127106,17.57473,28.56066,32.309124,23.483477,2.248598,14.531978,34.491432,3.2808404,8.700972,3.0701277,166.46358,Moderate,2017,6,17,Summer
Ahmedabad,2017-06-18,67.45058,118.127106,17.57473,28.56066,32.309124,23.483477,2.248598,14.531978,34.491432,3.2808404,8.700972,3.0701277,166.46358,Moderate,2017,6,18,Summer
Ahmedabad,2017-06-19,67.45058,118.127106,17.57473,28.56066,32.309124,23.483477,2.248598,14.531978,34.491432,3.2808404,8.700972,3.0701277,166.46358,Moderate,2017,6,19,Summer
Ahmedabad,2017-06-20,67.45058,118.127106,17.57473,28.56066,32.309124,23.483477,2.248598,14.531978,34.491432,3.2808404,8.700972,3.0701277,166.46358,Moderate,2017,6,20,Summer
Ahmedabad,2017-06-21,67.45058,118.127106,17.57473,28.56066,32.309124,23.483477,2.248598,14.531978,34.491432,3.2808404,8.700972,3.0701277,166.46358,Moderate,2017,6,21,Summer
Ahmedabad,2017-06-22,67.45058,118.127106,17.57473,28.56066,32.309124,23.483477,2.248598,14.531978,34.491432,3.2808404,8.700972,3.0701277,166.46358,Moderate,2017,6,22,Summer
Ahmedabad,2017-06-23,67.45058,118.127106,17.57473,28.56066,32.309124,23.483477,2.248598,14.531978,34.491432,3.2808404,8.700972,3.0701277,166.46358,Moderate,2017,6,23,Summer
Ahmedabad,2017-06-24,67.45058,118.127106,17.57473,28.56066,32.309124,23.483477,2.248598,14.531978,34.491432,3.2808404,8.700972,3.0701277,166.46358,Moderate,2017,6,24,Summer
Ahmedabad,2017-06-25,67.45058,118.127106,17.57473,28.56066,32.309124,23.483477,2.248598,14.531978,34.491432,3.2808404,8.700972,3.0701277,166.46358,Moderate,2017,6,25,Summer
Ahmedabad,2017-06-26,67.45058,118.127106,17.57473,28.56066,32.309124,23.483477,2.248598,14.531978,34.491432,3.2808404,8.700972,3.0701277,166.46358,Moderate,2017,6,26,Summer
Ahmedabad,2017-06-27,67.45058,118.127106,17.57473,28.56066,32.309124,23.483477,2.248598,14.531978,34.491432,3.2808404,8.700972,3.0701277,166.46358,Moderate,2017,6,27,Summer
Ahmedabad,2017-06-28,67.45058,118.127106,17.57473,28.56066,32.309124,23.483477,2.248598,14.531978,34.491432,3.2808404,8.700972,3.0701277,166.46358,Moderate,2017,6,28,Summer
Ahmedabad,2017-06-29,67.45058,118.127106,17.57473,28.56066,32.309124,23.483477,2.248598,14.531978,34.491432,3.2808404,8.700972,3.0701277,166.46358,Moderate,2017,6,29,Summer
Ahmedabad,2017-06-30,67.45058,118.127106,17.57473,28.56066,32.309124,23.483477,2.248598,14.531978,34.491432,3.2808404,8.700972,3.0701277,166.46358,Moderate,2017,6,30,Summer
Ahmedabad,2017-07-01,67.45058,118.127106,17.57473,28.56066,32.309124,23.483477,2.248598,14.531978,34.491432,3.2808404,8.700972,3.0701277,166.46358,Moderate,2017,7,1,Summer
Ahmedabad,2017-07-02,67.45058,118.127106,17.57473,28.56066,32.309124,23.483477,2.248598,14.531978,34.491432,3.2808404,8.700972,3.0701277,166.46358,Moderate,2017,7,2,Summer
Ahmedabad,2017-07-03,67.45058,118.127106,17.57473,28.56066,32.309124,23.483477,2.248598,14.531978,34.491432,3.2808404,8.700972,3.0701277,166.46358,Moderate,2017,7,3,Summer
Ahmedabad,2017-07-04,67.45058,118.127106,17.57473,28.56066,32.309124,23.483477,2.248598,14.531978,34.491432,3.2808404,8.700972,3.0701277,166.46358,Moderate,2017,7,4,Summer
Ahmedabad,2017-07-05,67.45058,118.127106,17.57473,28.56066,32.309124,23.483477,2.248598,14.531978,34.491432,3.2808404,8.700972,3.0701277,166.46358,Moderate,2017,7,5,Summer
Ahmedabad,2017-07-06,67.45058,118.127106,17.57473,28.56066,32.309124,23.483477,2.248598,14.531978,34.491432,3.2808404,8.700972,3.0701277,166.46358,Moderate,2017,7,6,Summer
Ahmedabad,2017-07-07,67.45058,118.127106,17.57473,28.56066,32.309124,23.483477,2.248598,14.531978,34.491432,3.2808404,8.700972,3.0701277,166.46358,Moderate,2017,7,7,Summer
Ahmedabad,2017-07-08,67.45058,118.127106,17.57473,28.56066,32.309124,23.483477,2.248598,14.531978,34.491432,3.2808404,8.700972,3.0701277,166.46358,Moderate,2017,7,8,Summer
Ahmedabad,2017-07-09,67.45058,118.127106,17.57473,28.56066,32.309124,23.483477,2.248598,14.531978,34.491432,3.2808404,8.700972,3.0701277,166.46358,Moderate,2017,7,9,Summer
Ahmedabad,2017-07-10,67.45058,118.127106,17.57473,28.56066,32.309124,23.483477,2.248598,14.531978,34.491432,3.2808404,8.700972,3.0701277,166.46358,Moderate,2017,7,10,Summer
Ahmedabad,2017-07-11,67.45058,118.127106,17.57473,28.56066,32.309124,23.483477,2.248598,14.531978,34.491432,3.2808404,8.700972,3.0701277,166.46358,Moderate,2017,7,11,Summer
Ahmedabad,2017-07-12,67.45058,118.127106,17.57473,28.56066,32.309124,23.483477,2.248598,14.531978,34.491432,3.2808404,8.700972,3.0701277,166.46358,Moderate,2017,7,12,Summer
Ahmedabad,2017-07-13,67.45058,118.127106,17.57473,28.56066,32.309124,23.483477,2.248598,14.531978,34.491432,3.2808404,8.700972,3.0701277,166.46358,Moderate,2017,7,13,Summer
Ahmedabad,2017-07-14,67.45058,118.127106,17.57473,28.56066,32.309124,23.483477,2.248598,14.531978,34.491432,3.2808404,8.700972,3.0701277,166.46358,Moderate,2017,7,14,Summer
Ahmedabad,2017-07-15,67.45058,118.127106,17.57473,28.56066,32.309124,23.483477,2.248598,14.531978,34.491432,3.2808404,8.700972,3.0701277,166.46358,Moderate,2017,7,15,Summer
Ahmedabad,2017-07-16,67.45058,118.127106,17.57473,28.56066,32.309124,23.483477,2.248598,14.531978,34.491432,3.2808404,8.700972,3.0701277,166.46358,Moderate,2017,7,16,Summer
Ahmedabad,2017-07-17,67.45058,118.127106,17.57473,28.56066,32.309124,23.483477,2.248598,14.531978,34.491432,3.2808404,8.700972,3.0701277,166.46358,Moderate,2017,7,17,Summer
Ahmedabad,2017-07-18,67.45058,118.127106,17.57473,28.56066,32.309124,23.483477,2.248598,14.531978,34.491432,3.2808404,8.700972,3.0701277,166.46358,Moderate,2017,7,18,Summer
Ahmedabad,2017-07-19,67.45058,118.127106,17.57473,28.56066,32.309124,23.483477,2.248598,14.531978,34.491432,3.2808404,8.700972,3.0701277,166.46358,Moderate,2017,7,19,Summer
Ahmedabad,2017-07-20,67.45058,118.127106,17.57473,28.56066,32.309124,23.483477,2.248598,14.531978,34.491432,3.2808404,8.700972,3.0701277,166.46358,Moderate,2017,7,20,Summer
Ahmedabad,2017-07-21,67.45058,118.127106,17.57473,28.56066,32.309124,23.483477,2.248598,14.531978,34.491432,3.2808404,8.700972,3.0701277,166.46358,Moderate,2017,7,21,Summer
Ahmedabad,2017-07-22,67.45058,118.127106,17.57473,28.56066,32.309124,23.483477,2.248598,14.531978,34.491432,3.2808404,8.700972,3.0701277,166.46358,Moderate,2017,7,22,Summer
Ahmedabad,2017-07-23,67.45058,118.127106,17.57473,28.56066,32.309124,23.483477,2.248598,14.531978,34.491432,3.2808404,8.700972,3.0701277,166.46358,Moderate,2017,7,23,Summer
Ahmedabad,2017-07-24,67.45058,118.127106,17.57473,28.56066,32.309124,23.483477,2.248598,14.531978,34.491432,3.2808404,8.700972,3.0701277,166.46358,Moderate,2017,7,24,Summer
Ahmedabad,2017-07-25,67.45058,118.127106,17.57473,28.56066,32.309124,23.483477,2.248598,14.531978,34.491432,3.2808404,8.700972,3.0701277,166.46358,Moderate,2017,7,25,Summer
Ahmedabad,2017-07-26,67.45058,118.127106,17.57473,28.56066,32.309124,23.483477,2.248598,14.531978,34.491432,3.2808404,8.700972,3.0701277,166.46358,Moderate,2017,7,26,Summer
Ahmedabad,2017-07-27,67.45058,118.127106,17.57473,28.56066,32.309124,23.483477,2.248598,14.531978,34.491432,3.2808404,8.700972,3.0701277,166.46358,Moderate,2017,7,27,Summer
Ahmedabad,2017-07-28,67.45058,118.127106,17.57473,28.56066,32.309124,23.483477,2.248598,14.531978,34.491432,3.2808404,8.700972,3.0701277,166.46358,Moderate,2017,7,28,Summer
Ahmedabad,2017-07-29,67.45058,118.127106,17.57473,28.56066,32.309124,23.483477,2.248598,14.531978,34.491432,3.2808404,8.700972,3.0701277,166.46358,Moderate,2017,7,29,Summer
Ahmedabad,2017-07-30,67.45058,118.127106,17.57473,28.56066,32.309124,23.483477,2.248598,14.531978,34.491432,3.2808404,8.700972,3.0701277,166.46358,Moderate,2017,7,30,Summer
Ahmedabad,2017-07-31,67.45058,118.127106,17.57473,28.56066,32.309124,23.483477,2.248598,14.531978,34.491432,3.2808404,8.700972,3.0701277,166.46358,Moderate,2017,7,31,Summer
Ahmedabad,2017-08-01,67.45058,118.127106,17.57473,28.56066,32.309124,23.483477,2.248598,14.531978,34.491432,3.2808404,8.700972,3.0701277,166.46358,Moderate,2017,8,1,Summer
Ahmedabad,2017-08-02,67.45058,118.127106,17.57473,28.56066,32.309124,23.483477,2.248598,14.531978,34.491432,3.2808404,8.700972,3.0701277,166.46358,Moderate,2017,8,2,Summer
Ahmedabad,2017-08-03,67.45058,118.127106,17.57473,28.56066,32.309124,23.483477,2.248598,14.531978,34.491432,3.2808404,8.700972,3.0701277,166.46358,Moderate,2017,8,3,Summer
Ahmedabad,2017-08-04,67.45058,118.127106,17.57473,28.56066,32.309124,23.483477,2.248598,14.531978,34.491432,3.2808404,8.700972,3.0701277,166.46358,Moderate,2017,8,4,Summer
Ahmedabad,2017-08-05,67.45058,118.127106,17.57473,28.56066,32.309124,23.483477,2.248598,14.531978,34.491432,3.2808404,8.700972,3.0701277,166.46358,Moderate,2017,8,5,Summer
Ahmedabad,2017-08-06,67.45058,118.127106,17.57473,28.56066,32.309124,23.483477,2.248598,14.531978,34.491432,3.2808404,8.700972,3.0701277,166.46358,Moderate,2017,8,6,Summer
Ahmedabad,2017-08-07,67.45058,118.127106,17.57473,28.56066,32.309124,23.483477,2.248598,14.531978,34.491432,3.2808404,8.700972,3.0701277,166.46358,Moderate,2017,8,7,Summer
Ahmedabad,2017-08-08,67.45058,118.127106,17.57473,28.56066,32.309124,23.483477,2.248598,14.531978,34.491432,3.2808404,8.700972,3.0701277,166.46358,Moderate,2017,8,8,Summer
Ahmedabad,2017-08-09,67.45058,118.127106,17.57473,28.56066,32.309124,23.483477,2.248598,14.531978,34.491432,3.2808404,8.700972,3.0701277,166.46358,Moderate,2017,8,9,Summer
Ahmedabad,2017-08-10,67.45058,118.127106,17.57473,28.56066,32.309124,23.483477,2.248598,14.531978,34.491432,3.2808404,8.700972,3.0701277,166.46358,Moderate,2017,8,10,Summer
Ahmedabad,2017-08-11,67.45058,118.127106,17.57473,28.56066,32.309124,23.483477,2.248598,14.531978,34.491432,3.2808404,8.700972,3.0701277,166.46358,Moderate,2017,8,11,Summer
Ahmedabad,2017-08-12,67.45058,118.127106,17.57473,28.56066,32.309124,23.483477,2.248598,14.531978,34.491432,3.2808404,8.700972,3.0701277,166.46358,Moderate,2017,8,12,Summer
Ahmedabad,2017-08-13,67.45058,118.127106,17.57473,28.56066,32.309124,23.483477,2.248598,14.531978,34.491432,3.2808404,8.700972,3.0701277,166.46358,Moderate,2017,8,13,Summer
Ahmedabad,2017-08-14,67.45058,118.127106,17.57473,28.56066,32.309124,23.483477,2.248598,14.531978,34.491432,3.2808404,8.700972,3.0701277,166.46358,Moderate,2017,8,14,Summer
Ahmedabad,2017-08-15,67.45058,118.127106,17.57473,28.56066,32.309124,23.483477,2.248598,14.531978,34.491432,3.2808404,8.700972,3.0701277,166.46358,Moderate,2017,8,15,Summer
Ahmedabad,2017-08-16,67.45058,118.127106,17.57473,28.56066,32.309124,23.483477,2.248598,14.531978,34.491432,3.2808404,8.700972,3.0701277,166.46358,Moderate,2017,8,16,Summer
Ahmedabad,2017-08-17,67.45058,118.127106,17.57473,28.56066,32.309124,23.483477,2.248598,14.531978,34.491432,3.2808404,8.700972,3.0701277,166.46358,Moderate,2017,8,17,Summer
Ahmedabad,2017-08-18,67.45058,118.127106,17.57473,28.56066,32.309124,23.483477,2.248598,14.531978,34.491432,3.2808404,8.700972,3.0701277,166.46358,Moderate,2017,8,18,Summer
Ahmedabad,2017-08-19,67.45058,118.127106,17.57473,28.56066,32.309124,23.483477,2.248598,14.531978,34.491432,3.2808404,8.700972,3.0701277,166.46358,Moderate,2017,8,19,Summer
Ahmedabad,2017-08-20,67.45058,118.127106,17.57473,28.56066,32.309124,23.483477,2.248598,14.531978,34.491432,3.2808404,8.700972,3.0701277,166.46358,Moderate,2017,8,20,Summer
Ahmedabad,2017-08-21,67.45058,118.127106,17.57473,28.56066,32.309124,23.483477,2.248598,14.531978,34.491432,3.2808404,8.700972,3.0701277,166.46358,Moderate,2017,8,21,Summer
Ahmedabad,2017-08-22,67.45058,118.127106,17.57473,28.56066,32.309124,23.483477,2.248598,14.531978,34.491432,3.2808404,8.700972,3.0701277,166.46358,Moderate,2017,8,22,Summer
Ahmedabad,2017-08-23,67.45058,118.127106,17.57473,28.56066,32.309124,23.483477,2.248598,14.531978,34.491432,3.2808404,8.700972,3.0701277,166.46358,Moderate,2017,8,23,Summer
Ahmedabad,2017-08-24,67.45058,118.127106,17.57473,28.56066,32.309124,23.483477,2.248598,14.531978,34.491432,3.2808404,8.700972,3.0701277,166.46358,Moderate,2017,8,24,Summer
Ahmedabad,2017-08-25,67.45058,118.127106,17.57473,28.56066,32.309124,23.483477,2.248598,14.531978,34.491432,3.2808404,8.700972,3.0701277,166.46358,Moderate,2017,8,25,Summer
Ahmedabad,2017-08-26,67.45058,118.127106,17.57473,28.56066,32.309124,23.483477,2.248598,14.531978,34.491432,3.2808404,8.700972,3.0701277,166.46358,Moderate,2017,8,26,Summer
Ahmedabad,2017-08-27,67.45058,118.127106,17.57473,28.56066,32.309124,23.483477,2.248598,14.531978,34.491432,3.2808404,8.700972,3.0701277,166.46358,Moderate,2017,8,27,Summer
Ahmedabad,2017-08-28,67.45058,118.127106,17.57473,28.56066,32.309124,23.483477,2.248598,14.531978,34.491432,3.2808404,8.700972,3.0701277,166.46358,Moderate,2017,8,28,Summer
Ahmedabad,2017-08-29,67.45058,118.127106,17.57473,28.56066,32.309124,23.483477,2.248598,14.531978,34.491432,3.2808404,8.700972,3.0701277,166.46358,Moderate,2017,8,29,Summer
Ahmedabad,2017-08-30,67.45058,118.127106,17.57473,28.56066,32.309124,23.483477,2.248598,14.531978,34.491432,3.2808404,8.700972,3.0701277,166.46358,Moderate,2017,8,30,Summer
Ahmedabad,2017-08-31,67.45058,118.127106,17.57473,28.56066,32.309124,23.483477,2.248598,14.531978,34.491432,3.2808404,8.700972,3.0701277,166.46358,Moderate,2017,8,31,Summer
Ahmedabad,2017-09-01,67.45058,118.127106,17.57473,28.56066,32.309124,23.483477,2.248598,14.531978,34.491432,3.2808404,8.700972,3.0701277,166.46358,Moderate,2017,9,1,Autumn
Ahmedabad,2017-09-02,67.45058,118.127106,17.57473,28.56066,32.309124,23.483477,2.248598,14.531978,34.491432,3.2808404,8.700972,3.0701277,166.46358,Moderate,2017,9,2,Autumn
Ahmedabad,2017-09-03,67.45058,118.127106,17.57473,28.56066,32.309124,23.483477,2.248598,14.531978,34.491432,3.2808404,8.700972,3.0701277,166.46358,Moderate,2017,9,3,Autumn
Ahmedabad,2017-09-04,67.45058,118.127106,17.57473,28.56066,32.309124,23.483477,2.248598,14.531978,34.491432,3.2808404,8.700972,3.0701277,166.46358,Moderate,2017,9,4,Autumn
Ahmedabad,2017-09-05,67.45058,118.127106,17.57473,28.56066,32.309124,23.483477,2.248598,14.531978,34.491432,3.2808404,8.700972,3.0701277,166.46358,Moderate,2017,9,5,Autumn
Ahmedabad,2017-09-06,67.45058,118.127106,17.57473,28.56066,32.309124,23.483477,2.248598,14.531978,34.491432,3.2808404,8.700972,3.0701277,166.46358,Moderate,2017,9,6,Autumn
Ahmedabad,2017-09-07,67.45058,118.127106,17.57473,28.56066,32.309124,23.483477,2.248598,14.531978,34.491432,3.2808404,8.700972,3.0701277,166.46358,Moderate,2017,9,7,Autumn
Ahmedabad,2017-09-08,67.45058,118.127106,17.57473,28.56066,32.309124,23.483477,2.248598,14.531978,34.491432,3.2808404,8.700972,3.0701277,166.46358,Moderate,2017,9,8,Autumn
Ahmedabad,2017-09-09,67.45058,118.127106,17.57473,28.56066,32.309124,23.483477,2.248598,14.531978,34.491432,3.2808404,8.700972,3.0701277,166.46358,Moderate,2017,9,9,Autumn
Ahmedabad,2017-09-10,67.45058,118.127106,17.57473,28.56066,32.309124,23.483477,2.248598,14.531978,34.491432,3.2808404,8.700972,3.0701277,166.46358,Moderate,2017,9,10,Autumn
Ahmedabad,2017-09-11,67.45058,118.127106,17.57473,28.56066,32.309124,23.483477,2.248598,14.531978,34.491432,3.2808404,8.700972,3.0701277,166.46358,Moderate,2017,9,11,Autumn
Ahmedabad,2017-09-12,67.45058,118.127106,17.57473,28.56066,32.309124,23.483477,2.248598,14.531978,34.491432,3.2808404,8.700972,3.0701277,166.46358,Moderate,2017,9,12,Autumn
Ahmedabad,2017-09-13,67.45058,118.127106,17.57473,28.56066,32.309124,23.483477,2.248598,14.531978,34.491432,3.2808404,8.700972,3.0701277,166.46358,Moderate,2017,9,13,Autumn
Ahmedabad,2017-09-14,67.45058,118.127106,17.57473,28.56066,32.309124,23.483477,2.248598,14.531978,34.491432,3.2808404,8.700972,3.0701277,166.46358,Moderate,2017,9,14,Autumn
Ahmedabad,2017-09-15,67.45058,118.127106,17.57473,28.56066,32.309124,23.483477,2.248598,14.531978,34.491432,3.2808404,8.700972,3.0701277,166.46358,Moderate,2017,9,15,Autumn
Ahmedabad,2017-09-16,67.45058,118.127106,17.57473,28.56066,32.309124,23.483477,2.248598,14.531978,34.491432,3.2808404,8.700972,3.0701277,166.46358,Moderate,2017,9,16,Autumn
Ahmedabad,2017-09-17,67.45058,118.127106,17.57473,28.56066,32.309124,23.483477,2.248598,14.531978,34.491432,3.2808404,8.700972,3.0701277,166.46358,Moderate,2017,9,17,Autumn
Ahmedabad,2017-09-18,67.45058,118.127106,17.57473,28.56066,32.309124,23.483477,2.248598,14.531978,34.491432,3.2808404,8.700972,3.0701277,166.46358,Moderate,2017,9,18,Autumn
Ahmedabad,2017-09-19,67.45058,118.127106,17.57473,28.56066,32.309124,23.483477,2.248598,14.531978,34.491432,3.2808404,8.700972,3.0701277,166.46358,Moderate,2017,9,19,Autumn
Ahmedabad,2017-09-20,67.45058,118.127106,17.57473,28.56066,32.309124,23.483477,2.248598,14.531978,34.491432,3.2808404,8.700972,3.0701277,166.46358,Moderate,2017,9,20,Autumn
Ahmedabad,2017-09-21,67.45058,118.127106,17.57473,28.56066,32.309124,23.483477,2.248598,14.531978,34.491432,3.2808404,8.700972,3.0701277,166.46358,Moderate,2017,9,21,Autumn
Ahmedabad,2017-09-22,67.45058,118.127106,17.57473,28.56066,32.309124,23.483477,2.248598,14.531978,34.491432,3.2808404,8.700972,3.0701277,166.46358,Moderate,2017,9,22,Autumn
Ahmedabad,2017-09-23,67.45058,118.127106,17.57473,28.56066,32.309124,23.483477,2.248598,14.531978,34.491432,3.2808404,8.700972,3.0701277,166.46358,Moderate,2017,9,23,Autumn
Ahmedabad,2017-09-24,67.45058,118.127106,17.57473,28.56066,32.309124,23.483477,2.248598,14.531978,34.491432,3.2808404,8.700972,3.0701277,166.46358,Moderate,2017,9,24,Autumn
Ahmedabad,2017-09-25,67.45058,118.127106,17.57473,28.56066,32.309124,23.483477,2.248598,14.531978,34.491432,3.2808404,8.700972,3.0701277,166.46358,Moderate,2017,9,25,Autumn
Ahmedabad,2017-09-26,67.45058,118.127106,17.57473,28.56066,32.309124,23.483477,2.248598,14.531978,34.491432,0.0,0.0,0.0,166.46358,Moderate,2017,9,26,Autumn
Ahmedabad,2017-09-27,67.45058,118.127106,17.57473,28.56066,32.309124,23.483477,2.248598,14.531978,34.491432,0.0,0.0,0.0,166.46358,Moderate,2017,9,27,Autumn
Ahmedabad,2017-09-28,67.45058,118.127106,17.57473,28.56066,32.309124,23.483477,2.248598,14.531978,34.491432,0.0,0.0,0.0,166.46358,Moderate,2017,9,28,Autumn
Ahmedabad,2017-09-29,67.45058,118.127106,17.57473,28.56066,32.309124,23.483477,2.248598,14.531978,34.491432,0.0,0.0,0.0,166.46358,Moderate,2017,9,29,Autumn
Ahmedabad,2017-09-30,67.45058,118.127106,17.57473,28.56066,32.309124,23.483477,2.248598,14.531978,34.491432,3.2808404,8.700972,3.0701277,166.46358,Moderate,2017,9,30,Autumn
Ahmedabad,2017-10-01,67.45058,118.127106,17.57473,28.56066,32.309124,23.483477,2.248598,14.531978,34.491432,3.2808404,8.700972,3.0701277,166.46358,Moderate,2017,10,1,Autumn
Ahmedabad,2017-10-02,67.45058,118.127106,17.57473,28.56066,32.309124,23.483477,2.248598,14.531978,34.491432,3.2808404,8.700972,3.0701277,166.46358,Moderate,2017,10,2,Autumn
Ahmedabad,2017-10-03,67.45058,118.127106,17.57473,28.56066,32.309124,23.483477,2.248598,14.531978,34.491432,3.2808404,8.700972,3.0701277,166.46358,Moderate,2017,10,3,Autumn
Ahmedabad,2017-10-04,67.45058,118.127106,17.57473,28.56066,32.309124,23.483477,2.248598,14.531978,34.491432,3.2808404,8.700972,3.0701277,166.46358,Moderate,2017,10,4,Autumn
Ahmedabad,2017-10-05,67.45058,118.127106,17.57473,28.56066,32.309124,23.483477,2.248598,14.531978,34.491432,3.2808404,8.700972,3.0701277,166.46358,Moderate,2017,10,5,Autumn
Ahmedabad,2017-10-06,67.45058,118.127106,17.57473,28.56066,32.309124,23.483477,2.248598,14.531978,34.491432,3.2808404,8.700972,3.0701277,166.46358,Moderate,2017,10,6,Autumn
Ahmedabad,2017-10-07,67.45058,118.127106,17.57473,28.56066,32.309124,23.483477,2.248598,14.531978,34.491432,3.2808404,8.700972,3.0701277,166.46358,Moderate,2017,10,7,Autumn
Ahmedabad,2017-10-08,67.45058,118.127106,17.57473,28.56066,32.309124,23.483477,2.248598,14.531978,34.491432,3.2808404,8.700972,3.0701277,166.46358,Moderate,2017,10,8,Autumn
Ahmedabad,2017-10-09,67.45058,118.127106,17.57473,28.56066,32.309124,23.483477,2.248598,14.531978,34.491432,3.2808404,8.700972,3.0701277,166.46358,Moderate,2017,10,9,Autumn
Ahmedabad,2017-10-10,64.55,118.127106,17.57473,28.56066,45.75,23.483477,2.248598,14.531978,17.7,5.11,18.77,1.11,166.46358,Moderate,2017,10,10,Autumn
Ahmedabad,2017-10-11,61.72,118.127106,17.57473,28.56066,36.6,23.483477,2.248598,14.531978,9.73,4.67,15.99,0.64,105.0,Moderate,2017,10,11,Autumn
Ahmedabad,2017-10-12,67.45058,118.127106,17.57473,28.56066,32.309124,23.483477,2.248598,14.531978,34.491432,3.2808404,8.700972,3.0701277,166.46358,Moderate,2017,10,12,Autumn
Ahmedabad,2017-10-13,67.45058,118.127106,17.57473,28.56066,32.309124,23.483477,2.248598,14.531978,34.491432,3.2808404,8.700972,3.0701277,166.46358,Moderate,2017,10,13,Autumn
Ahmedabad,2017-10-14,67.45058,118.127106,17.57473,28.56066,32.309124,23.483477,2.248598,14.531978,34.491432,3.2808404,8.700972,3.0701277,166.46358,Moderate,2017,10,14,Autumn
Ahmedabad,2017-10-15,67.45058,118.127106,17.57473,28.56066,32.309124,23.483477,2.248598,14.531978,34.491432,3.2808404,8.700972,3.0701277,166.46358,Moderate,2017,10,15,Autumn
Ahmedabad,2017-10-16,67.45058,118.127106,17.57473,28.56066,32.309124,23.483477,2.248598,14.531978,34.491432,3.2808404,8.700972,3.0701277,166.46358,Moderate,2017,10,16,Autumn
Ahmedabad,2017-10-17,67.45058,118.127106,17.57473,28.56066,32.309124,23.483477,2.248598,14.531978,34.491432,3.2808404,8.700972,3.0701277,166.46358,Moderate,2017,10,17,Autumn
Ahmedabad,2017-10-18,76.32,118.127106,17.57473,28.56066,75.0,23.483477,2.248598,14.531978,34.491432,10.89,34.37,2.43,166.46358,Moderate,2017,10,18,Autumn
Ahmedabad,2017-10-19,67.45058,118.127106,17.57473,28.56066,32.309124,23.483477,2.248598,14.531978,34.491432,3.2808404,8.700972,3.0701277,166.46358,Moderate,2017,10,19,Autumn
Ahmedabad,2017-10-20,109.16,118.127106,17.57473,28.56066,76.3,23.483477,2.248598,14.531978,40.28,7.6,22.13,1.42,166.46358,Moderate,2017,10,20,Autumn
Ahmedabad,2017-10-22,59.26,118.127106,17.57473,28.56066,28.25,23.483477,2.248598,14.531978,26.22,5.08,10.27,1.19,146.0,Moderate,2017,10,22,Autumn
Ahmedabad,2017-10-23,51.72,118.127106,17.57473,28.56066,34.62,23.483477,2.248598,14.531978,24.71,5.35,10.47,0.92,80.0,Satisfactory,2017,10,23,Autumn
Ahmedabad,2017-10-24,67.4,118.127106,17.57473,28.56066,37.53,23.483477,2.248598,14.531978,19.89,7.54,15.47,1.19,102.0,Moderate,2017,10,24,Autumn
Ahmedabad,2017-10-30,67.45058,118.127106,17.57473,28.56066,32.309124,23.483477,2.248598,14.531978,34.491432,3.2808404,8.700972,3.0701277,166.46358,Moderate,2017,10,30,Autumn
Ahmedabad,2017-10-31,77.12,118.127106,3.96,25.16,15.09,23.483477,3.96,28.73,56.01,2.56,8.52,1.16,166.46358,Moderate,2017,10,31,Autumn
Ahmedabad,2017-11-01,67.45058,118.127106,17.57473,28.56066,0.0,23.483477,2.248598,14.531978,34.491432,0.0,0.0,0.0,166.46358,Moderate,2017,11,1,Autumn
Ahmedabad,2017-11-02,67.45058,118.127106,17.57473,28.56066,0.0,23.483477,2.248598,14.531978,34.491432,0.0,0.0,0.0,166.46358,Moderate,2017,11,2,Autumn
Ahmedabad,2017-11-16,85.32,118.127106,5.06,31.48,15.88,23.483477,5.06,124.92,28.71,14.55,0.55,6.98,195.0,Moderate,2017,11,16,Autumn
Ahmedabad,2017-11-17,143.07,118.127106,5.85,73.39,40.17,23.483477,5.85,132.05,42.6,15.08,0.51,4.07,291.0,Poor,2017,11,17,Autumn
Ahmedabad,2017-12-03,58.62,118.127106,5.49,61.64,34.16,23.483477,5.49,88.67,86.71,8.51,31.34,3.59,205.0,Poor,2017,12,3,Winter
Ahmedabad,2017-12-04,68.53,118.127106,5.78,61.38,34.25,23.483477,5.78,85.69,88.35,9.43,38.61,4.86,164.0,Moderate,2017,12,4,Winter
Ahmedabad,2017-12-05,81.38,118.127106,5.9,55.07,31.27,23.483477,5.9,58.91,39.29,11.0,41.5,16.69,187.0,Moderate,2017,12,5,Winter
Ahmedabad,2017-12-06,56.54,118.127106,5.46,32.13,19.75,23.483477,5.46,31.81,66.39,8.81,27.96,3.73,149.0,Moderate,2017,12,6,Winter
Ahmedabad,2017-12-07,74.08,118.127106,7.19,57.73,33.53,23.483477,7.19,45.02,40.27,15.38,53.13,9.9,215.0,Poor,2017,12,7,Winter
Ahmedabad,2017-12-08,62.76,118.127106,5.58,62.02,34.05,23.483477,5.58,74.08,83.18,14.84,67.56,10.1,284.0,Poor,2017,12,8,Winter
Ahmedabad,2017-12-09,86.09,118.127106,5.9,72.14,39.59,23.483477,5.9,114.3,59.39,16.74,75.26,9.42,167.0,Moderate,2017,12,9,Winter
Ahmedabad,2017-12-12,52.15,118.127106,15.98,65.44,43.85,23.483477,15.98,86.58,58.81,1.82,12.48,28.35,295.0,Poor,2017,12,12,Winter
Ahmedabad,2017-12-15,86.9,118.127106,7.54,76.2,42.8,23.483477,7.54,105.41,72.02,8.28,27.53,8.36,250.0,Poor,2017,12,15,Winter
Ahmedabad,2017-12-16,77.34,118.127106,6.33,61.41,34.68,23.483477,6.33,102.44,75.64,12.03,37.64,3.29,232.0,Poor,2017,12,16,Winter
Ahmedabad,2017-12-17,65.93,118.127106,5.7,45.55,26.48,23.483477,5.7,99.74,105.69,9.37,36.74,3.21,174.0,Moderate,2017,12,17,Winter
Ahmedabad,2017-12-18,66.58,118.127106,7.16,62.16,35.66,23.483477,7.16,98.89,66.87,11.34,52.45,9.93,198.0,Moderate,2017,12,18,Winter
Ahmedabad,2017-12-21,72.04,118.127106,7.78,73.92,41.87,23.483477,7.78,114.05,73.53,15.03,58.24,7.72,246.0,Poor,2017,12,21,Winter
Ahmedabad,2017-12-22,67.44,118.127106,5.95,62.74,35.05,23.483477,5.95,99.05,93.19,12.12,47.21,5.22,216.0,Poor,2017,12,22,Winter
Ahmedabad,2018-01-01,84.46,118.127106,7.58,87.62,48.4,23.483477,7.58,102.36,69.02,14.48,45.6,6.33,278.0,Poor,2018,1,1,Winter
Ahmedabad,2018-01-02,76.51,118.127106,9.26,76.69,44.32,23.483477,9.26,103.46,93.51,14.29,61.83,7.48,256.0,Poor,2018,1,2,Winter
Ahmedabad,2018-01-03,63.88,118.127106,13.87,69.32,44.16,23.483477,13.87,70.3,105.33,12.77,60.99,9.5,300.0,Poor,2018,1,3,Winter
Ahmedabad,2018-01-09,66.89,118.127106,5.86,92.57,49.53,23.483477,5.86,89.53,68.56,9.0,37.96,4.21,216.0,Poor,2018,1,9,Winter
Ahmedabad,2018-01-20,88.69,118.127106,52.45,164.88,122.7,23.483477,52.45,100.85,60.49,26.98,118.22,24.42,166.46358,Moderate,2018,1,20,Winter
Ahmedabad,2018-02-14,65.35,118.127106,6.17,104.31,53.74,23.483477,6.17,59.29,64.67,0.74,5.81,3.21,172.0,Moderate,2018,2,14,Winter
Ahmedabad,2018-02-24,67.45058,118.127106,17.57473,28.56066,32.309124,23.483477,2.248598,14.531978,34.491432,3.2808404,8.700972,3.0701277,166.46358,Moderate,2018,2,24,Winter
Ahmedabad,2018-02-25,38.82,118.127106,27.81,125.35,81.9,23.483477,27.81,91.52,46.78,7.73,72.55,16.33,166.46358,Moderate,2018,2,25,Winter
Ahmedabad,2018-03-01,54.45,118.127106,8.51,116.22,63.04,23.483477,8.51,167.13,9.36,11.97,70.75,17.01,291.0,Poor,2018,3,1,Spring
Ahmedabad,2018-03-02,53.5,118.127106,4.52,105.31,54.74,23.483477,4.52,171.32,34.491432,11.62,69.29,16.62,132.0,Moderate,2018,3,2,Spring
Ahmedabad,2018-03-03,41.64,118.127106,13.79,104.44,61.23,23.483477,13.79,109.4,63.12,12.47,69.84,13.17,212.0,Poor,2018,3,3,Spring
Ahmedabad,2018-03-19,98.49,118.127106,17.14,87.62,55.53,23.483477,17.14,56.14,34.491432,7.12,31.65,5.03,301.0,Very Poor,2018,3,19,Spring
Ahmedabad,2018-04-04,62.83,118.127106,21.11,68.69,49.24,23.483477,21.11,67.09,71.3,9.24,29.75,5.67,265.0,Poor,2018,4,4,Spring
Ahmedabad,2018-04-07,90.13,118.127106,15.24,81.38,51.07,23.483477,15.24,73.62,73.07,8.88,32.62,5.49,304.0,Very Poor,2018,4,7,Spring
Ahmedabad,2018-04-20,71.3,118.127106,7.93,35.8,23.38,23.483477,7.93,63.28,34.83,0.74,6.61,3.21,274.0,Poor,2018,4,20,Spring
Ahmedabad,2018-04-21,37.9,118.127106,4.96,31.24,18.93,23.483477,4.96,16.31,34.76,0.74,15.2,3.21,210.0,Poor,2018,4,21,Spring
Ahmedabad,2018-04-29,39.97,118.127106,7.15,32.39,19.83,23.483477,7.15,30.7,36.08,2.62,15.35,3.21,219.0,Poor,2018,4,29,Spring
Ahmedabad,2018-05-02,46.17,118.127106,10.7,30.48,22.85,23.483477,10.7,51.35,27.9,6.65,28.04,0.65,286.0,Poor,2018,5,2,Spring
Ahmedabad,2018-05-04,41.81,118.127106,8.66,27.69,19.91,23.483477,8.66,36.92,34.491432,5.04,23.67,0.65,249.0,Poor,2018,5,4,Spring
Ahmedabad,2018-05-07,41.04,118.127106,7.56,28.36,19.48,23.483477,7.56,54.07,34.491432,5.02,20.38,0.65,228.0,Poor,2018,5,7,Spring
Ahmedabad,2018-05-08,49.71,118.127106,9.59,28.6,21.11,23.483477,9.59,53.54,34.54,7.95,26.87,0.65,266.0,Poor,2018,5,8,Spring
Ahmedabad,2018-05-09,44.75,118.127106,10.25,28.9,21.64,23.483477,10.25,65.8,28.02,7.63,26.17,1.04,257.0,Poor,2018,5,9,Spring
Ahmedabad,2018-05-12,44.79,118.127106,7.28,32.12,21.1,23.483477,7.28,74.84,37.9,6.22,30.82,0.65,222.0,Poor,2018,5,12,Spring
Ahmedabad,2018-05-14,49.07,118.127106,8.51,30.74,21.34,23.483477,8.51,88.3,27.48,6.89,31.88,0.65,272.0,Poor,2018,5,14,Spring
Ahmedabad,2018-05-15,46.06,118.127106,7.07,27.6,18.74,23.483477,7.07,59.55,32.54,5.54,27.16,0.65,232.0,Poor,2018,5,15,Spring
Ahmedabad,2018-05-16,52.82,118.127106,9.88,28.48,21.26,23.483477,9.88,73.73,27.07,6.94,29.35,0.96,247.0,Poor,2018,5,16,Spring
Ahmedabad,2018-05-17,53.39,118.127106,6.91,30.28,19.9,23.483477,6.91,56.45,31.93,6.21,32.04,0.82,254.0,Poor,2018,5,17,Spring
Ahmedabad,2018-05-18,59.44,118.127106,6.67,31.77,20.48,23.483477,6.67,86.73,38.54,5.65,31.0,0.65,236.0,Poor,2018,5,18,Spring
Ahmedabad,2018-05-19,71.01,118.127106,7.69,38.17,24.36,23.483477,7.69,106.62,24.78,9.05,35.54,0.93,273.0,Poor,2018,5,19,Spring
Ahmedabad,2018-05-20,59.98,118.127106,8.89,31.95,22.22,23.483477,8.89,97.46,34.491432,7.68,31.62,0.87,273.0,Poor,2018,5,20,Spring
Ahmedabad,2018-05-21,50.7,118.127106,8.58,33.44,22.69,23.483477,8.58,27.74,59.94,6.92,32.76,0.65,256.0,Poor,2018,5,21,Spring
Ahmedabad,2018-05-22,69.87,118.127106,6.96,34.82,22.14,23.483477,6.96,16.35,40.76,8.23,32.22,0.65,217.0,Poor,2018,5,22,Spring
Ahmedabad,2018-05-23,61.53,118.127106,10.41,42.53,28.52,23.483477,10.41,17.94,48.3,9.75,38.71,1.37,291.0,Poor,2018,5,23,Spring
Ahmedabad,2018-05-30,43.53,118.127106,17.41,58.56,25.49,23.483477,17.41,56.99,20.24,4.3,28.74,1.97,166.46358,Moderate,2018,5,30,Spring
Ahmedabad,2018-05-31,16.63,118.127106,14.05,73.8,42.09,23.483477,14.05,62.47,19.51,4.46,28.21,0.88,166.46358,Moderate,2018,5,31,Spring
Ahmedabad,2018-06-04,50.27,118.127106,9.53,46.15,29.62,23.483477,9.53,43.76,34.491432,4.93,23.3,0.65,280.0,Poor,2018,6,4,Summer
Ahmedabad,2018-06-05,51.54,118.127106,13.48,51.04,34.95,23.483477,13.48,37.58,6.9,5.61,31.16,0.65,297.0,Poor,2018,6,5,Summer
Ahmedabad,2018-06-07,53.59,118.127106,10.18,45.53,29.81,23.483477,10.18,59.53,17.93,4.73,22.97,0.65,247.0,Poor,2018,6,7,Summer
Ahmedabad,2018-09-03,67.45058,118.127106,17.57473,28.56066,32.309124,23.483477,2.248598,14.531978,34.491432,3.2808404,8.700972,3.0701277,166.46358,Moderate,2018,9,3,Autumn
Ahmedabad,2018-09-04,114.85,118.127106,33.16,85.74,66.57,23.483477,33.16,28.74,17.57,3.94,16.02,0.65,166.46358,Moderate,2018,9,4,Autumn
Ahmedabad,2018-09-05,20.8,118.127106,26.8,70.32,54.3,23.483477,26.8,53.18,22.44,3.94,16.02,0.65,166.46358,Moderate,2018,9,5,Autumn
Ahmedabad,2018-10-05,73.89,118.127106,4.5,53.74,28.34,23.483477,4.5,46.31,59.52,3.65,12.86,4.34,214.0,Poor,2018,10,5,Autumn
Ahmedabad,2018-10-27,72.93,118.127106,90.96,78.54,73.82,23.483477,90.96,39.24,69.95,3.87,21.26,7.16,161.0,Moderate,2018,10,27,Autumn
Ahmedabad,2018-11-28,68.3,118.127106,8.69,73.99,22.45,23.483477,8.69,50.93,72.2,3.99,32.22,6.84,228.0,Poor,2018,11,28,Autumn
Ahmedabad,2018-12-14,56.71,118.127106,7.45,60.4,18.52,23.483477,7.45,42.48,61.74,4.07,32.3,6.9,275.0,Poor,2018,12,14,Winter
Ahmedabad,2018-12-15,59.4,118.127106,7.23,47.87,15.42,23.483477,7.23,21.53,71.46,4.07,32.33,6.97,191.0,Moderate,2018,12,15,Winter
Ahmedabad,2018-12-16,54.75,118.127106,6.99,43.7,14.29,23.483477,6.99,19.99,76.37,4.06,32.31,6.94,172.0,Moderate,2018,12,16,Winter
Ahmedabad,2018-12-17,62.18,118.127106,7.67,55.29,17.43,23.483477,7.67,29.22,73.67,4.06,32.31,6.93,198.0,Moderate,2018,12,17,Winter
Ahmedabad,2019-01-07,74.62,118.127106,8.16,73.22,21.96,23.483477,8.16,48.21,74.83,4.12,32.35,6.99,236.0,Poor,2019,1,7,Winter
Ahmedabad,2019-01-15,66.97,118.127106,6.96,37.35,12.77,23.483477,6.96,28.48,89.73,4.11,32.42,7.03,172.0,Moderate,2019,1,15,Winter
Ahmedabad,2019-01-16,161.09,118.127106,101.89,116.48,108.56,23.483477,101.89,64.92,84.85,4.06,32.36,6.94,116.0,Moderate,2019,1,16,Winter
Ahmedabad,2019-01-25,52.92,118.127106,11.03,63.81,21.32,23.483477,11.03,63.17,43.54,4.07,32.32,6.95,302.0,Very Poor,2019,1,25,Winter
Ahmedabad,2019-01-26,47.26,118.127106,16.22,64.71,24.43,23.483477,16.22,63.03,20.0,4.04,32.31,6.95,260.0,Poor,2019,1,26,Winter
Ahmedabad,2019-02-06,50.15,118.127106,9.02,67.96,21.2,23.483477,9.02,57.09,47.5,4.08,32.29,6.94,254.0,Poor,2019,2,6,Winter
Ahmedabad,2019-02-08,105.03,118.127106,10.13,56.09,18.99,23.483477,10.13,41.4,43.09,4.07,32.3,6.97,290.0,Poor,2019,2,8,Winter
Ahmedabad,2019-02-23,34.1,118.127106,12.42,67.07,22.88,23.483477,12.42,42.34,59.67,4.09,32.42,6.97,253.0,Poor,2019,2,23,Winter
Ahmedabad,2019-02-27,51.5,118.127106,12.26,52.88,19.41,23.483477,12.26,29.79,38.45,4.17,32.4,7.09,296.0,Poor,2019,2,27,Winter
Ahmedabad,2019-03-04,48.84,118.127106,9.85,42.96,15.71,23.483477,9.85,26.4,51.34,4.1,32.38,7.04,276.0,Poor,2019,3,4,Spring
Ahmedabad,2019-03-05,39.23,118.127106,12.69,67.29,23.08,23.483477,12.69,33.79,59.73,4.07,32.33,7.03,286.0,Poor,2019,3,5,Spring
Ahmedabad,2019-03-10,44.12,118.127106,10.66,79.99,24.97,23.483477,10.66,60.68,61.08,4.17,32.44,7.06,280.0,Poor,2019,3,10,Spring
Ahmedabad,2019-03-14,52.24,118.127106,10.75,61.88,20.71,23.483477,10.75,24.81,56.16,4.1,32.37,6.95,262.0,Poor,2019,3,14,Spring
Ahmedabad,2019-04-18,93.12,118.127106,8.88,72.4,41.94,23.483477,8.88,36.52,74.03,4.19,32.49,7.11,274.0,Poor,2019,4,18,Spring
Ahmedabad,2019-04-25,67.45058,118.127106,17.57473,28.56066,32.309124,23.483477,2.248598,14.531978,34.491432,3.2808404,8.700972,3.0701277,166.46358,Moderate,2019,4,25,Spring
Ahmedabad,2019-04-26,67.45058,118.127106,17.57473,28.56066,32.309124,23.483477,2.248598,14.531978,34.491432,3.2808404,8.700972,3.0701277,166.46358,Moderate,2019,4,26,Spring
Ahmedabad,2019-04-27,84.95,118.127106,38.54,63.41,79.01,23.483477,38.54,54.58,69.89,4.19,32.44,7.12,166.46358,Moderate,2019,4,27,Spring
Ahmedabad,2019-04-30,132.76,118.127106,9.13,65.49,38.76,23.483477,9.13,55.8,78.36,4.16,32.36,7.03,255.0,Poor,2019,4,30,Spring
Ahmedabad,2019-05-09,43.83,118.127106,11.8,43.77,17.0,23.483477,11.8,46.28,3.13,4.09,32.35,6.94,291.0,Poor,2019,5,9,Spring
Ahmedabad,2019-05-10,15.52,118.127106,17.57473,28.56066,0.0,23.483477,2.248598,1.31,34.491432,3.78,28.55,6.81,166.46358,Moderate,2019,5,10,Spring
Ahmedabad,2019-05-11,67.45058,118.127106,17.57473,28.56066,0.0,23.483477,2.248598,14.531978,34.491432,0.0,0.0,0.0,166.46358,Moderate,2019,5,11,Spring
Ahmedabad,2019-05-12,67.45058,118.127106,17.57473,28.56066,0.0,23.483477,2.248598,14.531978,34.491432,0.0,0.0,0.0,166.46358,Moderate,2019,5,12,Spring
Ahmedabad,2019-05-13,67.45058,118.127106,17.57473,28.56066,0.0,23.483477,2.248598,14.531978,34.491432,0.0,0.0,0.0,166.46358,Moderate,2019,5,13,Spring
Ahmedabad,2019-05-14,46.04,141.54,17.26,130.23,49.54,23.483477,17.26,107.28,48.32,8.89,52.6,8.78,166.46358,Moderate,2019,5,14,Spring
Ahmedabad,2019-05-15,37.55,122.41,15.08,85.12,58.72,23.483477,15.08,163.01,48.23,16.44,85.54,14.19,281.0,Poor,2019,5,15,Spring
Ahmedabad,2019-05-22,27.93,103.3,11.44,76.75,50.49,23.483477,11.44,86.48,54.34,15.6,84.17,13.6,270.0,Poor,2019,5,22,Spring
Ahmedabad,2019-06-06,35.06,127.56,12.63,68.94,48.03,23.483477,12.63,101.14,75.71,26.24,85.15,94.48,303.0,Very Poor,2019,6,6,Summer
Ahmedabad,2019-06-22,63.09,152.67,12.65,163.54,110.17,23.483477,12.65,26.31,113.94,6.3,80.04,1.48,184.0,Moderate,2019,6,22,Summer
Ahmedabad,2019-07-31,28.8,118.127106,32.52,50.61,61.74,23.483477,32.52,53.38,34.57,2.88,24.5,3.39,166.46358,Moderate,2019,7,31,Summer
Ahmedabad,2019-09-11,59.4,196.25,45.92,46.05,74.61,23.483477,45.92,81.09,33.47,2.17,32.76,0.55,166.46358,Moderate,2019,9,11,Autumn
Ahmedabad,2019-09-12,67.45058,118.127106,49.78,39.61,79.26,23.483477,49.78,52.59,22.98,2.14,32.05,0.52,166.46358,Moderate,2019,9,12,Autumn
Ahmedabad,2019-09-13,64.45,118.127106,51.32,58.92,82.4,23.483477,51.32,66.72,9.64,2.14,32.05,0.52,166.46358,Moderate,2019,9,13,Autumn
Ahmedabad,2019-10-01,33.66,56.01,11.85,92.52,58.64,23.483477,11.85,137.97,72.52,1.15,23.37,2.04,266.0,Poor,2019,10,1,Autumn
Ahmedabad,2019-10-14,98.5,231.88,45.18,221.25,160.39,23.483477,45.18,172.85,69.56,1.15,23.37,2.04,166.46358,Moderate,2019,10,14,Autumn
Ahmedabad,2019-10-20,89.05,129.36,5.69,159.1,83.99,23.483477,5.69,105.73,76.58,1.15,23.37,2.04,228.0,Poor,2019,10,20,Autumn
Ahmedabad,2019-10-21,81.62,118.57,1.7,121.02,60.92,23.483477,1.7,117.2,114.49,1.15,23.37,2.04,225.0,Poor,2019,10,21,Autumn
Ahmedabad,2019-10-22,84.9,128.62,3.67,108.85,57.21,23.483477,3.67,113.16,133.14,1.15,23.37,2.04,258.0,Poor,2019,10,22,Autumn
Ahmedabad,2019-10-23,46.84,83.85,6.05,114.63,62.81,23.483477,6.05,118.83,91.42,1.15,23.37,2.04,249.0,Poor,2019,10,23,Autumn
Ahmedabad,2019-10-24,53.59,106.77,4.79,152.09,79.64,23.483477,4.79,119.97,116.38,1.15,23.37,2.04,270.0,Poor,2019,10,24,Autumn
Ahmedabad,2019-10-26,62.7,108.91,1.41,86.91,43.97,23.483477,1.41,88.46,162.43,1.15,23.37,2.04,273.0,Poor,2019,10,26,Autumn
Ahmedabad,2019-10-27,57.54,81.3,7.32,72.14,43.54,23.483477,7.32,120.11,103.24,1.15,23.37,2.04,199.0,Moderate,2019,10,27,Autumn
Ahmedabad,2019-10-28,75.12,158.06,7.95,68.64,42.55,23.483477,7.95,106.2,55.96,1.15,23.37,2.04,212.0,Poor,2019,10,28,Autumn
Ahmedabad,2019-10-29,37.74,93.24,7.42,62.2,38.81,23.483477,7.42,110.11,51.34,1.15,23.37,2.04,200.0,Moderate,2019,10,29,Autumn
Ahmedabad,2019-10-30,20.1,52.97,16.72,74.41,55.36,23.483477,16.72,134.66,50.0,1.15,23.37,2.04,305.0,Very Poor,2019,10,30,Autumn
Ahmedabad,2019-11-02,42.27,111.98,10.87,87.8,55.23,23.483477,10.87,129.66,39.52,1.15,23.37,2.04,275.0,Poor,2019,11,2,Autumn
Ahmedabad,2019-11-10,68.07,133.46,9.16,155.92,86.5,23.483477,9.16,168.45,51.38,2.14,27.52,1.91,282.0,Poor,2019,11,10,Autumn
Ahmedabad,2019-11-11,84.08,170.94,17.69,208.92,122.08,23.483477,17.69,14.531978,49.3,2.14,27.52,1.91,289.0,Poor,2019,11,11,Autumn
Ahmedabad,2019-11-28,38.15,89.99,7.78,140.56,77.43,23.483477,7.78,166.39,40.11,1.46,23.05,1.8,236.0,Poor,2019,11,28,Autumn
Ahmedabad,2019-11-29,48.47,87.26,5.55,103.61,56.87,23.483477,5.55,186.08,44.3,3.84,46.94,1.65,212.0,Poor,2019,11,29,Autumn
Ahmedabad,2019-11-30,46.95,86.39,8.07,86.67,51.48,23.483477,8.07,147.78,41.06,3.5,43.31,1.72,199.0,Moderate,2019,11,30,Autumn
Ahmedabad,2019-12-01,43.06,79.08,5.26,81.68,45.84,23.483477,5.26,137.18,42.68,2.75,35.25,1.87,248.0,Poor,2019,12,1,Winter
Ahmedabad,2019-12-02,46.74,76.39,4.02,60.49,34.1,23.483477,4.02,112.45,48.16,2.75,35.25,1.87,192.0,Moderate,2019,12,2,Winter
Ahmedabad,2019-12-03,41.61,83.5,3.87,54.14,30.83,23.483477,3.87,123.27,57.81,2.75,35.25,1.87,134.0,Moderate,2019,12,3,Winter
Ahmedabad,2019-12-04,77.66,99.48,4.32,62.09,35.21,23.483477,4.32,93.11,51.79,2.75,35.25,1.87,140.0,Moderate,2019,12,4,Winter
Ahmedabad,2019-12-05,65.48,121.86,7.8,82.62,48.13,23.483477,7.8,66.09,42.3,2.75,35.25,1.87,197.0,Moderate,2019,12,5,Winter
Ahmedabad,2019-12-07,93.24,157.33,9.08,83.89,51.27,23.483477,9.08,36.22,53.07,3.2808404,8.700972,3.0701277,276.0,Poor,2019,12,7,Winter
Ahmedabad,2019-12-08,92.26,135.81,12.09,76.33,51.02,23.483477,12.09,31.8,53.65,3.2808404,8.700972,3.0701277,293.0,Poor,2019,12,8,Winter
Ahmedabad,2019-12-13,52.59,92.57,6.92,11.32,10.69,23.483477,6.92,25.09,23.94,3.2808404,8.700972,3.0701277,242.0,Poor,2019,12,13,Winter
Ahmedabad,2019-12-14,63.33,99.3,4.66,14.79,10.69,23.483477,4.66,29.4,24.07,3.2808404,8.700972,3.0701277,157.0,Moderate,2019,12,14,Winter
Ahmedabad,2019-12-15,48.58,93.92,2.56,12.0,7.76,23.483477,2.56,20.56,27.73,3.2808404,8.700972,3.0701277,177.0,Moderate,2019,12,15,Winter
Ahmedabad,2019-12-16,45.47,89.73,5.2,20.62,13.94,23.483477,5.2,18.8,30.45,3.2808404,8.700972,3.0701277,145.0,Moderate,2019,12,16,Winter
Ahmedabad,2019-12-17,54.42,102.4,5.67,25.45,16.65,23.483477,5.67,26.19,29.22,3.2808404,8.700972,3.0701277,237.0,Poor,2019,12,17,Winter
Ahmedabad,2019-12-18,72.45,116.1,8.84,25.88,19.22,23.483477,8.84,29.77,24.83,3.2808404,8.700972,3.0701277,231.0,Poor,2019,12,18,Winter
Ahmedabad,2019-12-21,64.25,121.71,10.97,34.29,24.92,23.483477,10.97,73.34,12.43,3.2808404,8.700972,3.0701277,206.0,Poor,2019,12,21,Winter
Ahmedabad,2019-12-22,60.17,104.08,3.75,18.36,11.75,23.483477,3.75,39.26,8.94,3.2808404,8.700972,3.0701277,170.0,Moderate,2019,12,22,Winter
Ahmedabad,2019-12-23,57.99,97.02,2.2,17.47,10.16,23.483477,2.2,52.32,6.35,3.2808404,8.700972,3.0701277,113.0,Moderate,2019,12,23,Winter
Ahmedabad,2019-12-24,49.63,95.51,1.89,19.99,11.16,23.483477,1.89,79.47,4.87,3.2808404,8.700972,3.0701277,113.0,Moderate,2019,12,24,Winter
Ahmedabad,2019-12-25,53.0,98.1,4.07,20.11,12.85,23.483477,4.07,69.13,5.4,3.2808404,8.700972,3.0701277,166.0,Moderate,2019,12,25,Winter
Ahmedabad,2019-12-26,52.77,95.25,6.64,31.26,20.2,23.483477,6.64,50.74,10.61,3.2808404,8.700972,3.0701277,216.0,Poor,2019,12,26,Winter
Ahmedabad,2019-12-28,43.95,85.68,11.4,45.51,30.71,23.483477,11.4,73.27,19.15,3.2808404,8.700972,3.0701277,288.0,Poor,2019,12,28,Winter
Ahmedabad,2020-01-01,79.57,131.62,3.78,12.64,8.99,23.483477,3.78,27.7,23.67,4.21,31.42,2.52,216.0,Poor,2020,1,1,Winter
Ahmedabad,2020-01-02,72.59,128.86,3.63,14.38,9.73,23.483477,3.63,23.96,23.67,3.71,31.14,2.52,162.0,Moderate,2020,1,2,Winter
Ahmedabad,2020-01-03,69.54,128.99,7.06,15.13,12.65,23.483477,7.06,35.78,23.66,4.78,31.14,2.52,220.0,Poor,2020,1,3,Winter
Ahmedabad,2020-01-04,66.2,138.47,8.97,20.79,16.84,23.483477,8.97,38.98,23.65,4.12,31.14,2.52,254.0,Poor,2020,1,4,Winter
Ahmedabad,2020-01-05,55.99,110.41,5.41,15.34,11.53,23.483477,5.41,45.83,23.61,3.3,31.14,2.52,255.0,Poor,2020,1,5,Winter
Ahmedabad,2020-01-06,46.96,109.44,7.17,16.88,13.58,23.483477,7.17,38.11,23.64,2.75,31.14,2.52,175.0,Moderate,2020,1,6,Winter
Ahmedabad,2020-01-07,70.06,161.09,7.37,22.67,16.56,23.483477,7.37,58.67,23.58,2.75,31.14,2.52,285.0,Poor,2020,1,7,Winter
Ahmedabad,2020-01-08,61.4,118.44,2.38,16.33,9.74,23.483477,2.38,30.54,23.59,2.75,31.14,2.52,157.0,Moderate,2020,1,8,Winter
Ahmedabad,2020-01-09,38.89,93.4,2.41,14.14,8.7,23.483477,2.41,46.78,23.64,2.75,31.14,2.52,129.0,Moderate,2020,1,9,Winter
Ahmedabad,2020-01-10,56.14,108.83,2.5,11.65,7.55,23.483477,2.5,26.75,23.58,2.75,31.14,2.52,129.0,Moderate,2020,1,10,Winter
Ahmedabad,2020-01-11,59.96,109.98,2.38,14.37,8.79,23.483477,2.38,45.44,23.58,2.75,31.14,2.52,114.0,Moderate,2020,1,11,Winter
Ahmedabad,2020-01-12,83.9,152.94,8.81,20.66,16.65,23.483477,8.81,58.01,23.56,4.42,31.14,2.52,212.0,Poor,2020,1,12,Winter
Ahmedabad,2020-01-14,39.83,44.53,3.26,16.42,10.29,23.483477,3.26,25.78,23.62,2.72,30.82,2.49,189.0,Moderate,2020,1,14,Winter
Ahmedabad,2020-01-15,53.27,90.4,3.59,16.01,10.43,23.483477,3.59,19.5,23.66,2.72,30.82,2.49,142.0,Moderate,2020,1,15,Winter
Ahmedabad,2020-01-16,40.07,79.32,3.75,13.41,9.34,23.483477,3.75,10.67,23.6,2.75,31.14,2.52,152.0,Moderate,2020,1,16,Winter
Ahmedabad,2020-01-24,40.83,96.12,18.14,19.84,3.56,23.483477,18.14,54.28,23.58,0.18,4.83,0.16,166.46358,Moderate,2020,1,24,Winter
Ahmedabad,2020-01-25,61.05,132.46,19.52,23.86,26.05,23.483477,19.52,144.29,47.16,1.15,31.37,1.04,166.46358,Moderate,2020,1,25,Winter
Ahmedabad,2020-01-26,62.03,191.09,118.0,12.48,74.5,23.483477,118.0,112.57,36.76,1.15,31.37,1.04,166.46358,Moderate,2020,1,26,Winter
Ahmedabad,2020-01-27,33.93,85.43,9.53,30.39,21.94,23.483477,9.53,51.25,41.25,1.15,31.37,1.04,166.46358,Moderate,2020,1,27,Winter
Ahmedabad,2020-01-28,18.03,66.54,11.31,18.02,17.23,23.483477,11.31,35.39,30.29,1.15,31.37,1.04,289.0,Poor,2020,1,28,Winter
Ahmedabad,2020-01-29,28.77,73.99,20.76,21.98,25.69,23.483477,20.76,40.13,32.37,1.05,30.73,1.07,204.0,Poor,2020,1,29,Winter
Ahmedabad,2020-02-03,68.19,106.14,10.08,45.94,29.93,23.483477,10.08,31.18,43.72,1.53,34.6,0.81,272.0,Poor,2020,2,3,Winter
Ahmedabad,2020-02-09,69.85,124.4,6.25,40.74,24.54,23.483477,6.25,27.16,34.491432,1.15,38.57,0.52,215.0,Poor,2020,2,9,Winter
Ahmedabad,2020-02-10,64.94,116.45,8.62,47.28,29.5,23.483477,8.62,31.84,71.69,1.15,38.57,0.52,223.0,Poor,2020,2,10,Winter
Ahmedabad,2020-02-22,36.35,97.03,4.78,52.87,29.36,23.483477,4.78,42.9,52.15,0.99,32.61,0.56,168.0,Moderate,2020,2,22,Winter
Ahmedabad,2020-02-23,54.06,104.74,4.22,51.33,28.19,23.483477,4.22,48.07,39.74,0.99,32.61,0.56,219.0,Poor,2020,2,23,Winter
Ahmedabad,2020-02-24,68.68,141.39,10.92,74.32,44.41,23.483477,10.92,42.37,44.44,0.99,32.61,0.56,282.0,Poor,2020,2,24,Winter
Ahmedabad,2020-03-04,49.16,125.88,7.4,31.08,20.69,23.483477,7.4,51.07,45.99,2.85,46.56,1.13,246.0,Poor,2020,3,4,Spring
Ahmedabad,2020-03-05,43.75,115.5,8.43,24.16,18.08,23.483477,8.43,63.99,38.62,2.85,46.56,1.13,261.0,Poor,2020,3,5,Spring
Ahmedabad,2020-03-09,37.02,90.26,5.55,32.91,20.2,23.483477,5.55,42.98,67.75,2.85,46.56,1.13,170.0,Moderate,2020,3,9,Spring
Ahmedabad,2020-03-10,37.67,94.36,2.28,17.52,10.25,23.483477,2.28,26.68,16.92,2.85,46.56,1.13,116.0,Moderate,2020,3,10,Spring
Ahmedabad,2020-03-11,31.12,80.79,3.56,21.51,13.13,23.483477,3.56,19.43,16.68,2.85,46.56,1.13,152.0,Moderate,2020,3,11,Spring
Ahmedabad,2020-03-12,41.19,114.05,6.04,31.18,19.72,23.483477,6.04,40.38,34.491432,2.85,46.56,1.13,218.0,Poor,2020,3,12,Spring
Ahmedabad,2020-03-13,41.72,97.7,6.95,24.99,17.38,23.483477,6.95,27.3,72.25,2.85,46.56,1.13,302.0,Very Poor,2020,3,13,Spring
Ahmedabad,2020-03-14,39.57,111.46,4.0,35.3,20.2,23.483477,4.0,49.34,39.51,2.85,46.56,1.13,170.0,Moderate,2020,3,14,Spring
Ahmedabad,2020-03-15,39.42,115.8,5.11,31.33,19.1,23.483477,5.11,27.4,33.16,2.85,46.56,1.13,215.0,Poor,2020,3,15,Spring
Ahmedabad,2020-03-16,36.03,90.32,3.89,34.32,19.65,23.483477,3.89,28.6,53.81,2.85,46.56,1.13,222.0,Poor,2020,3,16,Spring
Ahmedabad,2020-03-20,50.47,109.06,4.67,35.13,13.3,23.483477,4.67,44.08,45.98,0.0,0.0,0.0,166.46358,Moderate,2020,3,20,Spring
Ahmedabad,2020-03-21,74.43,132.17,9.82,31.56,22.73,23.483477,9.82,67.89,36.14,3.2808404,8.700972,3.0701277,296.0,Poor,2020,3,21,Spring
Ahmedabad,2020-03-22,48.16,122.17,5.47,18.27,12.99,23.483477,5.47,52.62,33.69,3.2808404,8.700972,3.0701277,180.0,Moderate,2020,3,22,Spring
Ahmedabad,2020-03-23,44.61,112.32,4.98,31.4,17.08,23.483477,4.98,34.25,49.45,6.81,28.18,7.52,247.0,Poor,2020,3,23,Spring
Ahmedabad,2020-03-24,31.89,98.52,2.96,25.2,14.5,23.483477,2.96,44.87,47.99,4.01,23.25,3.33,135.0,Moderate,2020,3,24,Spring
Ahmedabad,2020-03-25,33.25,91.38,4.28,33.45,19.44,23.483477,4.28,61.4,38.86,4.9,18.98,2.85,195.0,Moderate,2020,3,25,Spring
Ahmedabad,2020-03-26,43.67,91.12,7.11,26.61,17.61,23.483477,7.11,34.72,39.74,4.71,19.16,2.8,216.0,Poor,2020,3,26,Spring
Ahmedabad,2020-03-27,22.93,37.12,5.23,18.52,12.87,23.483477,5.23,16.19,34.41,1.58,7.5,1.08,193.0,Moderate,2020,3,27,Spring
Ahmedabad,2020-03-28,37.73,72.43,4.67,35.52,20.77,23.483477,4.67,16.06,34.72,6.37,26.05,3.56,160.0,Moderate,2020,3,28,Spring
Ahmedabad,2020-03-29,20.67,75.48,3.08,26.98,15.46,23.483477,3.08,22.76,40.17,4.79,15.29,1.95,125.0,Moderate,2020,3,29,Spring
Ahmedabad,2020-03-30,28.55,89.1,4.11,38.65,21.89,23.483477,4.11,19.14,31.5,8.51,37.5,4.88,140.0,Moderate,2020,3,30,Spring
Ahmedabad,2020-03-31,29.97,98.96,3.85,22.08,13.64,23.483477,3.85,32.01,36.86,7.0,29.53,2.5,145.0,Moderate,2020,3,31,Spring
Ahmedabad,2020-04-01,24.79,86.06,4.5,21.29,13.7,23.483477,4.5,22.16,36.76,3.58,15.89,1.88,153.0,Moderate,2020,4,1,Spring
Ahmedabad,2020-04-02,25.52,88.12,4.46,24.24,15.15,23.483477,4.46,18.54,38.17,4.59,19.84,2.09,164.0,Moderate,2020,4,2,Spring
Ahmedabad,2020-04-03,33.48,87.96,4.51,41.44,23.58,23.483477,4.51,23.84,46.53,9.31,40.13,5.44,173.0,Moderate,2020,4,3,Spring
Ahmedabad,2020-04-04,39.44,84.83,3.82,39.88,22.28,23.483477,3.82,27.53,58.08,9.71,36.32,4.85,182.0,Moderate,2020,4,4,Spring
Ahmedabad,2020-04-05,43.77,87.96,3.35,40.99,22.49,23.483477,3.35,31.4,53.61,10.92,46.65,5.63,152.0,Moderate,2020,4,5,Spring
Ahmedabad,2020-04-06,46.64,95.3,3.75,29.6,17.24,23.483477,3.75,22.2,49.67,7.65,37.78,3.94,145.0,Moderate,2020,4,6,Spring
Ahmedabad,2020-04-07,45.8,104.5,3.87,16.8,11.04,23.483477,3.87,31.04,48.2,5.44,20.89,1.47,159.0,Moderate,2020,4,7,Spring
Ahmedabad,2020-04-08,36.3,90.07,5.19,15.65,11.51,23.483477,5.19,30.8,49.83,4.66,14.64,1.08,183.0,Moderate,2020,4,8,Spring
Ahmedabad,2020-04-09,32.12,89.74,5.07,21.61,14.33,23.483477,5.07,20.75,62.53,5.64,18.82,2.04,168.0,Moderate,2020,4,9,Spring
Ahmedabad,2020-04-10,30.73,78.56,4.36,28.65,17.23,23.483477,0.59,32.01,42.61,6.91,32.15,3.51,113.0,Moderate,2020,4,10,Spring
Ahmedabad,2020-04-11,30.18,74.99,3.06,34.81,19.26,23.483477,0.45,25.09,39.0,8.52,51.18,6.71,89.0,Satisfactory,2020,4,11,Spring
Ahmedabad,2020-04-12,26.7,72.83,2.72,27.0,15.18,23.483477,0.36,21.57,42.16,5.63,34.1,3.97,101.0,Moderate,2020,4,12,Spring
Ahmedabad,2020-04-13,18.77,61.54,2.81,23.01,13.01,23.483477,0.39,26.86,47.88,3.41,25.88,2.56,95.0,Satisfactory,2020,4,13,Spring
Ahmedabad,2020-04-14,31.16,72.09,3.22,25.9,14.73,23.483477,0.37,21.85,43.35,4.75,31.33,3.61,89.0,Satisfactory,2020,4,14,Spring
Ahmedabad,2020-04-15,23.69,64.81,2.28,17.18,10.04,23.483477,0.43,23.5,44.04,2.14,29.17,1.67,88.0,Satisfactory,2020,4,15,Spring
Ahmedabad,2020-04-16,38.65,81.47,3.7,26.76,14.75,23.483477,0.36,22.03,54.24,5.84,34.58,3.22,95.0,Satisfactory,2020,4,16,Spring
Ahmedabad,2020-04-17,30.8,76.25,4.22,25.97,12.68,23.483477,0.36,18.03,37.28,3.22,22.59,1.83,92.0,Satisfactory,2020,4,17,Spring
Ahmedabad,2020-04-18,30.69,107.31,3.43,22.57,11.7,23.483477,0.41,36.24,39.3,3.89,31.0,2.45,96.0,Satisfactory,2020,4,18,Spring
Ahmedabad,2020-04-19,21.27,65.12,3.66,13.93,9.31,23.483477,0.36,21.0,40.56,1.67,14.29,0.95,99.0,Satisfactory,2020,4,19,Spring
Ahmedabad,2020-04-20,29.84,77.98,3.91,15.77,10.58,23.483477,0.34,25.22,38.31,2.27,15.74,1.02,86.0,Satisfactory,2020,4,20,Spring
Ahmedabad,2020-04-21,27.81,73.99,3.41,16.32,10.46,23.483477,0.39,19.16,38.23,2.33,17.57,1.5,87.0,Satisfactory,2020,4,21,Spring
Ahmedabad,2020-04-22,32.11,94.34,3.68,17.95,11.49,23.483477,0.45,15.83,42.22,5.48,33.62,2.16,101.0,Moderate,2020,4,22,Spring
Ahmedabad,2020-04-23,31.67,81.09,3.93,16.17,10.82,23.483477,0.35,32.39,43.6,3.97,20.74,1.23,106.0,Moderate,2020,4,23,Spring
Ahmedabad,2020-04-24,27.19,82.36,3.52,16.13,9.85,23.483477,0.28,20.59,51.81,1.78,9.02,0.67,110.0,Moderate,2020,4,24,Spring
Ahmedabad,2020-04-25,28.25,70.48,4.83,13.88,10.25,23.483477,0.38,16.51,41.74,1.17,9.32,0.56,98.0,Satisfactory,2020,4,25,Spring
Ahmedabad,2020-04-26,25.91,73.35,4.78,13.82,10.29,23.483477,0.4,10.58,44.44,1.8,10.39,0.75,101.0,Moderate,2020,4,26,Spring
Ahmedabad,2020-04-27,31.76,81.16,3.99,19.95,12.7,23.483477,0.46,29.73,52.46,3.52,20.49,1.34,117.0,Moderate,2020,4,27,Spring
Ahmedabad,2020-04-28,32.55,87.41,3.53,23.58,14.12,23.483477,0.46,42.86,50.2,4.92,32.73,2.51,130.0,Moderate,2020,4,28,Spring
Ahmedabad,2020-04-29,27.15,76.73,3.18,24.82,14.4,23.483477,0.67,32.97,54.81,3.39,32.14,2.46,122.0,Moderate,2020,4,29,Spring
Ahmedabad,2020-04-30,26.93,74.38,2.76,17.05,10.37,23.483477,0.46,37.7,56.97,1.92,18.54,1.64,128.0,Moderate,2020,4,30,Spring
Ahmedabad,2020-05-01,28.71,89.91,2.83,13.32,8.6,23.483477,0.54,26.36,49.97,1.59,15.82,0.92,128.0,Moderate,2020,5,1,Spring
Ahmedabad,2020-05-02,22.56,63.23,3.68,15.16,10.09,23.483477,0.56,25.87,55.72,1.55,10.29,0.65,131.0,Moderate,2020,5,2,Spring
Ahmedabad,2020-05-03,23.82,62.1,4.69,16.38,11.49,23.483477,0.64,22.71,54.35,2.83,16.27,0.89,121.0,Moderate,2020,5,3,Spring
Ahmedabad,2020-05-04,23.73,69.88,4.85,15.87,11.36,23.483477,0.73,20.04,58.72,2.38,16.23,0.9,130.0,Moderate,2020,5,4,Spring
Ahmedabad,2020-05-05,33.47,134.83,3.6,29.05,13.84,23.483477,0.54,2.42,54.8,3.57,26.59,1.91,143.0,Moderate,2020,5,5,Spring
Ahmedabad,2020-05-06,26.52,79.38,4.06,18.06,11.7,23.483477,0.67,14.531978,59.96,3.7,19.68,1.57,146.0,Moderate,2020,5,6,Spring
Ahmedabad,2020-05-07,30.45,75.08,3.74,21.48,13.23,23.483477,0.4,14.531978,58.31,7.47,34.84,1.72,135.0,Moderate,2020,5,7,Spring
Ahmedabad,2020-05-08,26.79,66.34,3.71,14.99,10.06,23.483477,0.51,14.531978,57.81,3.26,20.64,0.86,127.0,Moderate,2020,5,8,Spring
Ahmedabad,2020-05-09,23.79,74.56,5.61,16.64,11.91,23.483477,0.55,14.531978,52.49,4.37,20.72,1.14,122.0,Moderate,2020,5,9,Spring
Ahmedabad,2020-05-10,26.17,62.14,1.93,14.73,8.61,23.483477,0.77,14.531978,56.28,2.65,16.72,0.84,125.0,Moderate,2020,5,10,Spring
Ahmedabad,2020-05-11,21.31,66.1,1.85,15.01,8.68,23.483477,0.54,14.531978,57.55,1.9,13.92,0.76,125.0,Moderate,2020,5,11,Spring
Ahmedabad,2020-05-12,21.94,69.06,2.95,16.95,10.47,23.483477,0.58,14.531978,57.89,3.3,16.19,0.97,135.0,Moderate,2020,5,12,Spring
Ahmedabad,2020-05-13,23.19,67.28,4.12,17.46,11.59,23.483477,0.48,14.531978,52.31,2.85,18.48,0.88,117.0,Moderate,2020,5,13,Spring
Ahmedabad,2020-05-14,21.9,64.39,2.98,18.73,11.33,23.483477,0.49,14.531978,51.86,2.28,16.67,0.81,127.0,Moderate,2020,5,14,Spring
Ahmedabad,2020-05-15,19.15,78.8,3.93,19.59,12.47,23.483477,0.51,14.531978,61.79,4.14,25.58,1.62,125.0,Moderate,2020,5,15,Spring
Ahmedabad,2020-05-16,35.75,107.68,2.54,18.72,11.0,23.483477,0.39,14.531978,54.31,3.02,18.12,1.25,136.0,Moderate,2020,5,16,Spring
Ahmedabad,2020-05-17,27.28,63.5,2.5,18.56,10.84,23.483477,0.68,14.531978,55.52,2.91,17.83,1.29,137.0,Moderate,2020,5,17,Spring
Ahmedabad,2020-05-18,20.85,61.13,2.6,21.35,12.35,23.483477,0.62,14.531978,54.41,2.95,20.62,3.15,133.0,Moderate,2020,5,18,Spring
Ahmedabad,2020-05-19,23.98,56.9,4.15,26.56,16.04,23.483477,0.61,14.531978,59.05,4.36,22.17,2.43,133.0,Moderate,2020,5,19,Spring
Ahmedabad,2020-05-20,25.6,82.26,2.86,22.47,13.05,23.483477,0.69,14.531978,60.12,5.5,25.02,1.96,132.0,Moderate,2020,5,20,Spring
Ahmedabad,2020-05-21,33.35,84.99,2.64,25.02,14.15,23.483477,0.56,14.531978,62.4,6.41,21.6,1.86,130.0,Moderate,2020,5,21,Spring
Ahmedabad,2020-05-22,31.38,90.28,4.54,35.67,20.77,23.483477,0.65,14.531978,62.39,7.75,32.76,2.64,142.0,Moderate,2020,5,22,Spring
Ahmedabad,2020-05-23,29.26,82.26,2.58,22.23,12.73,23.483477,0.67,14.531978,55.64,5.36,25.91,1.69,135.0,Moderate,2020,5,23,Spring
Ahmedabad,2020-05-24,25.47,67.79,2.73,17.85,10.7,23.483477,0.81,14.531978,57.16,2.62,11.5,1.34,140.0,Moderate,2020,5,24,Spring
Ahmedabad,2020-05-25,24.84,70.95,3.98,16.03,10.65,23.483477,0.57,14.531978,57.53,2.24,12.49,0.98,126.0,Moderate,2020,5,25,Spring
Ahmedabad,2020-05-26,29.78,99.14,2.88,19.35,11.55,23.483477,0.59,14.531978,50.52,1.68,10.42,0.99,126.0,Moderate,2020,5,26,Spring
Ahmedabad,2020-05-27,31.25,89.65,3.65,21.42,13.17,23.483477,0.83,14.531978,54.58,4.01,15.74,1.08,123.0,Moderate,2020,5,27,Spring
Ahmedabad,2020-05-28,30.7,86.02,3.56,18.84,11.85,23.483477,0.56,14.531978,55.49,8.88,17.32,1.41,117.0,Moderate,2020,5,28,Spring
Ahmedabad,2020-05-29,23.91,81.0,3.29,18.6,11.52,23.483477,0.57,14.531978,44.9,5.47,15.33,1.37,126.0,Moderate,2020,5,29,Spring
Ahmedabad,2020-05-30,25.71,66.36,3.4,16.46,10.53,23.483477,0.41,14.531978,47.74,4.67,15.53,1.27,112.0,Moderate,2020,5,30,Spring
Ahmedabad,2020-05-31,22.83,67.92,3.82,15.35,10.31,23.483477,0.4,14.531978,53.06,3.03,15.14,1.13,104.0,Moderate,2020,5,31,Spring
Ahmedabad,2020-06-01,31.02,312.28,2.74,22.62,13.07,23.483477,0.64,14.531978,66.9,6.78,23.27,3.08,126.0,Moderate,2020,6,1,Summer
Ahmedabad,2020-06-02,131.88,173.4,2.71,41.56,22.26,23.483477,0.45,20.08,34.26,10.84,43.9,5.19,152.0,Moderate,2020,6,2,Summer
Ahmedabad,2020-06-03,67.45058,586.27,2.23,43.36,21.25,23.483477,0.44,23.71,73.66,8.04,42.98,3.65,166.46358,Moderate,2020,6,3,Summer
Ahmedabad,2020-06-04,26.08,84.25,4.99,37.3,21.51,23.483477,0.79,21.29,56.78,5.69,32.56,3.39,101.0,Moderate,2020,6,4,Summer
Ahmedabad,2020-06-05,30.72,88.9,3.76,33.6,19.08,23.483477,0.63,14.73,4.08,7.45,43.04,2.98,92.0,Satisfactory,2020,6,5,Summer
Ahmedabad,2020-06-06,33.19,65.77,3.91,39.76,22.28,23.483477,0.71,14.4,40.28,8.11,25.23,3.18,95.0,Satisfactory,2020,6,6,Summer
Ahmedabad,2020-06-07,20.67,69.5,5.19,34.11,20.48,23.483477,0.82,13.05,36.32,6.71,20.69,3.63,93.0,Satisfactory,2020,6,7,Summer
Ahmedabad,2020-06-08,22.92,70.97,4.88,28.47,17.52,23.483477,0.57,11.6,30.16,7.93,20.35,3.84,97.0,Satisfactory,2020,6,8,Summer
Ahmedabad,2020-06-09,21.17,81.73,5.23,25.68,16.39,23.483477,0.86,12.69,39.69,4.48,18.91,3.27,84.0,Satisfactory,2020,6,9,Summer
Ahmedabad,2020-06-10,23.62,94.06,5.9,20.92,14.59,23.483477,0.85,16.22,44.32,5.27,23.65,6.7,101.0,Moderate,2020,6,10,Summer
Ahmedabad,2020-06-11,20.4,66.21,5.3,26.94,17.05,23.483477,0.68,18.41,37.38,8.21,38.36,7.98,92.0,Satisfactory,2020,6,11,Summer
Ahmedabad,2020-06-12,21.4,93.89,5.28,22.4,14.85,23.483477,0.85,16.27,45.05,7.9,40.74,13.19,105.0,Moderate,2020,6,12,Summer
Ahmedabad,2020-06-13,21.72,62.28,3.93,28.15,16.62,23.483477,1.18,17.51,30.53,7.01,30.2,8.68,98.0,Satisfactory,2020,6,13,Summer
Ahmedabad,2020-06-14,24.1,87.14,3.16,27.53,15.77,23.483477,0.86,20.82,35.29,6.89,28.99,6.74,96.0,Satisfactory,2020,6,14,Summer
Ahmedabad,2020-06-15,21.21,92.72,4.03,31.93,18.56,23.483477,0.85,19.3,33.59,21.69,44.29,6.77,96.0,Satisfactory,2020,6,15,Summer
Ahmedabad,2020-06-16,31.49,94.09,6.95,24.73,17.23,23.483477,0.85,11.26,38.44,7.54,45.98,3.36,80.0,Satisfactory,2020,6,16,Summer
Ahmedabad,2020-06-17,14.79,11.5,4.88,19.65,13.18,23.483477,0.81,9.4,18.2,4.6,49.52,3.04,95.0,Satisfactory,2020,6,17,Summer
Ahmedabad,2020-06-18,12.1,89.23,6.87,36.24,20.97,23.483477,0.56,11.72,75.83,3.28,45.51,2.98,166.46358,Moderate,2020,6,18,Summer
Ahmedabad,2020-06-19,17.65,135.16,19.86,33.84,22.86,23.483477,0.71,9.9,40.03,3.99,51.14,3.62,108.0,Moderate,2020,6,19,Summer
Ahmedabad,2020-06-20,22.9,120.7,11.79,15.81,10.1,23.483477,0.5,10.1,46.04,3.37,42.06,3.59,124.0,Moderate,2020,6,20,Summer
Ahmedabad,2020-06-21,24.28,138.12,3.45,12.44,8.23,23.483477,0.7,11.45,57.31,3.17,58.65,2.87,106.0,Moderate,2020,6,21,Summer
Ahmedabad,2020-06-22,19.02,98.37,4.48,16.76,11.49,23.483477,0.52,13.32,45.85,3.33,53.61,2.67,75.0,Satisfactory,2020,6,22,Summer
Ahmedabad,2020-06-23,22.2,88.99,7.13,15.67,12.2,23.483477,0.51,13.0,64.75,3.18,60.9,2.46,85.0,Satisfactory,2020,6,23,Summer
Ahmedabad,2020-06-24,30.29,118.127106,13.07,25.92,21.72,23.483477,0.75,11.99,43.31,1.95,55.13,1.19,91.0,Satisfactory,2020,6,24,Summer
Ahmedabad,2020-06-25,32.56,142.43,8.29,24.83,18.21,23.483477,0.65,11.73,40.54,0.98,51.94,1.22,95.0,Satisfactory,2020,6,25,Summer
Ahmedabad,2020-06-26,36.48,150.65,8.96,30.78,20.8,23.483477,0.59,10.41,44.47,1.76,49.31,1.72,93.0,Satisfactory,2020,6,26,Summer
Ahmedabad,2020-06-27,62.12,118.67,9.18,56.35,19.86,23.483477,0.49,12.44,68.05,1.32,37.76,1.62,92.0,Satisfactory,2020,6,27,Summer
Ahmedabad,2020-06-28,31.57,118.127106,6.37,23.99,16.4,23.483477,0.52,11.01,26.34,1.37,49.58,1.34,82.0,Satisfactory,2020,6,28,Summer
Ahmedabad,2020-06-29,29.75,127.98,9.06,25.15,18.92,23.483477,0.67,12.1,34.99,1.39,60.21,0.79,74.0,Satisfactory,2020,6,29,Summer
Ahmedabad,2020-06-30,40.02,121.1,7.09,58.92,33.41,23.483477,0.73,16.39,41.64,1.21,44.1,1.35,98.0,Satisfactory,2020,6,30,Summer
Ahmedabad,2020-07-01,37.63,118.127106,4.42,35.04,20.17,23.483477,0.28,14.4,9.69,1.73,47.05,1.87,119.0,Moderate,2020,7,1,Summer
Aizawl,2020-03-11,32.69,47.91,6.99,2.85,11.93,26.64,0.6,4.53,4.48,0.03,0.3,3.0701277,166.46358,Moderate,2020,3,11,Spring
Aizawl,2020-03-12,31.21,38.66,7.2,1.27,10.65,25.63,0.56,4.22,2.81,0.01,0.08,3.0701277,52.0,Satisfactory,2020,3,12,Spring
Aizawl,2020-03-13,38.39,46.68,7.19,0.91,10.37,29.16,0.57,4.46,0.18,0.0,0.0,3.0701277,60.0,Satisfactory,2020,3,13,Spring
Aizawl,2020-03-14,43.23,50.83,7.14,1.07,10.48,28.95,0.57,4.53,0.41,0.0,0.0,3.0701277,62.0,Satisfactory,2020,3,14,Spring
Aizawl,2020-03-15,33.82,41.03,7.09,0.36,9.73,28.41,0.48,4.63,0.3,0.0,0.0,3.0701277,70.0,Satisfactory,2020,3,15,Spring
Aizawl,2020-03-16,27.14,35.04,5.63,2.32,8.09,23.98,0.5,4.71,13.02,0.13,0.68,3.0701277,54.0,Satisfactory,2020,3,16,Spring
Aizawl,2020-03-17,27.32,35.75,3.07,2.14,3.41,24.57,0.48,4.84,6.03,0.25,1.34,3.0701277,40.0,Good,2020,3,17,Spring
Aizawl,2020-03-18,31.76,41.51,3.0,1.48,5.24,23.42,0.47,5.04,8.76,0.24,1.19,3.0701277,51.0,Satisfactory,2020,3,18,Spring
Aizawl,2020-03-19,43.8,53.59,2.97,1.31,4.97,23.41,0.48,5.3,9.96,0.26,1.11,3.0701277,63.0,Satisfactory,2020,3,19,Spring
Aizawl,2020-03-20,35.48,44.02,3.01,0.83,4.64,24.85,0.49,5.32,6.43,0.27,1.15,3.0701277,69.0,Satisfactory,2020,3,20,Spring
Aizawl,2020-03-21,51.27,60.05,3.01,0.88,4.62,24.44,0.49,5.63,8.62,49.66,50.11,3.0701277,70.0,Satisfactory,2020,3,21,Spring
Aizawl,2020-03-22,33.24,40.33,2.93,0.13,3.65,18.55,0.37,5.41,5.64,13.07,13.69,3.0701277,71.0,Satisfactory,2020,3,22,Spring
Aizawl,2020-03-23,35.34,41.55,2.98,0.16,3.71,20.24,0.32,5.63,5.73,62.93,62.45,3.0701277,53.0,Satisfactory,2020,3,23,Spring
Aizawl,2020-03-24,47.34,56.65,2.96,0.14,3.66,20.21,0.37,6.17,5.59,0.33,0.33,3.0701277,66.0,Satisfactory,2020,3,24,Spring
Aizawl,2020-03-25,53.64,62.86,2.96,0.17,3.77,25.43,0.44,6.75,6.44,0.23,0.84,3.0701277,92.0,Satisfactory,2020,3,25,Spring
Aizawl,2020-03-26,54.9,62.7,2.96,0.13,3.69,25.48,0.42,6.8,5.87,0.25,0.92,3.0701277,89.0,Satisfactory,2020,3,26,Spring
Aizawl,2020-03-27,44.64,53.86,2.94,0.11,3.59,28.26,0.4,7.34,6.42,0.22,0.82,3.0701277,82.0,Satisfactory,2020,3,27,Spring
Aizawl,2020-03-28,51.33,60.03,2.92,0.35,3.89,29.89,0.44,7.69,8.76,0.23,0.66,3.0701277,71.0,Satisfactory,2020,3,28,Spring
Aizawl,2020-03-29,34.54,41.95,2.93,0.13,3.64,28.47,0.36,7.8,7.99,0.19,0.6,3.0701277,81.0,Satisfactory,2020,3,29,Spring
Aizawl,2020-03-30,39.47,48.07,2.93,0.24,3.79,29.05,0.42,7.67,7.4,0.19,0.73,3.0701277,60.0,Satisfactory,2020,3,30,Spring
Aizawl,2020-03-31,27.27,33.9,2.95,0.25,3.8,30.99,0.4,7.9,6.74,0.18,0.8,3.0701277,51.0,Satisfactory,2020,3,31,Spring
Aizawl,2020-04-01,38.6,49.19,2.98,0.26,3.94,32.95,0.45,8.11,6.12,36.6,37.17,3.0701277,62.0,Satisfactory,2020,4,1,Spring
Aizawl,2020-04-02,36.22,48.66,2.93,0.25,3.86,32.94,0.4,8.36,9.24,0.15,0.55,3.0701277,64.0,Satisfactory,2020,4,2,Spring
Aizawl,2020-04-03,30.35,39.84,2.9,0.21,3.75,23.37,0.29,8.25,10.87,0.08,0.47,3.0701277,54.0,Satisfactory,2020,4,3,Spring
Aizawl,2020-04-04,24.05,41.95,2.97,0.25,3.79,21.6,0.26,8.16,11.09,0.08,0.42,3.0701277,43.0,Good,2020,4,4,Spring
Aizawl,2020-04-05,26.47,33.51,2.96,0.08,3.5,26.0,0.31,8.79,5.76,10.03,10.52,3.0701277,44.0,Good,2020,4,5,Spring
Aizawl,2020-04-06,35.13,43.65,2.96,0.15,3.69,25.1,0.31,8.49,7.94,0.12,0.52,3.0701277,48.0,Good,2020,4,6,Spring
Aizawl,2020-04-07,33.19,42.17,2.92,0.3,3.85,22.71,0.3,8.78,13.38,0.12,0.38,3.0701277,61.0,Satisfactory,2020,4,7,Spring
Aizawl,2020-04-08,24.92,31.74,2.97,0.18,3.74,23.73,0.27,8.69,9.67,0.08,0.41,3.0701277,45.0,Good,2020,4,8,Spring
Aizawl,2020-04-09,39.15,45.79,3.32,0.31,4.47,22.95,0.39,7.81,7.66,6.27,6.66,3.0701277,59.0,Satisfactory,2020,4,9,Spring
Aizawl,2020-04-10,38.01,45.39,4.41,0.13,5.7,27.97,0.41,4.52,5.62,0.16,0.7,3.0701277,64.0,Satisfactory,2020,4,10,Spring
Aizawl,2020-04-11,30.06,35.53,4.37,0.17,5.74,30.0,0.37,4.77,6.71,0.15,0.71,3.0701277,55.0,Satisfactory,2020,4,11,Spring
Aizawl,2020-04-12,21.7,27.32,4.33,0.12,5.6,26.24,0.27,4.54,8.47,8.27,8.6,3.0701277,41.0,Good,2020,4,12,Spring
Aizawl,2020-04-13,28.33,33.24,6.24,0.39,8.44,28.53,0.36,5.3,10.16,0.12,0.57,3.0701277,42.0,Good,2020,4,13,Spring
Aizawl,2020-04-14,46.26,49.81,10.26,0.45,14.04,31.28,0.47,5.66,2.97,29.29,29.74,3.0701277,64.0,Satisfactory,2020,4,14,Spring
Aizawl,2020-04-15,40.72,48.87,11.4,0.51,15.65,30.38,0.42,5.71,0.72,1.55,2.05,3.0701277,76.0,Satisfactory,2020,4,15,Spring
Aizawl,2020-04-16,22.63,28.06,11.4,0.33,15.49,23.59,0.28,5.52,0.79,4.18,4.62,3.0701277,49.0,Good,2020,4,16,Spring
Aizawl,2020-04-17,15.06,19.85,11.4,0.36,15.51,14.87,0.22,5.43,2.46,0.05,0.35,3.0701277,33.0,Good,2020,4,17,Spring
Aizawl,2020-04-18,19.5,25.12,11.44,0.25,15.38,17.65,0.25,6.06,1.17,0.05,0.31,3.0701277,31.0,Good,2020,4,18,Spring
Aizawl,2020-04-19,10.48,14.73,11.44,0.11,15.2,19.03,0.22,6.4,1.27,0.03,0.33,3.0701277,24.0,Good,2020,4,19,Spring
Aizawl,2020-04-20,11.79,18.9,11.47,0.95,16.08,19.13,0.25,6.79,8.71,1.02,1.41,3.0701277,24.0,Good,2020,4,20,Spring
Aizawl,2020-04-21,9.53,20.94,11.54,0.75,15.94,16.64,0.27,6.62,7.67,10.19,10.54,3.0701277,23.0,Good,2020,4,21,Spring
Aizawl,2020-04-22,8.53,11.26,11.47,0.34,15.48,15.61,0.24,6.61,1.3,0.05,0.45,3.0701277,20.0,Good,2020,4,22,Spring
Aizawl,2020-04-23,10.42,14.56,11.56,0.26,15.49,16.78,0.26,6.96,1.75,0.06,0.49,3.0701277,19.0,Good,2020,4,23,Spring
Aizawl,2020-04-24,5.74,9.67,11.53,0.34,15.57,12.4,0.21,6.79,1.16,0.03,0.31,3.0701277,19.0,Good,2020,4,24,Spring
Aizawl,2020-04-25,3.14,5.83,11.51,0.2,14.68,17.91,0.18,7.47,0.55,7.73,8.0,3.0701277,19.0,Good,2020,4,25,Spring
Aizawl,2020-04-26,1.97,4.06,11.54,0.13,15.25,12.44,0.18,6.98,1.78,6.7,6.95,3.0701277,18.0,Good,2020,4,26,Spring
Aizawl,2020-04-27,5.4,9.88,11.62,0.27,15.57,17.69,0.25,7.21,0.22,8.33,8.74,3.0701277,19.0,Good,2020,4,27,Spring
Aizawl,2020-04-28,3.55,7.84,11.7,0.18,15.6,17.07,0.26,6.97,34.491432,6.89,7.42,3.0701277,19.0,Good,2020,4,28,Spring
Aizawl,2020-04-29,3.85,6.78,11.6,0.17,15.4,15.28,0.21,7.23,34.491432,13.67,14.03,3.0701277,19.0,Good,2020,4,29,Spring
Aizawl,2020-04-30,4.49,8.9,11.7,0.3,15.65,14.49,0.24,6.6,1.55,20.86,21.42,3.0701277,19.0,Good,2020,4,30,Spring
Aizawl,2020-05-01,7.92,12.97,11.68,0.35,15.71,18.21,0.3,6.47,1.61,0.06,0.76,3.0701277,20.0,Good,2020,5,1,Spring
Aizawl,2020-05-02,8.24,13.13,11.6,0.23,15.48,16.69,0.28,6.46,0.1,10.3,10.91,3.0701277,20.0,Good,2020,5,2,Spring
Aizawl,2020-05-03,5.48,9.88,11.53,0.08,15.15,14.56,0.19,6.42,0.07,16.64,17.0,3.0701277,19.0,Good,2020,5,3,Spring
Aizawl,2020-05-04,6.32,11.92,11.56,0.22,15.43,15.74,0.23,6.93,0.41,22.57,22.98,3.0701277,19.0,Good,2020,5,4,Spring
Aizawl,2020-05-05,10.16,14.63,11.58,0.25,15.58,18.64,0.27,7.6,0.12,6.11,6.56,3.0701277,19.0,Good,2020,5,5,Spring
Aizawl,2020-05-06,6.15,8.99,13.16,0.63,16.56,15.26,0.24,7.36,2.82,3.21,3.68,3.0701277,20.0,Good,2020,5,6,Spring
Aizawl,2020-05-07,3.93,6.85,11.51,0.18,15.43,19.43,0.27,8.04,0.19,10.76,11.43,3.0701277,20.0,Good,2020,5,7,Spring
Aizawl,2020-05-08,13.61,17.4,11.52,0.49,15.75,22.37,0.32,8.51,2.66,22.22,22.76,3.0701277,20.0,Good,2020,5,8,Spring
Aizawl,2020-05-09,13.29,19.14,11.54,0.34,15.65,27.89,0.37,8.6,0.24,0.07,1.0,3.0701277,24.0,Good,2020,5,9,Spring
Aizawl,2020-05-10,16.09,20.04,11.47,0.09,15.21,32.66,0.31,8.61,0.06,0.06,0.82,3.0701277,24.0,Good,2020,5,10,Spring
Aizawl,2020-05-11,25.35,31.71,11.55,0.69,15.98,29.77,0.39,8.87,7.63,12.22,13.15,3.0701277,35.0,Good,2020,5,11,Spring
Aizawl,2020-05-12,27.97,33.56,11.51,0.44,15.73,29.94,0.42,8.91,0.18,0.12,1.04,3.0701277,46.0,Good,2020,5,12,Spring
Aizawl,2020-05-13,23.72,28.88,11.51,0.6,15.86,21.17,0.37,8.41,1.74,5.14,5.68,3.0701277,46.0,Good,2020,5,13,Spring
Aizawl,2020-05-14,21.05,24.86,11.46,0.65,15.85,23.68,0.32,9.08,7.27,8.15,8.56,3.0701277,33.0,Good,2020,5,14,Spring
Aizawl,2020-05-15,14.82,19.67,11.65,0.35,15.83,23.19,0.31,9.06,0.05,10.0,10.96,3.0701277,31.0,Good,2020,5,15,Spring
Aizawl,2020-05-16,8.3,12.62,11.6,0.29,15.67,22.47,0.27,9.19,34.491432,14.93,15.51,3.0701277,21.0,Good,2020,5,16,Spring
Aizawl,2020-05-17,12.42,18.0,11.49,0.12,15.26,25.82,0.23,9.84,0.04,3.2808404,8.700972,3.0701277,20.0,Good,2020,5,17,Spring
Aizawl,2020-05-18,17.92,25.29,11.55,0.56,15.89,28.94,0.38,10.05,4.03,39.79,40.5,3.0701277,26.0,Good,2020,5,18,Spring
Aizawl,2020-05-19,18.83,24.52,11.59,0.48,15.9,25.16,0.36,9.84,1.16,13.31,13.96,3.0701277,32.0,Good,2020,5,19,Spring
Aizawl,2020-05-20,6.53,10.27,11.81,0.51,16.12,17.62,0.31,9.81,0.44,3.61,3.97,3.0701277,24.0,Good,2020,5,20,Spring
Aizawl,2020-05-21,8.97,14.44,11.41,0.34,15.53,13.24,0.21,10.1,2.88,0.02,0.22,3.0701277,20.0,Good,2020,5,21,Spring
Aizawl,2020-05-22,14.67,19.13,11.48,0.36,15.59,11.35,0.25,9.92,1.07,0.02,0.3,3.0701277,22.0,Good,2020,5,22,Spring
Aizawl,2020-05-23,16.13,21.52,11.49,0.27,15.52,16.11,0.25,10.88,0.28,28.67,28.82,3.0701277,22.0,Good,2020,5,23,Spring
Aizawl,2020-05-24,13.4,19.09,11.38,0.09,15.1,15.75,0.19,11.19,0.68,16.38,16.57,3.0701277,27.0,Good,2020,5,24,Spring
Aizawl,2020-05-25,9.72,14.84,11.49,0.28,15.49,14.45,0.19,11.14,1.77,11.99,12.1,3.0701277,20.0,Good,2020,5,25,Spring
Aizawl,2020-05-26,9.03,13.23,11.57,0.42,15.65,12.13,0.22,11.09,2.5,0.04,0.26,3.0701277,19.0,Good,2020,5,26,Spring
Aizawl,2020-05-27,1.96,4.32,15.59,0.62,20.63,16.72,0.21,11.13,4.82,3.34,3.51,3.0701277,21.0,Good,2020,5,27,Spring
Aizawl,2020-05-28,3.47,9.67,11.6,0.35,15.67,19.71,0.24,11.89,2.67,0.38,4.02,3.0701277,21.0,Good,2020,5,28,Spring
Aizawl,2020-05-29,3.62,7.84,11.59,0.47,15.72,12.68,0.24,11.24,1.98,3.06,3.58,3.0701277,20.0,Good,2020,5,29,Spring
Aizawl,2020-05-30,3.43,7.24,11.61,0.21,15.46,12.93,0.22,11.38,0.24,30.73,31.04,3.0701277,20.0,Good,2020,5,30,Spring
Aizawl,2020-05-31,3.68,7.45,11.54,0.08,15.13,12.87,0.17,11.58,0.1,3.2808404,8.700972,3.0701277,19.0,Good,2020,5,31,Spring
Aizawl,2020-06-01,4.52,9.11,12.06,0.59,15.89,12.84,0.22,11.83,3.37,14.32,14.63,3.0701277,19.0,Good,2020,6,1,Summer
Aizawl,2020-06-02,3.96,8.56,11.74,0.21,15.7,13.28,0.24,12.13,34.491432,3.2808404,8.700972,3.0701277,20.0,Good,2020,6,2,Summer
Aizawl,2020-06-03,2.33,6.33,11.68,0.29,15.65,14.43,0.24,12.24,2.76,36.41,36.5,3.0701277,20.0,Good,2020,6,3,Summer
Aizawl,2020-06-04,2.17,4.57,11.64,0.22,15.57,16.06,0.19,12.61,2.8,3.74,4.0,3.0701277,19.0,Good,2020,6,4,Summer
Aizawl,2020-06-05,2.49,7.33,20.36,0.7,25.15,25.23,0.24,12.97,3.3,17.11,17.44,3.0701277,31.0,Good,2020,6,5,Summer
Aizawl,2020-06-06,2.81,6.19,11.75,0.15,15.62,18.88,0.21,12.82,34.491432,3.2808404,8.700972,3.0701277,20.0,Good,2020,6,6,Summer
Aizawl,2020-06-07,5.2,118.127106,11.58,0.09,15.25,19.16,0.18,12.16,34.491432,3.2808404,8.700972,3.0701277,19.0,Good,2020,6,7,Summer
Aizawl,2020-06-08,14.44,22.3,11.79,0.76,16.31,22.38,0.41,13.0,0.87,10.9,11.62,3.0701277,25.0,Good,2020,6,8,Summer
Aizawl,2020-06-09,10.08,13.04,11.62,0.13,15.49,24.75,0.33,13.48,34.491432,0.04,0.55,3.0701277,23.0,Good,2020,6,9,Summer
Aizawl,2020-06-10,1.54,2.79,11.77,0.1,15.52,21.4,0.22,13.44,34.491432,65.53,65.67,3.0701277,19.0,Good,2020,6,10,Summer
Aizawl,2020-06-11,67.45058,6.11,11.79,0.31,15.78,20.59,0.21,13.53,1.92,1.59,1.9,3.0701277,166.46358,Moderate,2020,6,11,Summer
Aizawl,2020-06-12,0.99,8.1,11.67,0.25,15.53,21.22,0.2,11.92,3.6,0.03,0.33,3.0701277,19.0,Good,2020,6,12,Summer
Aizawl,2020-06-13,1.4,5.8,11.65,0.07,15.31,22.03,0.17,8.11,4.35,81.92,82.01,3.0701277,19.0,Good,2020,6,13,Summer
Aizawl,2020-06-14,0.98,4.59,11.63,0.07,15.17,24.59,0.16,8.82,3.77,3.2808404,8.700972,3.0701277,19.0,Good,2020,6,14,Summer
Aizawl,2020-06-15,1.19,4.99,11.66,0.07,15.3,24.48,0.17,8.52,4.17,3.2808404,8.700972,3.0701277,19.0,Good,2020,6,15,Summer
Aizawl,2020-06-16,1.14,6.19,11.83,0.37,15.85,20.36,0.17,8.62,4.86,12.62,12.86,3.0701277,19.0,Good,2020,6,16,Summer
Aizawl,2020-06-17,67.45058,1.99,13.01,0.33,15.57,19.46,0.16,5.65,4.5,35.02,35.09,3.0701277,20.0,Good,2020,6,17,Summer
Aizawl,2020-06-18,1.25,9.1,11.7,0.22,15.6,24.03,0.15,1.76,2.0,23.25,23.25,3.0701277,20.0,Good,2020,6,18,Summer
Aizawl,2020-06-19,5.92,19.02,11.74,0.26,15.74,36.73,0.2,2.84,1.58,13.67,13.94,3.0701277,20.0,Good,2020,6,19,Summer
Aizawl,2020-06-20,2.46,12.72,11.74,0.08,15.47,34.12,0.22,2.39,34.491432,0.04,0.25,3.0701277,19.0,Good,2020,6,20,Summer
Aizawl,2020-06-21,2.63,9.03,11.55,0.06,15.15,29.9,0.15,2.33,0.34,3.2808404,8.700972,3.0701277,19.0,Good,2020,6,21,Summer
Aizawl,2020-06-22,2.88,13.68,11.74,0.32,15.79,29.98,0.16,1.91,1.79,12.27,12.38,3.0701277,20.0,Good,2020,6,22,Summer
Aizawl,2020-06-23,2.76,13.65,11.61,0.38,15.67,25.38,0.05,0.95,2.6,20.29,20.36,3.0701277,20.0,Good,2020,6,23,Summer
Aizawl,2020-06-24,8.62,32.1,11.57,0.14,15.41,25.57,0.07,1.08,1.84,17.08,17.17,3.0701277,25.0,Good,2020,6,24,Summer
Aizawl,2020-06-25,7.98,28.92,11.57,0.16,15.5,23.4,0.05,1.03,1.76,3.2808404,8.700972,3.0701277,33.0,Good,2020,6,25,Summer
Aizawl,2020-06-26,1.39,7.21,11.8,0.18,15.71,22.46,0.03,1.24,1.08,3.2808404,8.700972,3.0701277,21.0,Good,2020,6,26,Summer
Aizawl,2020-06-27,0.16,3.16,11.69,0.07,15.41,22.42,0.02,1.08,1.29,3.2808404,8.700972,3.0701277,19.0,Good,2020,6,27,Summer
Aizawl,2020-06-28,0.24,1.15,11.56,0.05,15.14,25.45,0.02,1.38,1.4,3.2808404,8.700972,3.0701277,19.0,Good,2020,6,28,Summer
Aizawl,2020-06-29,0.28,10.02,12.04,0.13,15.96,28.73,0.12,2.03,0.95,3.2808404,8.700972,3.0701277,20.0,Good,2020,6,29,Summer
Aizawl,2020-06-30,1.89,9.27,11.91,0.1,15.75,28.68,0.11,2.23,1.16,3.2808404,8.700972,3.0701277,20.0,Good,2020,6,30,Summer
Aizawl,2020-07-01,4.49,5.39,11.44,0.07,15.11,19.41,0.02,2.07,3.39,3.2808404,8.700972,3.0701277,20.0,Good,2020,7,1,Summer
Amaravati,2017-11-24,71.36,115.75,1.75,20.65,12.4,12.19,0.1,10.76,109.26,0.17,5.92,0.1,166.46358,Moderate,2017,11,24,Autumn
Amaravati,2017-11-25,81.4,124.5,1.44,20.5,12.08,10.72,0.12,15.24,127.09,0.2,6.5,0.06,184.0,Moderate,2017,11,25,Autumn
Amaravati,2017-11-26,78.32,129.06,1.26,26.0,14.85,10.28,0.14,26.96,117.44,0.22,7.95,0.08,197.0,Moderate,2017,11,26,Autumn
Amaravati,2017-11-27,88.76,135.32,6.6,30.85,21.77,12.91,0.11,33.59,111.81,0.29,7.63,0.12,198.0,Moderate,2017,11,27,Autumn
Amaravati,2017-11-28,64.18,104.09,2.56,28.07,17.01,11.42,0.09,19.0,138.18,0.17,5.02,0.07,188.0,Moderate,2017,11,28,Autumn
Amaravati,2017-11-29,72.47,114.84,5.23,23.2,16.59,12.25,0.16,10.55,109.74,0.21,4.71,0.08,173.0,Moderate,2017,11,29,Autumn
Amaravati,2017-11-30,69.8,114.86,4.69,20.17,14.54,10.95,0.12,14.07,118.09,0.16,3.52,0.06,165.0,Moderate,2017,11,30,Autumn
Amaravati,2017-12-01,73.96,113.56,4.58,19.29,13.97,10.95,0.1,13.9,123.8,0.17,2.85,0.04,191.0,Moderate,2017,12,1,Winter
Amaravati,2017-12-02,89.9,140.2,7.71,26.19,19.87,13.12,0.1,19.37,128.73,0.25,2.79,0.07,191.0,Moderate,2017,12,2,Winter
Amaravati,2017-12-03,87.14,130.52,0.97,21.31,12.12,14.36,0.15,11.41,114.8,0.23,3.82,0.04,227.0,Poor,2017,12,3,Winter
Amaravati,2017-12-04,84.64,125.0,4.02,26.98,17.58,14.41,0.18,9.84,112.41,0.31,3.53,0.09,168.0,Moderate,2017,12,4,Winter
Amaravati,2017-12-05,88.36,121.77,3.7,20.23,13.75,13.72,0.12,14.02,117.93,0.24,2.92,0.03,198.0,Moderate,2017,12,5,Winter
Amaravati,2017-12-06,96.83,139.36,1.6,25.65,14.99,15.12,0.11,16.54,117.21,0.29,4.45,0.07,201.0,Poor,2017,12,6,Winter
Amaravati,2017-12-07,117.46,181.64,4.26,41.1,25.32,17.34,0.13,28.79,94.63,0.36,6.21,0.17,252.0,Poor,2017,12,7,Winter
Amaravati,2017-12-09,74.28,141.22,6.1,44.97,28.88,15.73,0.09,21.9,60.62,0.26,4.79,0.16,196.0,Moderate,2017,12,9,Winter
Amaravati,2017-12-10,50.32,102.77,1.73,33.85,19.41,12.56,0.1,13.65,68.15,0.2,4.29,0.1,132.0,Moderate,2017,12,10,Winter
Amaravati,2017-12-11,58.47,115.27,4.93,41.64,26.15,15.2,0.16,18.37,73.75,0.23,5.51,0.16,147.0,Moderate,2017,12,11,Winter
Amaravati,2017-12-12,89.35,131.48,7.97,42.1,28.88,21.24,0.24,7.42,44.67,0.28,7.01,0.19,179.0,Moderate,2017,12,12,Winter
Amaravati,2017-12-13,64.42,99.74,7.2,34.78,24.36,17.63,0.15,5.81,50.16,0.24,6.11,0.14,145.0,Moderate,2017,12,13,Winter
Amaravati,2017-12-14,69.4,98.94,5.81,29.97,20.67,19.34,0.14,5.8,55.0,0.23,5.09,0.14,115.0,Moderate,2017,12,14,Winter
Amaravati,2017-12-15,71.07,109.65,4.19,25.0,16.7,16.0,0.1,8.33,79.04,0.18,3.45,0.07,140.0,Moderate,2017,12,15,Winter
Amaravati,2017-12-16,79.76,129.81,8.77,40.92,28.84,15.56,0.17,8.51,73.17,0.24,4.41,0.13,156.0,Moderate,2017,12,16,Winter
Amaravati,2017-12-17,108.06,167.62,7.29,47.05,30.94,18.52,0.08,16.05,70.74,0.31,4.32,0.24,225.0,Poor,2017,12,17,Winter
Amaravati,2017-12-18,100.75,172.04,7.63,53.94,33.45,18.49,0.11,14.05,59.2,0.26,3.77,0.19,251.0,Poor,2017,12,18,Winter
Amaravati,2017-12-19,106.25,171.56,2.74,43.09,21.78,19.66,0.13,15.45,66.9,0.28,3.13,0.18,228.0,Poor,2017,12,19,Winter
Amaravati,2017-12-20,83.79,141.83,6.77,47.47,30.74,17.37,0.3,13.35,77.54,0.29,3.7,0.15,223.0,Poor,2017,12,20,Winter
Amaravati,2017-12-21,79.98,147.74,7.02,49.55,32.07,17.28,0.14,13.58,79.71,0.33,3.95,0.19,170.0,Moderate,2017,12,21,Winter
Amaravati,2017-12-22,76.27,152.59,7.51,56.0,35.9,19.53,0.15,29.88,56.97,0.29,4.44,0.19,165.0,Moderate,2017,12,22,Winter
Amaravati,2017-12-23,86.5,147.95,5.24,42.0,26.6,20.78,0.15,11.85,73.09,0.31,3.9,0.17,159.0,Moderate,2017,12,23,Winter
Amaravati,2017-12-24,100.62,167.75,3.75,47.68,28.41,23.68,0.22,10.85,62.78,0.34,4.81,0.29,232.0,Poor,2017,12,24,Winter
Amaravati,2017-12-25,110.73,171.47,1.69,31.06,17.89,21.66,0.1,12.23,76.07,0.33,3.96,0.16,242.0,Poor,2017,12,25,Winter
Amaravati,2017-12-26,107.7,170.21,4.97,43.54,27.2,22.52,0.17,18.07,64.6,0.33,4.01,0.16,274.0,Poor,2017,12,26,Winter
Amaravati,2017-12-27,104.81,192.2,9.59,63.48,41.57,21.06,0.23,17.01,63.87,0.38,4.1,0.36,259.0,Poor,2017,12,27,Winter
Amaravati,2017-12-28,89.95,175.16,10.95,64.53,43.23,18.87,0.27,15.52,62.49,0.36,4.12,0.23,225.0,Poor,2017,12,28,Winter
Amaravati,2017-12-29,74.58,138.6,6.14,46.65,29.81,18.2,0.17,9.47,67.11,0.32,3.76,0.18,177.0,Moderate,2017,12,29,Winter
Amaravati,2017-12-30,56.68,109.33,4.6,33.26,21.44,16.86,0.1,8.26,66.91,0.25,3.28,0.14,120.0,Moderate,2017,12,30,Winter
Amaravati,2017-12-31,61.03,131.62,5.51,39.5,25.49,17.82,0.08,11.45,61.91,0.33,4.16,0.19,120.0,Moderate,2017,12,31,Winter
Amaravati,2018-01-01,59.03,108.83,3.45,23.36,15.23,18.03,0.09,26.05,87.55,0.23,3.2,0.09,120.0,Moderate,2018,1,1,Winter
Amaravati,2018-01-02,61.88,109.82,3.87,23.14,15.45,19.57,0.09,12.81,81.38,0.2,3.84,0.04,132.0,Moderate,2018,1,2,Winter
Amaravati,2018-01-03,71.57,137.48,5.01,39.99,25.36,25.61,0.09,16.82,80.3,0.24,6.55,0.11,136.0,Moderate,2018,1,3,Winter
Amaravati,2018-01-04,92.44,174.75,5.84,53.79,33.36,19.45,0.11,16.93,71.09,0.3,7.23,0.23,182.0,Moderate,2018,1,4,Winter
Amaravati,2018-01-05,92.9,162.69,6.38,56.39,35.19,21.02,0.08,23.11,68.79,0.29,7.88,0.2,222.0,Poor,2018,1,5,Winter
Amaravati,2018-01-06,85.15,151.97,11.05,61.55,41.72,18.71,0.07,11.86,90.8,0.26,7.14,0.16,230.0,Poor,2018,1,6,Winter
Amaravati,2018-01-07,81.47,145.68,6.45,46.9,30.18,20.18,0.07,9.63,96.49,0.25,7.26,0.15,224.0,Poor,2018,1,7,Winter
Amaravati,2018-01-08,81.58,132.66,3.97,34.93,21.81,21.59,0.09,12.81,118.91,0.29,6.16,0.15,217.0,Poor,2018,1,8,Winter
Amaravati,2018-01-09,79.56,146.64,4.44,37.58,23.6,17.71,0.05,17.77,137.61,0.05,1.1,0.02,230.0,Poor,2018,1,9,Winter
Amaravati,2018-01-10,87.43,155.95,3.9,37.31,23.02,22.35,0.1,13.4,121.72,0.1,1.93,0.01,229.0,Poor,2018,1,10,Winter
Amaravati,2018-01-11,87.33,153.97,3.95,42.52,25.82,23.66,0.08,35.39,106.17,0.22,6.61,0.07,229.0,Poor,2018,1,11,Winter
Amaravati,2018-01-12,110.39,182.54,4.54,52.24,31.49,24.74,0.04,36.01,82.2,0.28,8.48,0.12,235.0,Poor,2018,1,12,Winter
Amaravati,2018-01-13,77.51,125.01,3.85,36.41,22.49,20.06,0.05,14.36,72.16,0.19,7.12,0.07,214.0,Poor,2018,1,13,Winter
Amaravati,2018-01-14,86.96,129.99,3.65,28.32,18.03,21.23,0.05,4.83,62.6,0.23,6.93,0.07,186.0,Moderate,2018,1,14,Winter
Amaravati,2018-01-15,76.29,115.53,2.96,21.35,13.75,20.38,0.05,8.75,69.99,0.18,7.71,0.07,172.0,Moderate,2018,1,15,Winter
Amaravati,2018-01-16,67.06,100.34,3.22,20.25,13.29,18.78,0.06,4.7,54.92,0.15,6.52,0.07,138.0,Moderate,2018,1,16,Winter
Amaravati,2018-01-17,68.34,104.45,3.71,26.26,16.99,20.29,0.06,6.43,45.63,0.15,6.54,0.07,125.0,Moderate,2018,1,17,Winter
Amaravati,2018-01-18,66.28,117.3,7.36,45.13,29.99,21.68,0.05,7.21,45.97,0.19,6.81,0.1,132.0,Moderate,2018,1,18,Winter
Amaravati,2018-01-19,64.98,116.14,6.98,45.4,29.83,21.32,0.06,8.83,50.28,0.18,6.79,0.14,111.0,Moderate,2018,1,19,Winter
Amaravati,2018-01-20,75.46,132.84,9.56,56.53,37.84,21.88,0.13,30.48,51.98,0.2,6.58,0.14,137.0,Moderate,2018,1,20,Winter
Amaravati,2018-01-21,81.58,141.85,4.99,38.15,24.35,19.33,0.05,11.04,59.76,0.16,5.83,0.07,172.0,Moderate,2018,1,21,Winter
Amaravati,2018-01-22,78.27,142.86,5.98,45.36,29.01,19.12,0.06,10.32,58.53,0.16,5.57,0.06,160.0,Moderate,2018,1,22,Winter
Amaravati,2018-01-23,79.01,138.14,6.16,45.43,29.17,20.29,0.06,10.18,58.04,0.18,5.76,0.07,163.0,Moderate,2018,1,23,Winter
Amaravati,2018-01-24,77.98,137.31,5.09,44.96,28.04,21.11,0.06,7.22,50.69,0.17,6.37,0.08,165.0,Moderate,2018,1,24,Winter
Amaravati,2018-01-25,77.96,155.73,8.4,59.92,38.7,23.45,0.06,31.01,40.77,0.18,7.39,0.13,139.0,Moderate,2018,1,25,Winter
Amaravati,2018-01-26,79.04,143.38,6.19,43.61,28.23,26.0,0.08,8.67,45.46,0.19,7.14,0.1,176.0,Moderate,2018,1,26,Winter
Amaravati,2018-01-27,77.78,131.14,6.1,43.84,28.33,26.3,0.09,7.62,43.26,0.18,6.61,0.07,162.0,Moderate,2018,1,27,Winter
Amaravati,2018-01-28,76.48,131.86,4.06,33.37,21.04,22.05,0.06,7.49,45.71,0.16,4.43,0.06,160.0,Moderate,2018,1,28,Winter
Amaravati,2018-01-29,74.2,135.97,4.3,35.82,22.55,20.24,0.07,12.16,53.0,0.15,4.24,0.05,142.0,Moderate,2018,1,29,Winter
Amaravati,2018-01-30,78.23,140.66,5.36,45.76,28.7,21.73,0.05,12.45,45.35,0.19,4.83,0.08,172.0,Moderate,2018,1,30,Winter
Amaravati,2018-01-31,68.53,147.48,8.28,61.52,39.46,19.74,0.04,23.68,37.99,0.18,5.11,0.11,134.0,Moderate,2018,1,31,Winter
Amaravati,2018-02-01,62.08,152.59,10.08,62.18,41.29,19.42,0.05,8.97,34.93,0.16,4.65,0.13,136.0,Moderate,2018,2,1,Winter
Amaravati,2018-02-02,50.64,130.36,6.48,45.52,29.49,19.89,0.07,10.61,40.57,0.18,3.9,0.11,130.0,Moderate,2018,2,2,Winter
Amaravati,2018-02-03,44.21,119.52,3.63,34.37,21.23,23.31,0.07,5.86,31.73,0.09,3.54,0.06,111.0,Moderate,2018,2,3,Winter
Amaravati,2018-02-04,50.71,115.65,7.91,35.16,25.13,11.19,0.06,8.16,32.58,0.13,3.19,0.08,117.0,Moderate,2018,2,4,Winter
Amaravati,2018-02-05,42.27,100.54,4.95,30.69,20.33,13.4,0.66,8.99,32.18,0.12,2.8,0.09,102.0,Moderate,2018,2,5,Winter
Amaravati,2018-02-06,39.41,101.1,3.21,28.53,17.83,17.9,0.81,5.86,28.72,0.12,3.07,0.11,108.0,Moderate,2018,2,6,Winter
Amaravati,2018-02-07,50.56,116.89,6.93,37.27,25.44,11.05,0.97,5.25,23.36,0.08,2.3,0.1,99.0,Satisfactory,2018,2,7,Winter
Amaravati,2018-02-08,50.54,120.05,2.91,26.96,16.74,13.02,0.9,17.9,36.66,0.1,2.28,0.21,121.0,Moderate,2018,2,8,Winter
Amaravati,2018-02-09,26.22,62.82,2.24,20.1,12.54,12.32,0.61,8.25,23.74,0.07,3.07,0.12,86.0,Satisfactory,2018,2,9,Winter
Amaravati,2018-02-10,31.83,66.74,2.76,16.83,11.14,11.9,0.61,5.87,24.72,0.05,2.64,0.11,57.0,Satisfactory,2018,2,10,Winter
Amaravati,2018-02-11,70.26,112.29,0.4,11.87,6.57,13.05,0.62,7.29,31.4,0.06,2.1,0.1,107.0,Moderate,2018,2,11,Winter
Amaravati,2018-02-12,59.47,99.73,0.54,12.85,7.18,11.94,0.68,7.62,30.57,0.04,1.88,0.11,118.0,Moderate,2018,2,12,Winter
Amaravati,2018-02-13,58.71,99.04,0.41,13.88,7.62,11.99,0.86,6.89,36.2,0.12,1.84,0.1,110.0,Moderate,2018,2,13,Winter
Amaravati,2018-02-14,56.29,107.96,0.25,16.71,9.02,10.89,0.95,12.91,48.39,0.16,2.37,0.1,114.0,Moderate,2018,2,14,Winter
Amaravati,2018-02-15,50.41,118.62,1.68,25.6,15.01,20.24,0.69,11.81,33.46,0.17,3.82,0.11,111.0,Moderate,2018,2,15,Winter
Amaravati,2018-02-16,57.53,128.81,1.94,25.03,14.88,33.72,0.78,25.39,31.15,0.15,3.02,0.14,117.0,Moderate,2018,2,16,Winter
Amaravati,2018-02-17,43.82,97.19,1.45,16.01,9.45,22.52,0.67,17.62,27.62,0.09,2.52,0.12,107.0,Moderate,2018,2,17,Winter
Amaravati,2018-02-18,42.71,80.24,15.9,17.35,22.25,24.68,0.49,9.53,30.68,0.1,3.09,0.12,87.0,Satisfactory,2018,2,18,Winter
Amaravati,2018-02-19,54.73,94.12,3.49,12.79,9.73,22.79,0.58,8.21,30.21,0.08,2.23,0.15,89.0,Satisfactory,2018,2,19,Winter
Amaravati,2018-02-20,50.91,99.84,4.55,16.33,12.39,23.18,0.64,10.34,26.24,0.1,2.51,0.1,97.0,Satisfactory,2018,2,20,Winter
Amaravati,2018-02-21,38.5,106.7,4.5,16.82,12.69,19.54,0.58,11.02,26.62,0.1,2.68,0.11,100.0,Satisfactory,2018,2,21,Winter
Amaravati,2018-02-22,32.21,107.43,7.39,17.33,15.32,18.13,0.6,11.81,24.84,0.12,3.28,0.13,105.0,Moderate,2018,2,22,Winter
Amaravati,2018-02-23,35.36,107.25,6.13,17.75,14.52,16.57,0.85,10.87,23.99,0.09,2.92,0.2,114.0,Moderate,2018,2,23,Winter
Amaravati,2018-02-24,59.65,127.26,8.21,19.14,16.94,20.46,0.7,10.82,21.64,0.16,2.67,0.15,116.0,Moderate,2018,2,24,Winter
Amaravati,2018-02-25,46.16,115.95,11.52,17.19,18.59,16.35,2.248598,9.18,16.94,0.13,2.51,0.13,116.0,Moderate,2018,2,25,Winter
Amaravati,2018-02-26,34.31,107.74,9.19,20.85,18.66,15.88,2.248598,13.97,16.28,0.1,2.44,0.12,98.0,Satisfactory,2018,2,26,Winter
Amaravati,2018-02-27,39.52,113.31,19.35,21.18,27.0,18.5,0.81,15.02,18.8,0.15,2.65,0.2,116.0,Moderate,2018,2,27,Winter
Amaravati,2018-02-28,43.08,116.06,5.34,19.02,14.54,22.46,0.79,22.7,25.64,0.09,2.16,0.12,108.0,Moderate,2018,2,28,Winter
Amaravati,2018-03-01,38.1,97.0,7.1,22.21,17.68,19.27,0.79,13.89,22.73,0.06,2.12,0.11,100.0,Satisfactory,2018,3,1,Spring
Amaravati,2018-03-02,33.08,83.16,5.37,18.83,14.38,14.52,0.72,8.98,23.63,0.05,2.04,0.1,92.0,Satisfactory,2018,3,2,Spring
Amaravati,2018-03-03,29.7,77.45,4.45,17.33,13.01,12.72,0.65,9.71,29.26,0.05,1.85,0.1,80.0,Satisfactory,2018,3,3,Spring
Amaravati,2018-03-04,38.67,82.67,4.45,22.81,15.74,12.41,0.66,12.63,22.9,0.06,2.18,0.11,88.0,Satisfactory,2018,3,4,Spring
Amaravati,2018-03-05,30.04,83.07,11.58,24.74,22.65,12.52,0.78,8.98,17.81,0.05,1.91,0.21,83.0,Satisfactory,2018,3,5,Spring
Amaravati,2018-03-06,39.72,103.81,19.66,26.29,30.06,14.03,0.81,9.68,17.53,0.11,2.46,0.17,100.0,Satisfactory,2018,3,6,Spring
Amaravati,2018-03-07,38.21,78.95,5.71,19.03,14.85,14.15,0.75,8.03,22.81,0.05,2.19,0.1,81.0,Satisfactory,2018,3,7,Spring
Amaravati,2018-03-08,58.31,124.64,11.93,28.85,25.14,14.0,1.03,10.21,22.24,0.12,2.38,0.16,112.0,Moderate,2018,3,8,Spring
Amaravati,2018-03-09,62.49,113.56,8.08,22.65,18.7,16.53,0.91,12.68,26.26,0.09,2.18,0.12,113.0,Moderate,2018,3,9,Spring
Amaravati,2018-03-10,49.04,102.46,5.75,19.92,15.26,14.09,0.64,6.82,26.52,0.1,2.5,0.1,105.0,Moderate,2018,3,10,Spring
Amaravati,2018-03-11,41.67,80.09,2.74,13.08,9.19,13.51,0.78,8.35,30.38,0.11,2.08,0.1,88.0,Satisfactory,2018,3,11,Spring
Amaravati,2018-03-12,32.44,75.3,6.01,19.07,15.02,12.65,0.68,7.75,21.52,0.09,2.72,0.15,78.0,Satisfactory,2018,3,12,Spring
Amaravati,2018-03-13,26.43,80.85,10.73,20.82,19.8,11.64,0.72,9.43,16.52,0.08,2.24,0.13,78.0,Satisfactory,2018,3,13,Spring
Amaravati,2018-03-14,25.08,60.67,7.17,15.22,13.94,14.1,0.56,8.63,13.8,0.05,2.19,0.12,69.0,Satisfactory,2018,3,14,Spring
Amaravati,2018-03-15,26.09,63.05,4.9,10.42,9.51,10.74,0.58,11.33,21.38,0.02,1.26,0.1,60.0,Satisfactory,2018,3,15,Spring
Amaravati,2018-03-16,16.62,39.94,4.9,8.18,8.43,11.53,0.58,6.37,12.68,0.01,1.52,3.0701277,51.0,Satisfactory,2018,3,16,Spring
Amaravati,2018-03-17,49.58,82.95,4.98,19.05,14.27,13.47,0.7,12.47,20.32,0.09,2.18,0.22,61.0,Satisfactory,2018,3,17,Spring
Amaravati,2018-03-18,43.52,80.01,6.41,20.43,16.16,13.75,0.8,10.57,23.36,0.12,2.6,0.29,90.0,Satisfactory,2018,3,18,Spring
Amaravati,2018-03-19,39.83,76.09,4.63,14.37,11.5,13.34,0.7,8.89,23.13,0.09,2.71,0.1,74.0,Satisfactory,2018,3,19,Spring
Amaravati,2018-03-20,36.89,76.61,6.62,18.83,15.39,13.96,0.57,7.04,13.58,0.06,2.88,0.1,76.0,Satisfactory,2018,3,20,Spring
Amaravati,2018-03-21,48.71,96.46,5.63,14.86,12.65,13.01,0.92,15.45,27.48,0.06,1.73,0.1,166.46358,Moderate,2018,3,21,Spring
Amaravati,2018-03-22,52.69,94.25,4.69,14.44,11.58,15.35,0.59,16.81,19.03,0.01,1.48,0.1,92.0,Satisfactory,2018,3,22,Spring
Amaravati,2018-03-23,46.48,95.41,4.35,14.79,11.5,15.02,0.6,15.55,21.04,0.03,1.62,0.16,93.0,Satisfactory,2018,3,23,Spring
Amaravati,2018-03-24,44.22,77.62,3.56,8.53,7.52,14.58,0.73,9.61,23.87,0.02,1.28,0.1,88.0,Satisfactory,2018,3,24,Spring
Amaravati,2018-03-25,35.91,71.26,2.94,6.99,6.19,13.53,0.67,3.69,27.58,0.01,1.69,3.0701277,75.0,Satisfactory,2018,3,25,Spring
Amaravati,2018-03-26,39.05,81.51,3.43,9.86,8.11,10.94,0.68,7.26,23.74,0.05,2.2,0.13,79.0,Satisfactory,2018,3,26,Spring
Amaravati,2018-03-27,30.21,67.22,5.11,11.29,10.25,11.24,0.58,13.19,20.89,0.01,1.96,0.1,74.0,Satisfactory,2018,3,27,Spring
Amaravati,2018-03-28,31.14,60.35,4.25,10.36,9.05,11.8,0.83,14.42,20.99,0.02,1.69,0.1,62.0,Satisfactory,2018,3,28,Spring
Amaravati,2018-03-29,26.82,52.51,3.63,7.68,7.14,11.54,0.69,13.63,23.6,0.0,1.27,3.0701277,53.0,Satisfactory,2018,3,29,Spring
Amaravati,2018-03-30,26.34,52.07,3.49,8.43,7.41,9.3,0.57,18.83,23.6,0.0,1.38,3.0701277,53.0,Satisfactory,2018,3,30,Spring
Amaravati,2018-03-31,28.48,55.8,3.06,6.86,6.23,10.49,0.64,12.97,24.19,0.0,1.42,3.0701277,55.0,Satisfactory,2018,3,31,Spring
Amaravati,2018-04-01,21.83,52.92,2.69,5.28,5.09,7.53,0.55,8.3,23.34,0.0,1.43,3.0701277,52.0,Satisfactory,2018,4,1,Spring
Amaravati,2018-04-02,24.23,52.06,4.32,14.33,11.23,8.17,0.56,9.95,23.86,0.04,1.38,0.1,55.0,Satisfactory,2018,4,2,Spring
Amaravati,2018-04-03,22.29,55.96,4.38,11.27,9.64,10.88,0.67,8.08,19.63,0.03,1.85,0.1,56.0,Satisfactory,2018,4,3,Spring
Amaravati,2018-04-04,25.28,54.59,4.93,9.65,9.24,12.44,0.72,8.7,19.64,0.01,1.5,0.1,56.0,Satisfactory,2018,4,4,Spring
Amaravati,2018-04-05,19.68,45.57,2.06,6.63,5.2,8.44,0.69,5.86,14.34,0.0,1.43,3.0701277,52.0,Satisfactory,2018,4,5,Spring
Amaravati,2018-04-06,29.89,71.75,5.08,9.62,9.25,9.17,0.87,10.34,20.63,0.0,1.12,3.0701277,166.46358,Moderate,2018,4,6,Spring
Amaravati,2018-04-07,24.4,70.25,5.01,10.84,9.84,10.27,0.74,7.4,13.13,0.0,1.11,0.1,76.0,Satisfactory,2018,4,7,Spring
Amaravati,2018-04-08,20.05,79.5,4.17,13.54,10.69,9.77,0.65,10.35,34.29,0.02,1.12,3.0701277,76.0,Satisfactory,2018,4,8,Spring
Amaravati,2018-04-09,23.72,55.74,4.18,8.86,8.18,10.54,0.81,6.71,19.29,0.0,0.99,0.1,81.0,Satisfactory,2018,4,9,Spring
Amaravati,2018-04-10,26.12,56.77,4.8,11.71,10.14,9.83,0.5,6.88,14.32,0.0,1.14,0.12,59.0,Satisfactory,2018,4,10,Spring
Amaravati,2018-04-11,13.0,29.0,3.8,2.8,4.6,20.1,2.248598,14.531978,19.6,0.0,0.8,3.0701277,166.46358,Moderate,2018,4,11,Spring
Amaravati,2018-04-12,9.25,35.45,4.7,4.6,6.48,9.06,0.54,6.2,21.66,0.0,0.89,3.0701277,166.46358,Moderate,2018,4,12,Spring
Amaravati,2018-04-13,7.16,26.39,3.86,5.22,5.99,8.62,0.59,6.62,14.29,0.0,0.95,3.0701277,46.0,Good,2018,4,13,Spring
Amaravati,2018-04-14,7.97,33.2,4.26,6.48,7.0,8.66,0.61,6.01,11.52,0.0,1.06,3.0701277,40.0,Good,2018,4,14,Spring
Amaravati,2018-04-15,6.48,23.83,2.39,3.54,3.83,8.32,0.47,5.97,11.63,0.0,0.82,3.0701277,33.0,Good,2018,4,15,Spring
Amaravati,2018-04-16,7.2,34.11,3.7,5.73,6.14,7.23,0.5,7.01,18.9,0.0,1.07,3.0701277,49.0,Good,2018,4,16,Spring
Amaravati,2018-04-17,8.27,27.27,3.72,5.86,6.14,6.04,0.53,6.69,7.51,0.0,0.98,3.0701277,32.0,Good,2018,4,17,Spring
Amaravati,2018-04-18,17.79,53.96,4.51,6.55,7.31,8.37,0.73,10.53,28.54,0.0,1.02,3.0701277,166.46358,Moderate,2018,4,18,Spring
Amaravati,2018-04-19,9.21,27.62,2.67,3.26,3.9,6.59,0.44,6.91,11.95,0.0,0.73,3.0701277,42.0,Good,2018,4,19,Spring
Amaravati,2018-04-20,24.83,67.21,3.41,6.22,6.25,10.45,0.56,15.16,30.26,0.0,0.82,3.0701277,166.46358,Moderate,2018,4,20,Spring
Amaravati,2018-04-21,19.78,49.86,3.0,4.9,5.14,6.3,0.66,7.64,23.67,0.0,0.7,3.0701277,53.0,Satisfactory,2018,4,21,Spring
Amaravati,2018-04-22,8.85,30.54,2.7,3.86,4.26,5.01,0.36,5.44,20.73,0.0,0.74,3.0701277,47.0,Good,2018,4,22,Spring
Amaravati,2018-04-23,25.0,61.0,3.1,8.8,7.2,7.5,2.248598,14.531978,19.6,0.0,1.1,3.0701277,166.46358,Moderate,2018,4,23,Spring
Amaravati,2018-04-24,23.35,91.83,4.6,7.1,7.6,7.8,0.62,11.15,34.95,0.0,0.52,3.0701277,166.46358,Moderate,2018,4,24,Spring
Amaravati,2018-04-25,18.48,62.52,3.36,12.71,9.5,6.68,0.76,7.38,17.57,0.0,0.87,3.0701277,79.0,Satisfactory,2018,4,25,Spring
Amaravati,2018-04-26,24.79,66.54,4.32,7.23,7.54,9.86,0.6,13.05,29.11,0.0,0.89,3.0701277,166.46358,Moderate,2018,4,26,Spring
Amaravati,2018-04-27,11.04,38.34,3.76,5.11,5.87,6.78,0.48,6.21,16.31,0.0,0.71,3.0701277,47.0,Good,2018,4,27,Spring
Amaravati,2018-04-28,9.74,33.83,3.94,4.84,5.87,5.66,0.66,7.51,12.65,0.0,0.83,3.0701277,51.0,Satisfactory,2018,4,28,Spring
Amaravati,2018-04-29,10.35,30.98,3.51,5.55,5.81,4.43,1.01,5.38,7.55,0.0,0.86,3.0701277,52.0,Satisfactory,2018,4,29,Spring
Amaravati,2018-04-30,28.85,64.52,3.84,5.51,6.23,6.12,0.45,5.93,32.05,0.0,0.68,3.0701277,166.46358,Moderate,2018,4,30,Spring
Amaravati,2018-05-01,22.81,53.85,3.12,6.96,6.33,5.76,0.8,7.09,34.26,0.0,0.22,3.0701277,88.0,Satisfactory,2018,5,1,Spring
Amaravati,2018-05-02,28.54,56.36,4.29,22.75,15.68,8.96,0.85,7.28,32.62,3.2808404,8.700972,3.0701277,78.0,Satisfactory,2018,5,2,Spring
Amaravati,2018-05-03,18.46,39.45,3.59,14.17,10.55,12.76,0.49,6.37,30.3,3.2808404,8.700972,3.0701277,90.0,Satisfactory,2018,5,3,Spring
Amaravati,2018-05-04,23.9,37.71,4.65,26.74,18.01,12.69,0.56,6.01,12.46,3.2808404,8.700972,3.0701277,43.0,Good,2018,5,4,Spring
Amaravati,2018-05-05,67.45058,118.127106,17.57473,28.56066,32.309124,23.483477,2.248598,14.531978,34.491432,3.2808404,8.700972,3.0701277,166.46358,Moderate,2018,5,5,Spring
Amaravati,2018-05-06,67.45058,118.127106,17.57473,28.56066,32.309124,23.483477,2.248598,14.531978,34.491432,3.2808404,8.700972,3.0701277,166.46358,Moderate,2018,5,6,Spring
Amaravati,2018-05-07,17.0,50.0,3.6,12.1,9.4,18.0,2.248598,14.531978,54.9,0.1,0.3,3.0701277,166.46358,Moderate,2018,5,7,Spring
Amaravati,2018-05-08,29.12,74.4,3.36,10.7,8.42,10.16,0.54,17.55,53.09,0.07,5.08,3.0701277,166.46358,Moderate,2018,5,8,Spring
Amaravati,2018-05-09,14.42,36.29,3.41,6.9,6.44,7.77,0.43,9.19,35.44,0.08,2.85,3.0701277,55.0,Satisfactory,2018,5,9,Spring
Amaravati,2018-05-10,19.06,43.83,5.12,9.93,9.48,9.06,0.54,8.34,51.0,0.05,0.47,3.0701277,166.46358,Moderate,2018,5,10,Spring
Amaravati,2018-05-11,12.42,36.29,4.47,10.28,9.11,4.63,0.51,5.82,36.88,0.03,0.21,0.15,52.0,Satisfactory,2018,5,11,Spring
Amaravati,2018-05-12,21.4,54.19,4.04,8.19,7.82,9.19,0.57,9.63,56.23,0.32,0.3,3.0701277,166.46358,Moderate,2018,5,12,Spring
Amaravati,2018-05-13,16.78,42.22,2.87,5.94,5.57,7.82,0.4,7.31,50.24,0.21,0.74,3.0701277,84.0,Satisfactory,2018,5,13,Spring
Amaravati,2018-05-14,19.77,62.11,3.66,10.0,8.38,9.3,1.03,12.02,43.79,0.57,0.0,3.0701277,95.0,Satisfactory,2018,5,14,Spring
Amaravati,2018-05-15,22.63,54.13,2.87,14.93,10.28,9.67,0.26,9.43,41.32,0.81,0.0,3.0701277,58.0,Satisfactory,2018,5,15,Spring
Amaravati,2018-05-16,22.44,55.03,4.24,10.94,9.25,9.46,1.31,7.48,40.74,0.28,0.05,3.0701277,166.46358,Moderate,2018,5,16,Spring
Amaravati,2018-05-17,15.2,45.09,4.69,9.26,8.84,8.99,1.18,6.82,54.21,2.11,0.06,4.47,125.0,Moderate,2018,5,17,Spring
Amaravati,2018-05-18,9.58,28.33,3.12,9.05,7.35,13.54,0.59,7.27,122.21,1.0,0.0,3.0701277,192.0,Moderate,2018,5,18,Spring
Amaravati,2018-05-19,43.35,103.42,2.84,10.57,7.94,10.89,2.248598,21.69,64.07,0.88,0.0,3.0701277,166.46358,Moderate,2018,5,19,Spring
Amaravati,2018-05-20,16.44,54.42,2.37,7.26,5.79,9.16,2.248598,8.06,40.47,0.95,0.0,0.1,81.0,Satisfactory,2018,5,20,Spring
Amaravati,2018-05-21,27.93,81.18,3.98,11.44,9.32,8.48,2.248598,11.16,51.06,0.2,0.0,3.0701277,166.46358,Moderate,2018,5,21,Spring
Amaravati,2018-05-22,13.23,41.25,2.51,5.4,4.92,9.37,2.248598,6.55,29.12,0.23,0.04,1.3,65.0,Satisfactory,2018,5,22,Spring
Amaravati,2018-05-23,20.52,77.6,4.36,11.91,10.02,11.75,0.25,7.92,79.94,0.14,0.0,3.0701277,166.46358,Moderate,2018,5,23,Spring
Amaravati,2018-05-24,25.62,56.44,4.28,13.88,10.97,11.52,0.48,7.3,44.62,0.44,0.34,8.45,86.0,Satisfactory,2018,5,24,Spring
Amaravati,2018-05-25,40.32,66.25,4.36,11.3,9.65,10.61,0.5,7.57,24.35,39.22,4.47,8.46,62.0,Satisfactory,2018,5,25,Spring
Amaravati,2018-05-26,13.07,37.35,3.8,8.59,7.75,9.78,0.46,6.09,29.05,28.37,5.06,4.02,78.0,Satisfactory,2018,5,26,Spring
Amaravati,2018-05-27,16.56,41.96,3.03,7.25,6.31,9.48,0.41,6.48,62.01,35.84,0.44,1.52,114.0,Moderate,2018,5,27,Spring
Amaravati,2018-05-28,19.57,44.72,3.72,7.72,7.22,10.79,0.34,5.99,64.58,53.89,26.79,125.18,103.0,Moderate,2018,5,28,Spring
Amaravati,2018-05-29,30.96,72.18,3.63,10.82,8.8,11.18,0.36,11.72,82.13,48.64,6.44,3.0701277,134.0,Moderate,2018,5,29,Spring
Amaravati,2018-05-30,32.1,83.29,3.17,10.17,8.07,9.85,0.29,6.4,105.09,3.2808404,8.700972,3.0701277,168.0,Moderate,2018,5,30,Spring
Amaravati,2018-05-31,31.82,74.79,3.17,9.57,7.76,9.97,0.32,9.41,100.6,3.2808404,8.700972,3.0701277,150.0,Moderate,2018,5,31,Spring
Amaravati,2018-06-01,37.5,84.96,3.27,11.57,8.91,10.06,0.57,4.53,79.11,3.2808404,8.700972,3.0701277,127.0,Moderate,2018,6,1,Summer
Amaravati,2018-06-02,23.25,61.1,4.29,15.21,11.68,9.62,0.43,9.78,57.54,21.16,20.84,3.0701277,106.0,Moderate,2018,6,2,Summer
Amaravati,2018-06-03,27.42,57.28,3.36,19.38,13.04,7.89,0.32,6.83,77.6,16.54,8.98,89.7,129.0,Moderate,2018,6,3,Summer
Amaravati,2018-06-04,31.26,72.82,2.6,10.78,7.92,9.02,0.4,7.7,100.25,6.66,1.0,47.94,136.0,Moderate,2018,6,4,Summer
Amaravati,2018-06-05,28.12,70.21,2.67,13.18,9.28,11.27,0.38,7.28,126.43,4.24,6.34,22.67,155.0,Moderate,2018,6,5,Summer
Amaravati,2018-06-06,32.33,55.74,3.37,18.42,12.62,13.99,0.51,6.22,44.58,1.84,76.32,3.0701277,87.0,Satisfactory,2018,6,6,Summer
Amaravati,2018-06-07,19.29,31.22,2.93,13.9,9.86,17.3,0.42,5.87,65.87,3.2808404,8.700972,3.0701277,84.0,Satisfactory,2018,6,7,Summer
Amaravati,2018-06-08,17.99,29.24,2.8,10.45,7.92,14.89,0.32,6.37,63.95,3.2808404,8.700972,3.0701277,85.0,Satisfactory,2018,6,8,Summer
Amaravati,2018-06-09,12.72,24.79,2.33,9.03,6.78,10.79,0.4,5.82,72.26,3.2808404,8.700972,3.0701277,91.0,Satisfactory,2018,6,9,Summer
Amaravati,2018-06-10,13.65,35.39,1.9,6.11,4.79,9.14,0.46,7.1,60.03,3.2808404,8.700972,3.0701277,76.0,Satisfactory,2018,6,10,Summer
Amaravati,2018-06-11,17.64,47.81,3.95,10.06,8.65,9.74,0.49,5.81,46.41,3.2808404,8.700972,3.0701277,60.0,Satisfactory,2018,6,11,Summer
Amaravati,2018-06-12,23.43,57.11,5.5,13.82,11.83,10.29,0.79,6.68,46.96,3.2808404,8.700972,3.0701277,69.0,Satisfactory,2018,6,12,Summer
Amaravati,2018-06-13,25.92,68.27,4.85,15.08,11.96,9.72,0.61,6.36,36.27,3.2808404,8.700972,3.0701277,64.0,Satisfactory,2018,6,13,Summer
Amaravati,2018-06-14,32.7,103.88,3.83,11.83,9.5,11.4,0.55,8.41,47.71,3.2808404,8.700972,3.0701277,98.0,Satisfactory,2018,6,14,Summer
Amaravati,2018-06-15,31.58,107.31,4.62,13.57,11.07,13.41,1.13,8.66,62.14,3.2808404,8.700972,3.0701277,128.0,Moderate,2018,6,15,Summer
Amaravati,2018-06-16,22.9,69.96,3.08,10.96,8.42,10.54,0.75,5.29,61.1,3.2808404,8.700972,3.0701277,113.0,Moderate,2018,6,16,Summer
Amaravati,2018-06-17,24.23,78.11,3.0,8.32,6.95,10.85,0.98,9.0,59.68,3.2808404,8.700972,3.0701277,87.0,Satisfactory,2018,6,17,Summer
Amaravati,2018-06-18,17.92,68.72,3.53,7.85,7.13,10.72,0.46,6.66,52.83,3.2808404,8.700972,3.0701277,79.0,Satisfactory,2018,6,18,Summer
Amaravati,2018-06-19,17.38,55.59,4.73,9.13,8.79,9.36,0.84,6.18,54.36,3.2808404,8.700972,3.0701277,69.0,Satisfactory,2018,6,19,Summer
Amaravati,2018-06-20,19.06,59.46,4.75,11.31,9.96,10.32,1.02,5.43,62.58,3.2808404,8.700972,3.0701277,78.0,Satisfactory,2018,6,20,Summer
Amaravati,2018-06-21,18.81,55.66,3.91,11.7,9.49,11.32,1.01,5.53,62.72,0.23,0.26,0.1,88.0,Satisfactory,2018,6,21,Summer
Amaravati,2018-06-22,18.69,50.06,3.48,12.39,9.52,12.21,0.81,7.62,68.32,0.38,0.2,3.0701277,101.0,Moderate,2018,6,22,Summer
Amaravati,2018-06-23,17.85,43.47,3.35,11.42,8.88,11.67,1.05,6.86,63.17,0.41,0.24,3.0701277,80.0,Satisfactory,2018,6,23,Summer
Amaravati,2018-06-24,18.09,45.11,3.0,7.26,6.39,9.25,1.0,6.14,64.6,0.4,0.24,0.1,89.0,Satisfactory,2018,6,24,Summer
Amaravati,2018-06-25,18.93,60.89,3.85,7.4,7.15,10.94,0.55,6.76,50.27,0.43,0.26,3.0701277,71.0,Satisfactory,2018,6,25,Summer
Amaravati,2018-06-26,16.86,48.26,2.98,8.54,6.96,10.01,0.52,7.12,50.39,0.36,0.22,0.1,68.0,Satisfactory,2018,6,26,Summer
Amaravati,2018-06-27,16.85,54.97,5.26,10.6,10.0,11.26,0.57,7.55,43.4,0.38,0.25,3.0701277,56.0,Satisfactory,2018,6,27,Summer
Amaravati,2018-06-28,16.46,33.5,5.95,17.41,14.19,11.74,0.61,4.72,40.44,0.48,0.5,0.3,65.0,Satisfactory,2018,6,28,Summer
Amaravati,2018-06-29,18.4,49.43,4.29,13.66,10.85,13.37,0.38,5.51,48.0,0.4,0.28,0.1,66.0,Satisfactory,2018,6,29,Summer
Amaravati,2018-06-30,20.31,49.14,3.84,12.76,9.99,12.81,0.41,7.54,61.59,0.39,0.25,0.1,96.0,Satisfactory,2018,6,30,Summer
Amaravati,2018-07-01,23.99,46.59,3.45,16.64,11.74,15.06,0.51,5.01,46.14,0.34,0.32,0.13,68.0,Satisfactory,2018,7,1,Summer
Amaravati,2018-07-02,20.36,41.99,4.47,15.53,11.98,13.73,0.52,6.62,53.13,0.32,0.27,0.11,76.0,Satisfactory,2018,7,2,Summer
Amaravati,2018-07-03,15.08,38.79,5.11,13.96,11.66,10.28,0.4,4.9,44.36,0.32,0.25,0.11,70.0,Satisfactory,2018,7,3,Summer
Amaravati,2018-07-04,19.42,69.33,5.64,13.23,11.71,10.96,0.41,5.6,47.28,0.29,0.25,0.1,75.0,Satisfactory,2018,7,4,Summer
Amaravati,2018-07-05,13.93,48.97,5.11,10.72,9.94,11.11,0.33,6.52,44.77,0.3,0.25,0.1,73.0,Satisfactory,2018,7,5,Summer
Amaravati,2018-07-06,18.29,41.01,6.12,17.63,14.44,13.21,0.63,6.53,37.35,0.32,0.29,0.13,85.0,Satisfactory,2018,7,6,Summer
Amaravati,2018-07-07,17.25,32.02,2.58,6.82,5.82,11.04,0.37,4.65,65.23,0.29,0.2,0.2,83.0,Satisfactory,2018,7,7,Summer
Amaravati,2018-07-08,13.43,26.94,2.11,5.31,4.54,9.79,0.46,5.17,54.03,0.26,0.2,3.0701277,73.0,Satisfactory,2018,7,8,Summer
Amaravati,2018-07-09,16.83,38.25,3.04,7.43,6.51,9.56,0.37,5.69,61.43,0.28,0.21,3.0701277,75.0,Satisfactory,2018,7,9,Summer
Amaravati,2018-07-10,18.16,38.17,3.03,6.81,6.17,10.87,0.36,5.36,53.27,0.24,0.21,3.0701277,63.0,Satisfactory,2018,7,10,Summer
Amaravati,2018-07-11,16.89,30.98,2.61,6.37,5.51,10.19,0.39,6.75,54.84,0.35,0.87,4.88,62.0,Satisfactory,2018,7,11,Summer
Amaravati,2018-07-12,15.95,25.24,7.52,7.16,10.56,16.27,0.64,8.77,37.76,0.28,0.12,0.1,79.0,Satisfactory,2018,7,12,Summer
Amaravati,2018-07-13,14.05,30.86,2.4,7.74,6.2,13.78,0.16,6.45,30.33,0.26,0.09,3.0701277,37.0,Good,2018,7,13,Summer
Amaravati,2018-07-14,9.85,29.97,3.12,7.5,6.61,15.05,0.4,6.02,21.63,0.22,0.08,3.0701277,35.0,Good,2018,7,14,Summer
Amaravati,2018-07-15,8.68,26.62,2.19,5.01,4.44,12.07,0.31,6.29,19.52,0.2,0.06,0.1,31.0,Good,2018,7,15,Summer
Amaravati,2018-07-16,7.5,24.01,3.64,6.56,6.54,11.23,0.3,7.42,20.89,0.23,0.08,3.0701277,29.0,Good,2018,7,16,Summer
Amaravati,2018-07-17,7.75,28.62,4.99,8.7,8.78,13.07,0.44,10.4,25.38,0.21,0.09,3.0701277,32.0,Good,2018,7,17,Summer
Amaravati,2018-07-18,10.45,41.47,4.1,11.13,9.34,14.62,0.47,9.94,28.24,0.21,0.09,0.1,39.0,Good,2018,7,18,Summer
Amaravati,2018-07-19,12.7,49.26,4.31,9.81,8.8,11.05,0.42,8.98,32.3,0.22,0.1,3.0701277,48.0,Good,2018,7,19,Summer
Amaravati,2018-07-20,14.48,35.5,5.28,12.77,11.09,12.61,0.5,9.81,24.28,0.19,0.07,0.1,42.0,Good,2018,7,20,Summer
Amaravati,2018-07-21,17.96,47.61,5.68,14.95,12.66,14.75,0.69,6.51,32.73,0.19,0.12,0.15,73.0,Satisfactory,2018,7,21,Summer
Amaravati,2018-07-22,16.87,50.6,2.22,7.8,5.94,14.92,0.38,12.46,31.82,0.18,0.06,3.0701277,59.0,Satisfactory,2018,7,22,Summer
Amaravati,2018-07-23,16.46,62.29,7.42,15.94,13.64,15.03,0.47,13.78,34.5,0.24,0.12,0.1,166.46358,Moderate,2018,7,23,Summer
Amaravati,2018-07-24,17.42,56.44,5.71,16.26,13.39,15.6,0.47,11.83,28.85,0.21,0.11,0.1,55.0,Satisfactory,2018,7,24,Summer
Amaravati,2018-07-25,17.79,68.97,7.15,16.25,14.55,14.24,0.62,10.42,26.08,0.16,0.08,0.2,86.0,Satisfactory,2018,7,25,Summer
Amaravati,2018-07-26,18.75,82.27,4.66,15.45,12.1,16.15,0.55,9.13,27.44,0.16,0.1,3.0701277,100.0,Satisfactory,2018,7,26,Summer
Amaravati,2018-07-27,11.92,46.76,3.33,7.75,6.92,16.19,0.57,10.97,29.93,0.13,0.05,3.0701277,85.0,Satisfactory,2018,7,27,Summer
Amaravati,2018-07-28,17.74,80.26,10.41,20.1,19.29,18.23,0.49,10.98,27.33,0.2,0.19,0.1,57.0,Satisfactory,2018,7,28,Summer
Amaravati,2018-07-29,21.78,76.32,5.21,20.63,15.21,18.8,0.44,9.64,25.7,0.16,0.18,0.1,85.0,Satisfactory,2018,7,29,Summer
Amaravati,2018-07-30,28.31,98.01,9.45,24.83,20.98,18.71,0.54,6.69,31.12,0.13,0.12,0.1,85.0,Satisfactory,2018,7,30,Summer
Amaravati,2018-07-31,27.1,112.48,9.04,23.91,20.07,21.23,0.47,12.6,23.43,0.16,0.22,0.1,106.0,Moderate,2018,7,31,Summer
Amaravati,2018-08-01,20.21,91.71,4.66,16.41,12.61,18.05,0.34,6.74,29.91,0.12,0.08,0.1,100.0,Satisfactory,2018,8,1,Summer
Amaravati,2018-08-02,18.52,51.48,6.99,18.33,15.52,20.07,0.43,12.46,28.73,0.13,0.1,0.1,68.0,Satisfactory,2018,8,2,Summer
Amaravati,2018-08-03,25.59,70.1,10.33,21.95,20.17,21.89,0.5,8.64,26.4,0.13,0.14,0.12,61.0,Satisfactory,2018,8,3,Summer
Amaravati,2018-08-04,21.79,75.21,4.79,15.65,12.3,19.74,0.38,11.1,30.57,0.12,0.08,0.2,71.0,Satisfactory,2018,8,4,Summer
Amaravati,2018-08-05,24.0,80.0,1.4,28.8,16.4,35.2,0.95,2.9,17.6,0.2,0.1,3.0701277,77.0,Satisfactory,2018,8,5,Summer
Amaravati,2018-08-06,17.79,72.48,5.56,14.87,12.57,16.48,0.42,11.28,30.9,0.16,0.14,3.0701277,166.46358,Moderate,2018,8,6,Summer
Amaravati,2018-08-07,18.47,52.91,7.36,16.89,15.06,16.57,0.8,11.49,22.14,0.11,0.09,0.1,111.0,Moderate,2018,8,7,Summer
Amaravati,2018-08-08,16.73,40.15,6.61,16.05,14.0,19.69,0.44,9.02,20.11,0.11,0.07,0.13,47.0,Good,2018,8,8,Summer
Amaravati,2018-08-09,18.72,57.71,7.08,25.46,19.29,22.11,0.42,12.33,18.28,0.12,0.15,0.1,47.0,Good,2018,8,9,Summer
Amaravati,2018-08-10,11.39,28.72,4.4,11.2,9.63,24.46,0.39,9.47,21.17,0.12,0.07,0.1,48.0,Good,2018,8,10,Summer
Amaravati,2018-08-11,10.62,19.96,3.71,9.32,8.1,17.43,0.59,10.32,14.62,0.07,0.03,0.1,49.0,Good,2018,8,11,Summer
Amaravati,2018-08-12,8.1,15.83,2.78,8.58,6.84,11.88,0.77,8.72,14.52,0.0,0.0,3.0701277,50.0,Good,2018,8,12,Summer
Amaravati,2018-08-13,9.28,16.42,5.01,7.85,8.31,14.27,0.92,8.12,12.29,0.04,0.03,0.1,57.0,Satisfactory,2018,8,13,Summer
Amaravati,2018-08-14,7.45,20.5,3.99,8.92,8.08,14.63,0.88,8.35,16.01,0.05,0.04,0.1,60.0,Satisfactory,2018,8,14,Summer
Amaravati,2018-08-15,15.32,45.04,3.13,10.48,8.12,15.07,0.88,8.93,14.12,0.1,0.06,0.1,52.0,Satisfactory,2018,8,15,Summer
Amaravati,2018-08-16,8.84,23.71,3.77,6.74,6.74,18.92,0.95,8.39,21.01,0.1,0.02,3.0701277,54.0,Satisfactory,2018,8,16,Summer
Amaravati,2018-08-17,11.39,24.61,3.02,7.96,6.77,13.6,0.96,11.82,26.34,0.1,0.02,0.1,63.0,Satisfactory,2018,8,17,Summer
Amaravati,2018-08-18,12.51,32.52,2.71,6.6,5.8,14.61,0.86,9.47,28.28,0.1,0.02,0.1,53.0,Satisfactory,2018,8,18,Summer
Amaravati,2018-08-19,8.71,14.17,1.36,6.04,4.31,20.04,1.03,8.12,22.3,0.1,0.01,0.1,56.0,Satisfactory,2018,8,19,Summer
Amaravati,2018-08-20,10.46,22.96,6.49,11.24,10.45,13.4,0.99,10.48,18.45,0.17,0.09,3.0701277,166.46358,Moderate,2018,8,20,Summer
Amaravati,2018-08-21,11.3,27.28,5.81,11.69,11.08,9.62,1.2,9.05,24.93,0.12,0.07,3.0701277,112.0,Moderate,2018,8,21,Summer
Amaravati,2018-08-22,7.0,7.8,1.7,7.66,5.45,17.12,1.08,8.39,17.77,0.09,0.0,0.1,75.0,Satisfactory,2018,8,22,Summer
Amaravati,2018-08-23,11.44,32.62,3.08,12.02,8.9,12.88,0.74,8.98,33.9,0.1,0.08,3.0701277,166.46358,Moderate,2018,8,23,Summer
Amaravati,2018-08-24,15.76,40.74,4.78,19.03,14.1,16.38,1.36,9.46,23.34,0.1,0.09,0.15,89.0,Satisfactory,2018,8,24,Summer
Amaravati,2018-08-25,18.79,60.26,5.2,20.45,15.18,18.52,1.1,10.01,22.54,0.1,0.07,0.1,76.0,Satisfactory,2018,8,25,Summer
Amaravati,2018-08-26,15.05,43.47,3.3,14.59,10.44,19.91,0.95,10.12,22.85,0.1,0.04,3.0701277,78.0,Satisfactory,2018,8,26,Summer
Amaravati,2018-08-27,10.1,23.92,4.73,13.33,11.02,19.26,0.87,9.24,20.67,0.1,0.08,0.1,66.0,Satisfactory,2018,8,27,Summer
Amaravati,2018-08-28,14.43,43.47,6.66,16.04,14.03,17.73,0.95,9.76,24.54,0.09,0.06,0.13,61.0,Satisfactory,2018,8,28,Summer
Amaravati,2018-08-29,22.65,57.46,4.52,16.8,12.7,19.88,1.18,8.89,29.44,0.1,0.08,0.1,83.0,Satisfactory,2018,8,29,Summer
Amaravati,2018-08-30,28.45,81.89,6.68,19.36,15.81,20.7,1.39,9.78,29.76,0.1,0.07,0.1,87.0,Satisfactory,2018,8,30,Summer
Amaravati,2018-08-31,24.94,69.22,3.56,19.99,13.29,20.42,1.4,11.98,28.1,0.04,0.06,0.1,97.0,Satisfactory,2018,8,31,Summer
Amaravati,2018-09-01,26.24,62.75,4.63,21.34,15.23,24.55,1.68,11.17,27.98,0.07,0.12,0.1,98.0,Satisfactory,2018,9,1,Autumn
Amaravati,2018-09-02,30.6,76.16,7.16,24.63,18.91,22.37,1.71,11.64,24.36,0.11,0.18,0.12,99.0,Satisfactory,2018,9,2,Autumn
Amaravati,2018-09-03,21.81,78.68,12.19,23.75,22.67,21.76,1.64,11.8,29.05,0.09,0.07,3.0701277,94.0,Satisfactory,2018,9,3,Autumn
Amaravati,2018-09-04,24.22,86.08,9.81,26.49,22.16,21.11,1.68,11.54,26.93,0.09,0.1,0.1,98.0,Satisfactory,2018,9,4,Autumn
Amaravati,2018-09-05,19.82,71.36,5.45,17.14,13.64,20.62,1.82,12.89,29.25,0.07,0.09,3.0701277,102.0,Moderate,2018,9,5,Autumn
Amaravati,2018-09-06,25.11,81.43,6.01,21.87,16.61,16.71,1.57,11.73,31.81,0.09,0.08,3.0701277,96.0,Satisfactory,2018,9,6,Autumn
Amaravati,2018-09-07,31.3,101.05,9.49,25.22,21.23,18.06,1.48,11.06,35.61,0.08,0.16,0.1,90.0,Satisfactory,2018,9,7,Autumn
Amaravati,2018-09-08,27.1,89.38,11.58,21.31,20.76,23.69,1.54,10.21,28.77,0.08,0.11,0.1,106.0,Moderate,2018,9,8,Autumn
Amaravati,2018-09-09,67.45058,118.127106,17.57473,28.56066,32.309124,23.483477,2.248598,14.531978,34.491432,3.2808404,8.700972,3.0701277,82.0,Satisfactory,2018,9,9,Autumn
Amaravati,2018-09-10,26.73,71.95,12.65,30.67,26.74,23.97,1.32,12.74,37.63,0.04,0.11,0.13,166.46358,Moderate,2018,9,10,Autumn
Amaravati,2018-09-11,33.28,75.5,10.44,32.4,25.96,23.03,1.11,8.91,30.15,0.07,0.07,0.1,88.0,Satisfactory,2018,9,11,Autumn
Amaravati,2018-09-12,40.66,82.62,4.78,23.58,16.52,21.37,0.76,10.9,38.55,0.05,0.03,3.0701277,103.0,Moderate,2018,9,12,Autumn
Amaravati,2018-09-13,40.56,66.97,2.56,17.56,11.42,22.66,0.62,11.29,37.87,0.07,0.11,0.1,76.0,Satisfactory,2018,9,13,Autumn
Amaravati,2018-09-14,37.93,67.4,3.85,20.86,14.32,19.44,0.78,8.91,34.81,0.07,0.17,0.14,68.0,Satisfactory,2018,9,14,Autumn
Amaravati,2018-09-15,31.64,69.39,2.6,18.65,11.86,24.14,0.66,9.58,39.56,0.06,0.07,0.1,75.0,Satisfactory,2018,9,15,Autumn
Amaravati,2018-09-16,67.45058,118.127106,17.57473,28.56066,32.309124,23.483477,2.248598,14.531978,34.491432,3.2808404,8.700972,3.0701277,166.46358,Moderate,2018,9,16,Autumn
Amaravati,2018-09-17,27.69,49.21,7.18,27.31,20.52,19.1,1.56,9.59,40.29,0.04,0.07,0.1,166.46358,Moderate,2018,9,17,Autumn
Amaravati,2018-09-18,22.12,34.83,3.73,16.1,11.69,18.14,1.34,10.48,41.51,0.01,0.02,3.0701277,89.0,Satisfactory,2018,9,18,Autumn
Amaravati,2018-09-19,29.25,52.84,4.16,17.41,12.79,17.82,0.81,11.24,42.2,0.0,0.03,3.0701277,79.0,Satisfactory,2018,9,19,Autumn
Amaravati,2018-09-20,38.32,80.97,3.61,26.27,16.89,18.04,0.65,13.38,25.95,0.05,0.18,3.0701277,65.0,Satisfactory,2018,9,20,Autumn
Amaravati,2018-09-21,35.02,71.42,2.84,21.04,13.5,19.86,0.74,6.28,41.37,0.02,0.03,0.1,80.0,Satisfactory,2018,9,21,Autumn
Amaravati,2018-09-22,24.29,50.33,3.45,13.45,10.13,18.22,0.97,14.1,47.86,0.03,0.07,0.1,81.0,Satisfactory,2018,9,22,Autumn
Amaravati,2018-09-23,19.69,50.18,3.1,12.18,9.0,16.71,0.43,12.28,27.91,0.0,0.02,3.0701277,52.0,Satisfactory,2018,9,23,Autumn
Amaravati,2018-09-24,18.81,50.51,6.24,14.01,12.61,15.48,0.92,14.67,20.67,0.01,0.02,3.0701277,89.0,Satisfactory,2018,9,24,Autumn
Amaravati,2018-09-25,26.13,60.44,8.3,22.94,19.06,19.43,0.82,27.0,30.84,0.03,7.96,12.4,59.0,Satisfactory,2018,9,25,Autumn
Amaravati,2018-09-26,24.08,45.81,8.17,27.49,21.37,18.56,0.84,13.47,27.49,0.03,0.07,0.12,62.0,Satisfactory,2018,9,26,Autumn
Amaravati,2018-09-27,21.81,37.31,6.87,28.22,20.75,19.6,0.62,17.33,25.36,0.02,0.13,3.0701277,52.0,Satisfactory,2018,9,27,Autumn
Amaravati,2018-09-28,11.15,34.75,9.61,12.53,14.66,22.26,0.71,11.43,21.89,0.01,0.03,3.0701277,166.46358,Moderate,2018,9,28,Autumn
Amaravati,2018-09-29,14.58,41.04,15.55,15.29,20.86,15.78,0.85,14.92,20.11,0.03,0.06,3.0701277,61.0,Satisfactory,2018,9,29,Autumn
Amaravati,2018-09-30,67.45058,42.61,10.61,14.9,16.55,16.9,0.84,11.9,25.72,0.01,0.06,3.0701277,57.0,Satisfactory,2018,9,30,Autumn
Amaravati,2018-10-01,8.98,37.07,6.59,12.51,12.1,18.93,0.75,8.48,21.47,0.0,0.03,3.0701277,49.0,Good,2018,10,1,Autumn
Amaravati,2018-10-02,9.7,30.1,20.22,13.81,23.79,16.77,0.72,7.25,14.92,0.01,0.1,3.0701277,48.0,Good,2018,10,2,Autumn
Amaravati,2018-10-03,13.11,41.43,8.07,14.11,14.6,16.96,0.79,19.9,43.39,0.04,0.06,3.0701277,166.46358,Moderate,2018,10,3,Autumn
Amaravati,2018-10-04,14.15,39.67,7.63,14.53,14.09,16.17,0.54,13.81,30.86,0.01,0.05,3.0701277,166.46358,Moderate,2018,10,4,Autumn
Amaravati,2018-10-05,25.88,56.44,6.94,17.79,15.2,15.01,0.84,12.41,27.48,0.04,0.21,0.1,56.0,Satisfactory,2018,10,5,Autumn
Amaravati,2018-10-06,49.7,109.35,8.38,25.91,20.65,17.96,0.76,14.31,46.63,0.05,0.16,0.1,80.0,Satisfactory,2018,10,6,Autumn
Amaravati,2018-10-07,68.66,163.06,11.84,36.24,28.91,26.12,0.86,10.92,28.42,0.09,0.07,3.0701277,121.0,Moderate,2018,10,7,Autumn
Amaravati,2018-10-08,53.52,122.89,14.4,35.17,30.56,16.36,1.44,13.94,52.71,0.06,0.08,0.11,166.46358,Moderate,2018,10,8,Autumn
Amaravati,2018-10-09,65.16,184.84,22.45,52.69,46.28,18.53,1.07,25.5,37.46,0.08,0.14,0.1,142.0,Moderate,2018,10,9,Autumn
Amaravati,2018-10-10,52.88,172.08,5.52,26.45,18.96,21.36,0.81,31.74,57.33,0.04,0.05,0.1,154.0,Moderate,2018,10,10,Autumn
Amaravati,2018-10-11,54.08,157.38,3.63,26.71,17.34,17.82,1.02,27.31,76.78,0.06,0.03,3.0701277,166.46358,Moderate,2018,10,11,Autumn
Amaravati,2018-10-12,40.99,122.69,4.32,29.54,19.32,17.01,0.6,24.37,44.5,0.06,0.08,0.1,130.0,Moderate,2018,10,12,Autumn
Amaravati,2018-10-13,47.2,116.44,5.83,28.13,19.71,19.97,0.88,16.73,36.92,0.06,0.09,3.0701277,109.0,Moderate,2018,10,13,Autumn
Amaravati,2018-10-14,39.22,102.6,4.9,24.58,17.06,22.01,0.95,10.6,25.73,0.0,0.06,0.1,113.0,Moderate,2018,10,14,Autumn
Amaravati,2018-10-15,36.86,76.61,8.26,27.36,21.36,20.86,1.09,9.33,21.11,0.02,0.12,0.14,91.0,Satisfactory,2018,10,15,Autumn
Amaravati,2018-10-16,34.41,72.03,10.35,25.38,22.0,19.19,1.07,10.8,21.99,0.02,0.19,0.28,77.0,Satisfactory,2018,10,16,Autumn
Amaravati,2018-10-17,22.05,48.93,6.04,18.92,15.15,19.77,0.94,10.51,26.78,0.0,0.02,3.0701277,80.0,Satisfactory,2018,10,17,Autumn
Amaravati,2018-10-18,67.45058,118.127106,17.57473,28.56066,32.309124,23.483477,2.248598,14.531978,34.491432,3.2808404,8.700972,3.0701277,166.46358,Moderate,2018,10,18,Autumn
Amaravati,2018-10-19,67.45058,118.127106,17.57473,28.56066,32.309124,23.483477,2.248598,14.531978,34.491432,3.2808404,8.700972,3.0701277,166.46358,Moderate,2018,10,19,Autumn
Amaravati,2018-10-20,67.45058,118.127106,17.57473,28.56066,32.309124,23.483477,2.248598,14.531978,34.491432,3.2808404,8.700972,3.0701277,166.46358,Moderate,2018,10,20,Autumn
Amaravati,2018-10-21,67.45058,118.127106,17.57473,28.56066,32.309124,23.483477,2.248598,14.531978,34.491432,3.2808404,8.700972,3.0701277,166.46358,Moderate,2018,10,21,Autumn
Amaravati,2018-10-22,72.23,183.25,7.73,41.66,28.64,15.61,1.21,38.88,44.59,0.09,0.15,3.0701277,166.46358,Moderate,2018,10,22,Autumn
Amaravati,2018-10-23,71.31,155.98,11.55,25.88,23.25,14.58,1.29,11.32,34.32,0.06,0.08,3.0701277,149.0,Moderate,2018,10,23,Autumn
Amaravati,2018-10-24,63.54,130.58,4.41,25.81,17.47,15.53,1.17,19.34,47.53,0.07,0.07,3.0701277,133.0,Moderate,2018,10,24,Autumn
Amaravati,2018-10-25,52.92,125.33,4.1,37.63,23.5,13.51,1.66,13.7,45.81,0.06,0.11,0.1,166.46358,Moderate,2018,10,25,Autumn
Amaravati,2018-10-26,56.53,128.8,9.84,36.38,27.43,16.01,1.18,13.43,41.17,0.08,0.15,0.1,122.0,Moderate,2018,10,26,Autumn
Amaravati,2018-10-27,69.42,167.05,1.79,45.82,25.35,14.06,1.35,23.42,39.0,0.07,0.38,0.14,133.0,Moderate,2018,10,27,Autumn
Amaravati,2018-10-28,53.53,119.1,1.52,38.23,21.54,13.73,0.88,15.52,37.22,0.07,0.28,0.14,133.0,Moderate,2018,10,28,Autumn
Amaravati,2018-10-29,48.33,115.41,1.38,36.77,20.23,15.37,1.16,28.74,37.42,0.08,0.22,0.1,118.0,Moderate,2018,10,29,Autumn
Amaravati,2018-10-30,58.65,125.68,1.23,36.24,20.27,14.82,1.26,14.54,31.09,0.07,0.13,0.13,118.0,Moderate,2018,10,30,Autumn
Amaravati,2018-10-31,33.33,65.58,1.24,19.63,11.45,12.35,0.88,10.4,32.06,0.04,0.15,3.0701277,98.0,Satisfactory,2018,10,31,Autumn
Amaravati,2018-11-01,17.62,37.38,5.59,35.39,21.13,15.23,0.6,12.5,37.06,0.0,0.02,3.0701277,166.46358,Moderate,2018,11,1,Autumn
Amaravati,2018-11-02,14.54,53.23,9.13,36.62,27.06,1.81,0.84,8.95,20.93,0.0,0.04,3.0701277,166.46358,Moderate,2018,11,2,Autumn
Amaravati,2018-11-03,12.7,38.49,4.68,30.66,20.22,1.62,0.89,8.59,23.45,0.0,0.05,3.0701277,75.0,Satisfactory,2018,11,3,Autumn
Amaravati,2018-11-04,16.86,36.56,4.6,26.48,17.83,2.72,0.55,10.19,21.33,0.0,0.05,3.0701277,45.0,Good,2018,11,4,Autumn
Amaravati,2018-11-05,21.58,68.71,20.4,39.44,37.67,3.41,0.73,10.43,19.42,0.0,0.07,0.1,61.0,Satisfactory,2018,11,5,Autumn
Amaravati,2018-11-06,23.22,64.84,20.42,39.56,37.74,2.15,0.89,10.33,21.33,0.01,0.11,0.1,86.0,Satisfactory,2018,11,6,Autumn
Amaravati,2018-11-07,28.39,71.27,11.5,45.23,33.61,0.3,1.04,10.36,35.14,0.01,0.05,3.0701277,70.0,Satisfactory,2018,11,7,Autumn
Amaravati,2018-11-08,43.23,97.64,5.87,48.0,30.5,0.75,0.84,15.03,36.26,0.01,0.07,3.0701277,166.46358,Moderate,2018,11,8,Autumn
Amaravati,2018-11-09,51.51,111.28,20.08,57.93,47.24,2.03,1.07,12.3,26.53,0.04,0.11,0.1,105.0,Moderate,2018,11,9,Autumn
Amaravati,2018-11-10,56.85,115.5,16.11,62.91,46.64,2.73,0.82,18.89,27.44,0.03,0.09,0.1,106.0,Moderate,2018,11,10,Autumn
Amaravati,2018-11-11,68.25,129.41,15.11,65.0,46.85,3.53,1.22,25.14,30.3,0.08,0.29,0.1,120.0,Moderate,2018,11,11,Autumn
Amaravati,2018-11-12,84.48,164.24,14.25,80.74,54.62,3.19,1.21,30.44,33.39,0.1,0.39,0.25,156.0,Moderate,2018,11,12,Autumn
Amaravati,2018-11-13,77.38,173.47,22.55,75.54,58.58,4.88,1.15,30.69,35.94,0.09,0.29,0.16,182.0,Moderate,2018,11,13,Autumn
Amaravati,2018-11-14,71.23,160.66,15.11,89.44,59.86,3.45,1.48,38.91,32.4,0.12,0.56,0.2,144.0,Moderate,2018,11,14,Autumn
Amaravati,2018-11-15,38.29,93.11,6.56,64.69,40.04,7.46,1.32,24.47,43.96,0.08,0.09,3.0701277,166.46358,Moderate,2018,11,15,Autumn
Amaravati,2018-11-16,15.69,43.67,15.32,46.68,37.45,8.41,0.73,10.63,18.09,0.01,0.06,0.1,166.46358,Moderate,2018,11,16,Autumn
Amaravati,2018-11-17,16.21,48.0,13.93,43.42,34.5,8.82,0.87,7.51,17.51,0.01,0.07,3.0701277,64.0,Satisfactory,2018,11,17,Autumn
Amaravati,2018-11-18,19.48,46.57,14.56,35.92,30.95,10.76,0.84,7.49,15.47,0.01,0.07,0.1,56.0,Satisfactory,2018,11,18,Autumn
Amaravati,2018-11-19,26.8,66.67,5.44,38.81,25.15,9.87,1.03,9.65,22.63,0.0,0.04,3.0701277,80.0,Satisfactory,2018,11,19,Autumn
Amaravati,2018-11-20,48.35,100.01,3.87,38.27,23.58,10.18,1.07,12.15,35.86,0.0,0.04,3.0701277,88.0,Satisfactory,2018,11,20,Autumn
Amaravati,2018-11-21,50.02,100.82,3.59,47.93,28.6,7.09,0.89,16.66,43.61,0.02,0.08,3.0701277,102.0,Moderate,2018,11,21,Autumn
Amaravati,2018-11-22,59.2,112.7,5.92,60.41,37.34,6.46,0.86,31.55,39.89,0.05,0.16,3.0701277,166.46358,Moderate,2018,11,22,Autumn
Amaravati,2018-11-23,56.0,112.5,11.95,87.35,58.15,4.5,1.43,13.65,59.8,0.1,0.1,3.0701277,166.46358,Moderate,2018,11,23,Autumn
Amaravati,2018-11-24,51.25,107.69,2.74,82.32,46.02,2.1,1.08,20.63,57.6,0.04,0.01,3.0701277,166.46358,Moderate,2018,11,24,Autumn
Amaravati,2018-11-25,78.19,183.0,5.87,78.98,46.8,3.41,1.32,19.96,50.12,0.05,0.08,0.1,166.46358,Moderate,2018,11,25,Autumn
Amaravati,2018-11-26,85.11,183.15,9.11,97.16,59.17,3.61,1.28,17.17,37.99,0.1,0.23,0.11,189.0,Moderate,2018,11,26,Autumn
Amaravati,2018-11-27,93.95,190.73,19.47,105.22,71.79,3.81,1.81,20.78,39.9,0.11,0.3,0.15,190.0,Moderate,2018,11,27,Autumn
Amaravati,2018-11-28,80.96,152.44,4.73,89.01,51.18,2.95,1.51,15.71,41.41,0.12,0.26,0.11,215.0,Poor,2018,11,28,Autumn
Amaravati,2018-11-29,52.64,97.29,3.64,66.83,38.5,2.12,1.84,19.81,49.85,0.09,0.04,3.0701277,166.46358,Moderate,2018,11,29,Autumn
Amaravati,2018-11-30,60.52,154.02,6.73,81.64,48.91,6.0,0.9,39.76,33.93,0.05,0.17,0.13,166.46358,Moderate,2018,11,30,Autumn
Amaravati,2018-12-01,77.86,159.49,10.69,90.28,56.71,4.66,1.16,14.21,22.45,0.1,0.5,0.13,145.0,Moderate,2018,12,1,Winter
Amaravati,2018-12-02,70.89,125.4,3.58,68.12,39.14,1.79,1.17,13.87,29.82,0.07,0.44,0.12,160.0,Moderate,2018,12,2,Winter
Amaravati,2018-12-03,74.34,129.57,4.54,69.78,40.81,3.38,1.09,14.03,33.95,0.09,0.12,0.1,130.0,Moderate,2018,12,3,Winter
Amaravati,2018-12-04,97.09,143.69,4.09,86.95,49.58,1.52,1.11,13.62,33.03,0.1,0.12,0.12,176.0,Moderate,2018,12,4,Winter
Amaravati,2018-12-05,89.63,137.58,4.32,76.89,44.42,10.9,1.6,14.31,32.5,0.1,0.21,3.0701277,245.0,Poor,2018,12,5,Winter
Amaravati,2018-12-06,86.92,139.02,4.57,85.21,49.04,8.52,1.11,13.06,35.15,0.09,0.08,3.0701277,166.46358,Moderate,2018,12,6,Winter
Amaravati,2018-12-07,100.1,155.25,4.45,92.4,52.76,6.31,0.76,10.86,27.99,0.1,0.11,3.0701277,209.0,Poor,2018,12,7,Winter
Amaravati,2018-12-08,110.12,172.67,5.15,92.9,53.61,8.66,1.37,11.12,33.26,0.1,0.05,3.0701277,256.0,Poor,2018,12,8,Winter
Amaravati,2018-12-09,111.21,170.04,4.42,76.7,44.4,10.99,1.47,10.17,31.17,0.06,0.06,0.1,266.0,Poor,2018,12,9,Winter
Amaravati,2018-12-10,107.24,162.72,5.85,72.27,43.16,13.91,1.14,9.58,28.5,0.09,0.04,0.1,276.0,Poor,2018,12,10,Winter
Amaravati,2018-12-11,89.07,160.83,5.59,72.19,42.93,17.31,1.23,11.7,29.51,0.07,0.05,0.1,218.0,Poor,2018,12,11,Winter
Amaravati,2018-12-12,93.1,163.9,5.46,77.58,45.71,16.59,0.97,13.75,33.59,0.1,0.11,3.0701277,206.0,Poor,2018,12,12,Winter
Amaravati,2018-12-13,76.94,160.28,6.68,79.86,47.92,15.05,0.97,18.13,29.35,0.1,0.16,0.14,166.46358,Moderate,2018,12,13,Winter
Amaravati,2018-12-14,90.61,164.19,5.37,74.89,44.2,16.85,1.07,17.68,31.59,0.11,0.3,0.15,180.0,Moderate,2018,12,14,Winter
Amaravati,2018-12-15,96.57,174.31,3.33,57.77,33.44,18.28,1.1,23.81,39.75,0.11,0.11,0.1,217.0,Poor,2018,12,15,Winter
Amaravati,2018-12-16,78.15,137.52,3.6,50.62,29.86,20.78,0.96,23.87,26.46,0.07,0.15,3.0701277,211.0,Poor,2018,12,16,Winter
Amaravati,2018-12-17,19.26,22.54,2.0,30.38,17.79,21.15,0.7,10.94,18.91,0.0,0.0,3.0701277,90.0,Satisfactory,2018,12,17,Winter
Amaravati,2018-12-18,10.89,19.98,2.2,28.6,17.01,22.45,0.45,12.41,17.5,0.0,0.0,3.0701277,49.0,Good,2018,12,18,Winter
Amaravati,2018-12-19,16.38,33.04,4.77,39.69,24.99,23.12,0.67,44.59,19.12,0.0,0.01,3.0701277,46.0,Good,2018,12,19,Winter
Amaravati,2018-12-20,30.48,69.23,9.24,67.05,43.17,20.44,1.28,57.72,22.1,0.03,0.07,0.1,166.46358,Moderate,2018,12,20,Winter
Amaravati,2018-12-21,48.88,84.99,6.61,63.12,38.95,19.24,0.94,29.45,23.97,0.06,0.16,0.11,81.0,Satisfactory,2018,12,21,Winter
Amaravati,2018-12-22,55.24,81.9,3.65,55.65,32.57,17.93,1.17,13.62,27.34,0.07,0.15,0.1,89.0,Satisfactory,2018,12,22,Winter
Amaravati,2018-12-23,83.4,121.25,2.86,46.47,27.04,20.01,1.0,12.32,32.68,0.08,0.21,0.1,136.0,Moderate,2018,12,23,Winter
Amaravati,2018-12-24,93.78,142.65,5.55,67.51,40.43,19.51,1.34,42.75,29.16,0.1,0.21,0.1,199.0,Moderate,2018,12,24,Winter
Amaravati,2018-12-25,92.72,135.61,13.43,77.45,52.11,19.49,1.16,20.19,24.79,0.1,0.22,0.11,221.0,Poor,2018,12,25,Winter
Amaravati,2018-12-26,76.48,114.53,12.45,69.63,47.16,18.65,1.08,13.32,24.73,0.05,0.05,3.0701277,178.0,Moderate,2018,12,26,Winter
Amaravati,2018-12-27,50.45,87.25,5.44,51.24,31.68,21.42,0.89,10.45,27.83,0.0,0.01,3.0701277,166.46358,Moderate,2018,12,27,Winter
Amaravati,2018-12-28,73.19,127.1,13.43,69.17,47.7,21.66,0.92,25.43,22.5,0.07,0.22,0.1,119.0,Moderate,2018,12,28,Winter
Amaravati,2018-12-29,82.53,145.06,5.44,67.17,40.16,21.34,1.01,28.57,24.03,0.09,0.19,0.13,153.0,Moderate,2018,12,29,Winter
Amaravati,2018-12-30,95.18,154.73,4.57,76.4,44.35,15.29,1.34,33.25,30.68,0.1,0.36,0.15,202.0,Poor,2018,12,30,Winter
Amaravati,2018-12-31,79.29,136.71,4.24,74.24,42.93,15.82,1.1,40.52,28.79,0.09,0.23,0.16,191.0,Moderate,2018,12,31,Winter
Amaravati,2019-01-01,83.17,140.9,6.56,83.38,49.69,15.16,1.09,30.85,24.84,0.1,0.21,0.11,183.0,Moderate,2019,1,1,Winter
Amaravati,2019-01-02,109.97,189.28,13.93,124.57,77.59,10.65,1.38,48.92,30.25,0.11,0.25,0.13,210.0,Poor,2019,1,2,Winter
Amaravati,2019-01-03,139.38,230.27,35.59,140.17,103.49,8.7,1.24,42.26,20.87,0.13,0.58,0.13,304.0,Very Poor,2019,1,3,Winter
Amaravati,2019-01-05,127.94,196.3,6.73,92.41,54.63,11.1,1.33,15.9,28.51,0.11,0.31,0.1,304.0,Very Poor,2019,1,5,Winter
Amaravati,2019-01-07,121.47,215.5,17.24,103.31,68.98,13.63,1.5,16.53,24.55,0.12,0.31,0.1,302.0,Very Poor,2019,1,7,Winter
Amaravati,2019-01-08,118.17,219.63,36.87,121.38,94.54,11.21,1.25,39.68,21.18,0.1,0.25,0.13,298.0,Poor,2019,1,8,Winter
Amaravati,2019-01-09,97.45,225.75,12.68,121.94,75.16,10.39,0.86,66.39,27.23,0.09,0.16,0.18,274.0,Poor,2019,1,9,Winter
Amaravati,2019-01-10,115.23,198.47,14.96,113.39,72.47,7.38,0.78,9.43,20.07,0.11,0.23,0.13,270.0,Poor,2019,1,10,Winter
Amaravati,2019-01-11,121.81,193.4,11.17,100.16,62.36,8.62,0.96,10.56,24.73,0.1,0.15,0.1,302.0,Very Poor,2019,1,11,Winter
Amaravati,2019-01-12,99.69,157.03,5.83,71.61,42.84,15.19,0.5,10.52,24.22,0.08,0.08,0.1,257.0,Poor,2019,1,12,Winter
Amaravati,2019-01-13,92.66,146.49,4.86,57.32,34.44,17.36,0.64,12.33,25.51,0.07,0.18,0.1,212.0,Poor,2019,1,13,Winter
Amaravati,2019-01-14,116.99,172.92,2.91,58.43,33.44,17.38,0.44,12.91,26.84,0.1,0.12,0.1,256.0,Poor,2019,1,14,Winter
Amaravati,2019-01-15,120.33,182.65,5.68,60.37,36.74,17.46,1.02,26.39,21.83,0.08,0.14,0.11,301.0,Very Poor,2019,1,15,Winter
Amaravati,2019-01-16,108.43,159.44,3.49,50.62,29.77,17.97,0.7,6.49,24.73,0.08,0.13,0.1,274.0,Poor,2019,1,16,Winter
Amaravati,2019-01-17,118.0,174.01,3.46,58.6,33.99,16.97,0.82,13.73,24.69,0.1,0.18,0.1,262.0,Poor,2019,1,17,Winter
Amaravati,2019-01-18,107.94,163.17,5.64,63.17,38.2,18.79,0.8,26.75,21.59,0.08,0.15,0.1,287.0,Poor,2019,1,18,Winter
Amaravati,2019-01-19,108.34,173.27,13.44,61.22,43.49,22.53,0.72,11.71,23.64,0.09,0.13,0.1,262.0,Poor,2019,1,19,Winter
Amaravati,2019-01-20,96.45,159.1,17.23,71.77,52.18,17.22,0.91,16.0,22.52,0.07,0.11,0.1,242.0,Poor,2019,1,20,Winter
Amaravati,2019-01-21,90.25,141.29,7.53,64.26,40.3,18.38,0.55,14.8,25.31,0.06,0.09,3.0701277,204.0,Poor,2019,1,21,Winter
Amaravati,2019-01-22,100.34,165.55,20.01,60.14,48.26,20.43,0.85,13.57,24.82,0.06,0.08,0.1,230.0,Poor,2019,1,22,Winter
Amaravati,2019-01-23,62.75,117.55,4.15,49.18,29.54,21.17,0.55,13.17,28.15,0.02,0.02,3.0701277,171.0,Moderate,2019,1,23,Winter
Amaravati,2019-01-24,62.74,108.94,6.36,43.14,28.2,20.36,0.87,11.48,20.37,0.04,0.04,0.1,113.0,Moderate,2019,1,24,Winter
Amaravati,2019-01-25,34.51,63.23,3.87,38.2,23.52,21.38,0.72,12.19,17.24,0.02,0.01,3.0701277,96.0,Satisfactory,2019,1,25,Winter
Amaravati,2019-01-26,15.12,40.61,2.65,22.75,14.26,22.92,0.38,8.37,19.39,0.0,0.02,3.0701277,56.0,Satisfactory,2019,1,26,Winter
Amaravati,2019-01-27,27.25,49.07,2.38,27.55,16.59,22.29,0.44,11.04,19.68,0.02,0.06,3.0701277,48.0,Good,2019,1,27,Winter
Amaravati,2019-01-28,51.67,70.71,5.29,55.79,34.06,17.58,1.28,15.66,20.15,0.06,0.12,0.11,91.0,Satisfactory,2019,1,28,Winter
Amaravati,2019-01-29,54.24,87.78,5.5,56.1,34.39,17.76,0.98,27.99,25.38,0.04,0.05,0.1,96.0,Satisfactory,2019,1,29,Winter
Amaravati,2019-01-30,47.81,99.22,5.98,65.34,39.69,17.61,1.02,26.84,36.53,0.03,0.08,0.15,111.0,Moderate,2019,1,30,Winter
Amaravati,2019-01-31,84.99,137.17,5.14,71.78,42.43,12.16,1.39,15.58,47.94,0.07,0.14,0.1,143.0,Moderate,2019,1,31,Winter
Amaravati,2019-02-01,63.05,111.15,5.4,68.18,40.73,15.31,1.06,13.42,47.46,0.06,0.36,0.11,141.0,Moderate,2019,2,1,Winter
Amaravati,2019-02-02,71.09,128.56,29.13,85.01,68.98,14.32,1.15,10.68,40.2,0.06,0.1,0.1,130.0,Moderate,2019,2,2,Winter
Amaravati,2019-02-03,76.78,129.54,6.08,69.13,41.71,13.58,1.27,17.71,48.7,0.06,0.1,3.0701277,149.0,Moderate,2019,2,3,Winter
Amaravati,2019-02-04,73.21,129.76,3.04,61.14,35.07,15.38,1.11,16.63,62.74,0.08,0.14,0.1,150.0,Moderate,2019,2,4,Winter
Amaravati,2019-02-05,81.64,146.56,13.08,83.44,55.08,14.61,1.58,12.92,43.18,0.08,0.19,0.1,159.0,Moderate,2019,2,5,Winter
Amaravati,2019-02-06,81.71,142.46,15.23,74.7,49.36,10.83,1.03,18.7,37.16,0.07,0.09,0.1,178.0,Moderate,2019,2,6,Winter
Amaravati,2019-02-07,75.52,125.82,7.69,25.85,20.1,10.97,0.74,12.37,32.23,0.05,0.06,0.1,159.0,Moderate,2019,2,7,Winter
Amaravati,2019-02-08,58.02,96.18,2.61,16.37,10.79,17.41,0.76,8.47,38.97,0.0,0.0,3.0701277,126.0,Moderate,2019,2,8,Winter
Amaravati,2019-02-09,65.56,128.56,6.38,23.26,17.36,16.81,0.86,16.7,34.16,0.01,0.05,0.14,115.0,Moderate,2019,2,9,Winter
Amaravati,2019-02-10,56.98,148.8,1.02,16.86,9.76,13.91,0.52,10.21,32.14,0.01,0.06,3.0701277,136.0,Moderate,2019,2,10,Winter
Amaravati,2019-02-11,74.5,119.5,3.19,17.12,11.14,16.46,0.66,10.22,39.91,0.01,0.02,3.0701277,131.0,Moderate,2019,2,11,Winter
Amaravati,2019-02-12,66.61,121.81,4.03,26.18,17.28,13.97,0.66,9.84,39.63,0.02,0.05,3.0701277,137.0,Moderate,2019,2,12,Winter
Amaravati,2019-02-13,70.86,142.17,3.01,28.42,17.6,14.9,0.74,10.43,41.96,0.06,0.1,0.1,121.0,Moderate,2019,2,13,Winter
Amaravati,2019-02-14,69.96,130.91,15.49,35.52,31.56,16.42,0.84,9.78,37.99,0.05,0.08,0.11,157.0,Moderate,2019,2,14,Winter
Amaravati,2019-02-15,60.11,101.22,2.29,22.82,13.91,16.94,0.7,6.98,40.95,0.02,0.02,0.1,116.0,Moderate,2019,2,15,Winter
Amaravati,2019-02-16,33.9,64.61,2.59,15.97,10.54,14.52,0.55,7.78,32.91,0.0,0.01,3.0701277,87.0,Satisfactory,2019,2,16,Winter
Amaravati,2019-02-17,31.75,58.96,1.38,13.31,8.16,12.92,0.54,13.52,27.85,0.0,0.01,3.0701277,58.0,Satisfactory,2019,2,17,Winter
Amaravati,2019-02-18,34.8,72.77,7.55,17.35,15.37,10.31,0.59,12.99,24.83,0.0,0.0,3.0701277,74.0,Satisfactory,2019,2,18,Winter
Amaravati,2019-02-19,32.07,63.36,8.59,17.16,16.19,11.98,0.72,10.51,19.85,0.0,0.0,3.0701277,90.0,Satisfactory,2019,2,19,Winter
Amaravati,2019-02-20,30.32,66.4,7.19,15.26,14.04,9.84,0.58,10.5,24.21,0.0,0.01,3.0701277,61.0,Satisfactory,2019,2,20,Winter
Amaravati,2019-02-21,38.35,95.79,18.66,21.18,26.51,9.69,0.72,8.3,27.25,0.0,0.04,0.15,96.0,Satisfactory,2019,2,21,Winter
Amaravati,2019-02-22,36.92,106.73,26.53,25.18,35.05,10.43,0.64,14.78,30.4,0.0,0.04,0.1,96.0,Satisfactory,2019,2,22,Winter
Amaravati,2019-02-23,43.16,149.98,43.76,28.73,50.94,9.94,0.8,9.67,31.72,0.02,0.07,0.11,126.0,Moderate,2019,2,23,Winter
Amaravati,2019-02-24,42.51,121.35,18.77,24.64,28.36,13.1,0.53,14.5,35.13,0.02,0.05,0.12,131.0,Moderate,2019,2,24,Winter
Amaravati,2019-02-25,33.88,80.8,3.59,18.86,13.05,14.69,0.51,13.5,30.89,0.0,0.01,0.1,95.0,Satisfactory,2019,2,25,Winter
Amaravati,2019-02-26,22.47,52.83,3.89,12.56,9.93,11.9,0.46,11.27,19.85,0.0,0.0,3.0701277,62.0,Satisfactory,2019,2,26,Winter
Amaravati,2019-02-27,14.78,39.26,2.82,8.15,6.69,9.17,0.4,10.43,23.58,0.0,0.01,3.0701277,64.0,Satisfactory,2019,2,27,Winter
Amaravati,2019-02-28,20.92,49.94,3.23,13.32,9.81,9.1,0.56,15.85,25.36,0.0,0.01,0.1,60.0,Satisfactory,2019,2,28,Winter
Amaravati,2019-03-01,27.08,59.54,2.49,9.07,6.97,11.97,0.52,11.04,33.63,0.0,0.01,3.0701277,101.0,Moderate,2019,3,1,Spring
Amaravati,2019-03-02,23.72,51.79,2.9,8.11,6.76,10.79,0.44,8.55,27.48,0.0,0.0,3.0701277,63.0,Satisfactory,2019,3,2,Spring
Amaravati,2019-03-03,22.49,54.86,5.46,12.0,10.75,11.3,0.43,5.49,23.63,0.0,0.0,3.0701277,57.0,Satisfactory,2019,3,3,Spring
Amaravati,2019-03-04,21.59,52.32,2.9,10.62,8.02,11.85,0.41,11.52,19.77,0.0,0.0,3.0701277,54.0,Satisfactory,2019,3,4,Spring
Amaravati,2019-03-05,34.44,76.9,3.11,13.02,9.5,12.13,0.5,14.74,33.17,0.0,0.01,3.0701277,61.0,Satisfactory,2019,3,5,Spring
Amaravati,2019-03-06,49.2,116.27,2.37,16.7,10.86,12.82,0.69,15.37,44.06,0.08,0.18,0.16,120.0,Moderate,2019,3,6,Spring
Amaravati,2019-03-07,42.1,87.51,1.68,13.22,8.24,13.14,0.57,11.6,44.93,2.25,4.15,0.74,105.0,Moderate,2019,3,7,Spring
Amaravati,2019-03-08,16.39,53.9,2.15,8.68,6.38,11.34,0.62,10.98,31.2,1.7,4.48,0.42,92.0,Satisfactory,2019,3,8,Spring
Amaravati,2019-03-09,12.88,59.01,2.82,9.92,7.57,11.03,0.69,12.43,29.66,1.38,5.33,0.54,86.0,Satisfactory,2019,3,9,Spring
Amaravati,2019-03-10,10.66,47.74,4.02,8.02,7.5,9.45,0.35,12.07,22.33,1.05,4.23,0.34,56.0,Satisfactory,2019,3,10,Spring
Amaravati,2019-03-11,12.77,50.79,2.6,8.45,6.56,8.86,0.53,14.06,22.67,0.95,3.31,0.29,78.0,Satisfactory,2019,3,11,Spring
Amaravati,2019-03-12,27.0,90.58,5.03,15.67,12.51,9.74,0.41,13.33,27.15,1.01,6.81,0.67,74.0,Satisfactory,2019,3,12,Spring
Amaravati,2019-03-13,32.79,104.04,4.4,17.4,12.91,11.1,0.4,9.21,31.25,0.86,4.9,0.37,97.0,Satisfactory,2019,3,13,Spring
Amaravati,2019-03-14,39.77,129.33,14.09,24.88,24.78,9.4,0.45,8.16,27.19,1.07,9.76,1.02,107.0,Moderate,2019,3,14,Spring
Amaravati,2019-03-15,43.78,124.06,6.29,19.29,15.47,9.87,0.64,11.35,29.47,1.03,6.87,0.58,130.0,Moderate,2019,3,15,Spring
Amaravati,2019-03-16,40.96,101.35,4.18,14.19,11.01,10.37,0.46,7.42,22.03,1.46,5.11,0.44,110.0,Moderate,2019,3,16,Spring
Amaravati,2019-03-17,40.08,93.9,6.5,14.86,12.92,11.63,0.58,7.89,28.04,1.74,9.37,0.68,98.0,Satisfactory,2019,3,17,Spring
Amaravati,2019-03-18,22.52,69.14,7.47,13.59,13.38,7.71,0.56,10.99,21.12,1.17,4.07,0.33,101.0,Moderate,2019,3,18,Spring
Amaravati,2019-03-19,22.09,53.31,2.18,9.6,6.94,6.44,0.68,9.51,29.78,1.87,3.29,0.26,85.0,Satisfactory,2019,3,19,Spring
Amaravati,2019-03-20,25.39,49.43,2.04,7.75,5.44,7.63,0.7,9.14,32.42,4.88,2.68,2.27,85.0,Satisfactory,2019,3,20,Spring
Amaravati,2019-03-21,21.71,43.12,1.13,6.24,4.23,7.09,0.5,7.63,36.81,1.7,2.82,0.13,60.0,Satisfactory,2019,3,21,Spring
Amaravati,2019-03-22,23.56,53.08,2.86,12.03,8.56,5.6,0.53,10.27,29.46,1.18,3.57,0.28,56.0,Satisfactory,2019,3,22,Spring
Amaravati,2019-03-23,23.68,64.65,9.37,14.63,15.49,5.75,0.53,8.61,29.24,1.4,4.5,0.38,67.0,Satisfactory,2019,3,23,Spring
Amaravati,2019-03-24,17.99,48.09,2.41,8.02,5.87,6.06,0.47,9.11,29.02,1.46,3.2,0.2,79.0,Satisfactory,2019,3,24,Spring
Amaravati,2019-03-25,17.03,46.96,2.89,10.15,7.82,5.53,0.5,13.84,21.8,1.51,3.77,0.25,45.0,Good,2019,3,25,Spring
Amaravati,2019-03-26,20.58,51.83,3.09,9.93,7.87,5.76,0.49,10.38,21.95,1.2,3.07,0.21,53.0,Satisfactory,2019,3,26,Spring
Amaravati,2019-03-27,24.0,60.54,2.23,10.84,7.69,7.15,0.54,12.07,32.91,1.09,3.83,0.24,69.0,Satisfactory,2019,3,27,Spring
Amaravati,2019-03-28,27.44,70.3,3.41,12.49,9.43,6.62,0.54,12.69,28.07,1.18,3.54,0.3,65.0,Satisfactory,2019,3,28,Spring
Amaravati,2019-03-29,24.11,65.16,2.56,9.81,7.4,6.81,0.45,8.19,30.44,1.08,2.73,0.21,78.0,Satisfactory,2019,3,29,Spring
Amaravati,2019-03-30,28.43,60.07,1.74,9.49,6.53,8.36,0.56,17.06,42.66,1.26,2.14,0.18,83.0,Satisfactory,2019,3,30,Spring
Amaravati,2019-03-31,33.0,72.26,1.11,9.26,5.64,7.66,0.58,16.56,34.64,0.69,3.43,0.22,64.0,Satisfactory,2019,3,31,Spring
Amaravati,2019-04-01,37.09,70.85,1.55,7.48,4.74,7.56,0.69,12.4,38.42,0.52,3.58,0.15,102.0,Moderate,2019,4,1,Spring
Amaravati,2019-04-02,30.05,62.5,1.54,8.62,5.72,6.27,0.71,14.7,31.67,1.13,2.43,0.22,92.0,Satisfactory,2019,4,2,Spring
Amaravati,2019-04-03,20.75,45.07,1.4,5.59,4.08,6.03,0.48,9.15,25.97,1.09,1.72,0.15,58.0,Satisfactory,2019,4,3,Spring
Amaravati,2019-04-04,13.97,39.04,3.77,7.21,6.99,5.55,0.64,10.24,20.32,1.33,2.13,0.23,76.0,Satisfactory,2019,4,4,Spring
Amaravati,2019-04-05,18.72,50.84,3.12,6.06,5.7,5.8,0.67,13.03,28.03,1.06,2.11,0.15,78.0,Satisfactory,2019,4,5,Spring
Amaravati,2019-04-06,22.07,63.47,2.2,5.25,3.94,6.21,0.62,12.96,40.3,0.51,2.03,0.16,91.0,Satisfactory,2019,4,6,Spring
Amaravati,2019-04-07,19.4,55.83,1.42,7.03,4.48,4.36,0.76,10.88,38.75,0.8,1.6,0.15,124.0,Moderate,2019,4,7,Spring
Amaravati,2019-04-08,13.49,34.05,1.45,4.2,3.38,4.21,0.57,12.69,22.15,0.69,1.25,0.13,75.0,Satisfactory,2019,4,8,Spring
Amaravati,2019-04-09,20.68,38.77,1.56,4.48,3.53,4.22,0.63,10.9,26.79,0.71,1.43,0.12,73.0,Satisfactory,2019,4,9,Spring
Amaravati,2019-04-10,16.52,36.76,1.14,3.14,2.26,4.47,0.61,8.92,39.57,0.67,2.24,0.12,101.0,Moderate,2019,4,10,Spring
Amaravati,2019-04-11,15.91,33.28,0.46,2.04,0.86,3.7,0.4,13.09,33.05,0.63,1.54,0.12,64.0,Satisfactory,2019,4,11,Spring
Amaravati,2019-04-12,17.24,43.11,2.53,5.32,4.04,3.95,0.58,14.02,30.87,0.78,2.17,0.16,80.0,Satisfactory,2019,4,12,Spring
Amaravati,2019-04-13,25.87,89.0,2.4,9.61,6.54,3.98,0.39,11.84,46.66,0.67,2.74,0.25,85.0,Satisfactory,2019,4,13,Spring
Amaravati,2019-04-14,15.77,50.12,1.12,6.04,4.03,3.86,0.36,14.45,28.78,0.62,1.37,0.14,80.0,Satisfactory,2019,4,14,Spring
Amaravati,2019-04-15,23.75,68.9,1.94,11.38,7.46,3.49,0.64,18.42,19.94,0.33,2.13,0.18,84.0,Satisfactory,2019,4,15,Spring
Amaravati,2019-04-16,25.36,81.59,2.19,20.61,12.25,4.81,0.65,22.54,20.53,0.67,2.07,0.21,79.0,Satisfactory,2019,4,16,Spring
Amaravati,2019-04-17,32.7,91.22,2.19,17.13,10.91,7.6,0.54,15.71,25.28,0.52,2.02,0.18,91.0,Satisfactory,2019,4,17,Spring
Amaravati,2019-04-18,20.21,57.8,2.65,13.78,9.52,6.54,0.51,10.6,26.51,0.16,3.11,0.14,79.0,Satisfactory,2019,4,18,Spring
Amaravati,2019-04-19,11.55,37.66,3.35,13.27,9.6,7.05,0.59,12.58,26.46,0.19,2.64,0.12,82.0,Satisfactory,2019,4,19,Spring
Amaravati,2019-04-20,9.39,36.94,2.81,12.29,8.89,4.58,0.35,17.07,24.65,0.27,2.25,0.14,45.0,Good,2019,4,20,Spring
Amaravati,2019-04-21,9.77,35.42,1.48,12.59,7.81,3.34,0.32,21.81,28.75,0.01,2.55,0.14,41.0,Good,2019,4,21,Spring
Amaravati,2019-04-22,21.38,75.6,2.29,19.85,11.65,4.32,0.48,23.3,39.42,0.39,2.28,0.23,78.0,Satisfactory,2019,4,22,Spring
Amaravati,2019-04-23,24.68,132.02,8.38,29.05,22.21,3.97,0.58,16.03,23.73,0.41,3.95,0.48,124.0,Moderate,2019,4,23,Spring
Amaravati,2019-04-24,17.58,59.05,2.68,18.08,11.89,4.04,0.48,12.66,27.14,0.25,2.73,0.21,73.0,Satisfactory,2019,4,24,Spring
Amaravati,2019-04-25,28.05,84.5,4.67,18.74,13.85,6.85,0.48,12.78,25.81,0.24,1.43,0.13,71.0,Satisfactory,2019,4,25,Spring
Amaravati,2019-04-26,27.98,79.71,2.79,18.31,12.1,8.01,0.51,8.71,34.54,0.19,1.79,0.13,79.0,Satisfactory,2019,4,26,Spring
Amaravati,2019-04-27,23.32,70.68,1.97,16.88,10.58,5.65,0.66,16.4,34.16,0.38,1.13,0.11,78.0,Satisfactory,2019,4,27,Spring
Amaravati,2019-04-28,15.52,46.14,2.16,15.11,9.79,4.67,0.42,13.67,23.72,0.11,1.33,0.18,57.0,Satisfactory,2019,4,28,Spring
Amaravati,2019-04-29,12.11,40.82,2.1,15.46,9.94,4.07,0.31,12.72,23.43,0.06,1.73,0.13,46.0,Good,2019,4,29,Spring
Amaravati,2019-04-30,19.03,60.71,1.99,19.23,11.85,4.84,0.4,13.57,35.2,0.05,1.84,0.18,58.0,Satisfactory,2019,4,30,Spring
Amaravati,2019-05-01,27.18,93.8,2.87,23.54,14.82,3.53,0.64,26.8,38.05,0.45,2.85,0.27,83.0,Satisfactory,2019,5,1,Spring
Amaravati,2019-05-02,38.9,111.93,1.76,27.29,16.03,3.52,0.98,16.06,56.99,0.57,3.44,0.37,109.0,Moderate,2019,5,2,Spring
Amaravati,2019-05-03,57.73,211.34,3.54,35.92,21.98,5.61,0.78,16.59,58.87,0.7,5.18,0.51,148.0,Moderate,2019,5,3,Spring
Amaravati,2019-05-04,44.49,163.62,1.17,22.32,12.89,7.12,0.53,16.97,67.99,0.35,2.22,0.38,158.0,Moderate,2019,5,4,Spring
Amaravati,2019-05-05,39.76,152.97,1.12,23.24,13.25,6.0,0.52,15.33,69.15,0.35,1.97,0.18,146.0,Moderate,2019,5,5,Spring
Amaravati,2019-05-06,47.3,136.76,1.53,20.22,12.09,7.92,0.64,22.25,68.43,0.3,2.17,0.15,133.0,Moderate,2019,5,6,Spring
Amaravati,2019-05-07,39.81,138.9,1.14,18.58,10.81,7.81,0.44,13.03,51.98,0.14,1.37,0.12,122.0,Moderate,2019,5,7,Spring
Amaravati,2019-05-08,49.19,155.58,0.95,26.89,13.92,4.26,0.77,25.9,73.55,0.48,4.0,0.2,126.0,Moderate,2019,5,8,Spring
Amaravati,2019-05-09,40.38,112.93,1.4,24.31,13.78,5.75,0.7,30.4,74.3,0.34,2.48,0.18,131.0,Moderate,2019,5,9,Spring
Amaravati,2019-05-10,44.65,114.79,1.63,19.79,12.0,7.06,0.63,19.26,54.72,0.34,2.48,0.12,124.0,Moderate,2019,5,10,Spring
Amaravati,2019-05-11,35.5,98.4,1.74,19.29,11.72,6.98,0.59,17.83,49.82,0.33,1.68,0.12,106.0,Moderate,2019,5,11,Spring
Amaravati,2019-05-12,41.0,122.0,1.15,37.0,20.6,5.35,0.78,23.6,37.05,0.45,3.7,0.35,166.46358,Moderate,2019,5,12,Spring
Amaravati,2019-05-13,36.14,103.71,1.82,19.59,12.05,6.69,0.78,23.1,45.48,0.17,1.68,0.1,166.46358,Moderate,2019,5,13,Spring
Amaravati,2019-05-14,40.41,102.09,1.99,21.47,13.17,4.15,0.5,25.09,43.31,0.06,1.6,0.11,166.46358,Moderate,2019,5,14,Spring
Amaravati,2019-05-15,34.12,88.79,1.7,19.98,12.12,6.69,0.7,24.2,42.21,0.14,1.32,0.11,109.0,Moderate,2019,5,15,Spring
Amaravati,2019-05-16,41.62,95.91,1.93,20.32,12.54,4.91,0.53,21.47,43.36,0.23,2.08,0.12,92.0,Satisfactory,2019,5,16,Spring
Amaravati,2019-05-17,43.1,96.34,2.0,21.71,13.26,5.96,0.67,24.72,42.13,0.31,1.77,0.16,88.0,Satisfactory,2019,5,17,Spring
Amaravati,2019-05-18,35.3,89.42,0.8,17.33,9.84,4.32,0.47,17.09,44.47,0.06,1.16,0.11,95.0,Satisfactory,2019,5,18,Spring
Amaravati,2019-05-19,40.35,94.6,0.91,18.93,10.8,4.17,0.53,23.95,45.97,0.06,1.32,0.11,93.0,Satisfactory,2019,5,19,Spring
Amaravati,2019-05-20,32.33,78.4,1.83,19.42,11.91,4.01,0.61,21.27,34.54,0.15,1.24,0.11,104.0,Moderate,2019,5,20,Spring
Amaravati,2019-05-21,24.95,74.2,1.86,20.68,12.51,3.36,0.49,16.73,19.84,0.1,1.17,0.14,80.0,Satisfactory,2019,5,21,Spring
Amaravati,2019-05-22,32.3,85.04,2.18,18.38,11.7,3.7,0.79,27.47,41.48,0.11,1.27,0.1,166.46358,Moderate,2019,5,22,Spring
Amaravati,2019-05-23,30.42,76.95,1.27,16.96,10.05,3.25,0.72,13.67,30.35,0.21,1.02,0.11,99.0,Satisfactory,2019,5,23,Spring
Amaravati,2019-05-24,36.5,84.57,1.5,17.83,10.77,3.8,0.63,14.71,37.15,0.17,1.46,0.11,99.0,Satisfactory,2019,5,24,Spring
Amaravati,2019-05-25,40.04,98.75,1.7,17.31,10.2,4.07,0.89,18.61,48.85,0.21,1.82,0.11,108.0,Moderate,2019,5,25,Spring
Amaravati,2019-05-26,40.51,99.45,0.71,16.93,9.55,3.35,0.51,14.62,54.63,0.14,1.55,0.14,99.0,Satisfactory,2019,5,26,Spring
Amaravati,2019-05-27,38.88,86.09,1.31,18.0,10.69,4.51,0.47,13.86,51.56,0.14,1.27,0.11,106.0,Moderate,2019,5,27,Spring
Amaravati,2019-05-28,36.31,77.21,1.47,18.03,10.88,4.47,0.52,17.79,42.23,0.14,1.09,0.11,85.0,Satisfactory,2019,5,28,Spring
Amaravati,2019-05-29,38.7,82.24,1.45,16.29,9.94,4.22,0.48,15.76,42.04,0.14,1.06,0.11,83.0,Satisfactory,2019,5,29,Spring
Amaravati,2019-05-30,33.52,79.78,2.11,26.44,15.85,3.85,0.57,19.96,45.17,0.23,2.96,0.15,83.0,Satisfactory,2019,5,30,Spring
Amaravati,2019-05-31,36.8,75.96,0.97,17.39,10.05,4.06,0.51,14.55,48.97,0.03,1.06,0.12,74.0,Satisfactory,2019,5,31,Spring
Amaravati,2019-06-01,41.89,99.66,1.66,22.98,13.65,4.84,0.77,17.7,39.43,0.16,1.62,0.19,103.0,Moderate,2019,6,1,Summer
Amaravati,2019-06-02,41.47,90.61,0.72,18.25,10.27,4.59,0.5,16.21,54.72,0.05,1.29,0.13,101.0,Moderate,2019,6,2,Summer
Amaravati,2019-06-03,31.52,73.42,1.39,20.17,11.91,4.0,0.45,18.1,43.53,0.13,1.09,0.13,80.0,Satisfactory,2019,6,3,Summer
Amaravati,2019-06-04,39.73,104.78,1.54,27.54,15.99,3.61,0.95,17.17,42.88,0.17,2.37,0.24,107.0,Moderate,2019,6,4,Summer
Amaravati,2019-06-05,36.24,84.55,0.66,19.93,10.94,4.56,0.46,21.35,54.64,0.06,1.09,0.11,91.0,Satisfactory,2019,6,5,Summer
Amaravati,2019-06-06,24.16,59.22,1.81,26.79,9.83,12.18,0.53,26.62,41.27,0.28,1.46,0.16,78.0,Satisfactory,2019,6,6,Summer
Amaravati,2019-06-07,23.12,57.48,1.52,24.2,13.97,5.86,0.52,23.46,56.71,0.15,1.38,0.12,65.0,Satisfactory,2019,6,7,Summer
Amaravati,2019-06-08,31.95,71.15,2.87,26.2,16.27,7.52,0.58,17.18,55.48,0.03,1.32,0.14,71.0,Satisfactory,2019,6,8,Summer
Amaravati,2019-06-09,26.02,66.47,0.73,20.95,11.65,5.5,0.52,15.99,75.1,0.07,1.06,0.12,90.0,Satisfactory,2019,6,9,Summer
Amaravati,2019-06-10,22.19,63.59,2.62,25.07,15.42,5.06,0.5,18.35,62.52,0.13,1.19,0.18,78.0,Satisfactory,2019,6,10,Summer
Amaravati,2019-06-11,13.91,48.33,3.61,24.16,15.86,4.78,0.37,14.02,44.59,0.08,1.26,0.12,61.0,Satisfactory,2019,6,11,Summer
Amaravati,2019-06-12,11.81,43.2,5.0,29.99,20.12,4.69,0.34,13.82,41.43,0.09,1.65,0.13,50.0,Good,2019,6,12,Summer
Amaravati,2019-06-13,10.02,31.73,4.88,33.11,21.72,3.35,0.49,17.28,38.1,0.2,2.31,0.1,42.0,Good,2019,6,13,Summer
Amaravati,2019-06-14,9.55,31.71,3.23,24.02,15.47,2.09,0.36,16.48,32.84,0.27,1.13,0.12,38.0,Good,2019,6,14,Summer
Amaravati,2019-06-15,17.42,69.93,1.53,18.88,11.36,3.49,0.38,14.79,38.49,0.08,0.96,0.2,54.0,Satisfactory,2019,6,15,Summer
Amaravati,2019-06-16,19.25,71.73,0.8,18.26,10.36,2.01,0.31,9.68,47.37,0.22,1.39,0.1,75.0,Satisfactory,2019,6,16,Summer
Amaravati,2019-06-17,23.99,66.09,3.71,28.19,18.1,4.94,0.49,14.94,30.27,0.18,3.67,0.18,72.0,Satisfactory,2019,6,17,Summer
Amaravati,2019-06-18,23.62,68.06,7.98,36.52,26.01,2.85,0.46,13.66,30.54,0.27,3.55,0.44,59.0,Satisfactory,2019,6,18,Summer
Amaravati,2019-06-19,21.28,72.04,2.87,27.95,16.23,4.57,0.44,18.83,38.25,0.27,3.08,0.19,77.0,Satisfactory,2019,6,19,Summer
Amaravati,2019-06-20,14.03,40.6,3.87,25.45,16.74,4.45,0.45,18.94,34.87,0.28,1.73,0.14,59.0,Satisfactory,2019,6,20,Summer
Amaravati,2019-06-21,17.9,39.22,2.87,29.14,17.92,4.79,0.57,16.39,32.98,0.18,2.02,0.15,42.0,Good,2019,6,21,Summer
Amaravati,2019-06-22,17.07,40.3,1.54,25.75,15.04,5.54,0.5,16.01,36.19,0.04,1.81,5.99,46.0,Good,2019,6,22,Summer
Amaravati,2019-06-23,13.45,34.6,1.0,24.16,13.66,4.77,0.46,14.9,40.53,0.06,1.31,0.2,48.0,Good,2019,6,23,Summer
Amaravati,2019-06-24,15.93,32.7,1.43,20.53,12.15,5.4,0.43,16.53,42.92,0.11,1.04,0.11,53.0,Satisfactory,2019,6,24,Summer
Amaravati,2019-06-25,19.8,34.77,2.36,30.66,18.32,4.41,0.76,14.36,38.26,0.08,2.31,0.28,78.0,Satisfactory,2019,6,25,Summer
Amaravati,2019-06-26,21.45,38.36,4.83,36.24,23.3,4.23,0.73,17.88,24.68,0.08,2.16,0.31,74.0,Satisfactory,2019,6,26,Summer
Amaravati,2019-06-27,12.45,30.36,3.08,26.62,16.74,3.09,0.53,17.43,27.85,0.1,1.04,0.17,70.0,Satisfactory,2019,6,27,Summer
Amaravati,2019-06-28,9.57,26.83,2.1,22.0,13.49,3.36,0.36,19.5,32.37,0.07,0.44,0.1,42.0,Good,2019,6,28,Summer
Amaravati,2019-06-29,8.23,21.73,1.72,20.71,12.5,2.82,0.32,18.01,32.91,0.05,0.23,3.0701277,40.0,Good,2019,6,29,Summer
Amaravati,2019-06-30,11.55,25.16,1.2,22.16,12.76,2.1,0.35,17.0,40.21,0.03,0.41,0.1,46.0,Good,2019,6,30,Summer
Amaravati,2019-07-01,13.4,23.95,4.39,29.37,19.27,2.9,0.42,16.27,29.58,0.11,0.91,0.24,39.0,Good,2019,7,1,Summer
Amaravati,2019-07-02,12.05,24.42,6.49,29.88,21.26,2.4,0.59,13.78,23.41,0.07,0.72,0.12,66.0,Satisfactory,2019,7,2,Summer
Amaravati,2019-07-03,14.54,32.83,7.23,30.62,22.26,2.68,0.61,12.6,27.29,0.09,0.67,0.1,68.0,Satisfactory,2019,7,3,Summer
Amaravati,2019-07-04,8.4,21.46,11.11,30.36,25.27,2.7,0.57,14.32,26.69,0.27,0.83,0.16,68.0,Satisfactory,2019,7,4,Summer
Amaravati,2019-07-05,10.31,22.14,8.27,25.22,20.23,2.46,0.62,16.24,22.99,0.23,1.38,0.59,70.0,Satisfactory,2019,7,5,Summer
Amaravati,2019-07-06,13.91,38.67,2.55,18.0,11.62,3.43,0.58,18.86,26.64,0.21,0.49,0.16,72.0,Satisfactory,2019,7,6,Summer
Amaravati,2019-07-07,15.17,40.56,0.93,18.2,10.43,1.28,0.39,23.12,30.24,0.09,0.56,0.16,43.0,Good,2019,7,7,Summer
Amaravati,2019-07-08,13.1,34.85,2.64,22.88,14.4,1.91,0.33,17.88,25.83,0.17,0.97,0.17,35.0,Good,2019,7,8,Summer
Amaravati,2019-07-09,11.3,31.96,4.61,23.47,16.32,1.62,0.28,17.09,27.47,0.11,0.82,0.15,37.0,Good,2019,7,9,Summer
Amaravati,2019-07-10,13.03,29.59,5.45,25.64,18.15,2.13,0.51,20.09,32.1,0.15,1.14,0.11,75.0,Satisfactory,2019,7,10,Summer
Amaravati,2019-07-11,11.17,25.03,5.24,26.2,18.29,2.44,0.34,23.89,26.88,0.2,1.2,0.11,40.0,Good,2019,7,11,Summer
Amaravati,2019-07-12,11.65,27.15,5.28,22.68,16.42,2.06,0.56,22.58,25.94,0.15,2.15,0.18,70.0,Satisfactory,2019,7,12,Summer
Amaravati,2019-07-13,17.22,34.78,1.25,4.58,3.13,3.6,0.42,14.79,36.77,0.2,1.3,0.25,48.0,Good,2019,7,13,Summer
Amaravati,2019-07-14,12.68,20.52,0.74,3.7,2.34,2.84,0.4,15.89,31.62,0.03,0.56,0.17,41.0,Good,2019,7,14,Summer
Amaravati,2019-07-15,10.73,22.63,2.92,9.95,7.26,2.99,0.36,16.35,32.13,0.12,1.45,0.22,48.0,Good,2019,7,15,Summer
Amaravati,2019-07-16,14.44,40.44,4.68,17.05,12.96,2.72,0.47,15.46,27.69,0.18,2.6,0.29,39.0,Good,2019,7,16,Summer
Amaravati,2019-07-17,21.86,56.69,4.74,19.35,14.24,5.9,0.45,19.19,31.87,0.44,16.07,0.39,55.0,Satisfactory,2019,7,17,Summer
Amaravati,2019-07-18,16.18,39.97,3.29,16.01,11.13,5.05,0.43,12.93,35.8,0.18,2.28,0.21,53.0,Satisfactory,2019,7,18,Summer
Amaravati,2019-07-19,22.28,42.15,2.14,13.16,8.82,6.07,0.54,20.51,33.08,0.08,1.4,0.26,46.0,Good,2019,7,19,Summer
Amaravati,2019-07-20,11.14,18.23,1.11,5.65,3.93,5.5,0.44,13.82,37.65,0.05,1.13,0.26,47.0,Good,2019,7,20,Summer
Amaravati,2019-07-21,14.72,22.46,1.25,4.64,3.56,4.81,0.49,9.71,34.63,0.03,0.98,0.18,45.0,Good,2019,7,21,Summer
Amaravati,2019-07-22,12.89,26.39,2.53,9.64,7.23,4.25,0.5,15.68,29.49,0.09,1.26,0.2,39.0,Good,2019,7,22,Summer
Amaravati,2019-07-23,13.53,23.73,8.56,12.71,13.79,3.87,0.42,15.77,22.09,0.09,0.98,0.16,35.0,Good,2019,7,23,Summer
Amaravati,2019-07-24,9.92,23.28,2.09,7.06,5.44,3.02,0.32,9.04,24.9,0.11,0.85,0.12,166.46358,Moderate,2019,7,24,Summer
Amaravati,2019-07-25,11.23,25.46,12.82,24.43,23.57,2.84,0.38,21.66,27.89,0.11,1.35,0.27,166.46358,Moderate,2019,7,25,Summer
Amaravati,2019-07-26,7.48,15.84,4.57,10.04,8.96,3.4,0.38,12.51,20.01,0.09,0.96,0.15,35.0,Good,2019,7,26,Summer
Amaravati,2019-07-27,12.52,30.89,1.4,3.94,2.89,3.12,0.55,14.14,22.33,0.13,0.94,0.16,65.0,Satisfactory,2019,7,27,Summer
Amaravati,2019-07-28,13.25,37.61,0.65,2.08,1.4,2.17,0.33,12.58,22.05,0.0,0.38,0.1,36.0,Good,2019,7,28,Summer
Amaravati,2019-07-29,10.89,26.77,5.81,11.39,9.53,2.47,0.56,21.15,19.61,0.1,0.84,0.15,68.0,Satisfactory,2019,7,29,Summer
Amaravati,2019-07-30,8.0,22.87,5.36,10.03,9.41,1.87,0.31,14.72,22.5,0.19,0.98,0.13,28.0,Good,2019,7,30,Summer
Amaravati,2019-07-31,10.62,26.84,2.17,4.4,4.19,2.59,0.38,11.66,24.46,0.2,0.88,0.11,29.0,Good,2019,7,31,Summer
Amaravati,2019-08-01,8.71,21.35,1.77,4.43,3.76,2.43,0.39,13.83,20.11,0.06,0.5,0.21,34.0,Good,2019,8,1,Summer
Amaravati,2019-08-02,6.85,13.3,1.61,1.52,1.86,2.44,0.46,13.29,18.07,0.04,0.26,0.1,68.0,Satisfactory,2019,8,2,Summer
Amaravati,2019-08-03,9.31,19.98,1.48,3.35,2.36,4.4,0.32,11.83,20.23,0.09,0.36,0.1,24.0,Good,2019,8,3,Summer
Amaravati,2019-08-04,9.09,18.33,1.68,4.02,3.51,6.13,0.34,10.88,23.92,0.19,0.4,3.0701277,27.0,Good,2019,8,4,Summer
Amaravati,2019-08-05,7.53,24.18,2.74,6.1,5.55,6.38,0.34,26.08,26.62,0.35,0.49,0.1,31.0,Good,2019,8,5,Summer
Amaravati,2019-08-06,6.89,13.83,2.96,6.48,5.95,6.28,0.34,13.35,21.06,0.06,0.61,0.12,32.0,Good,2019,8,6,Summer
Amaravati,2019-08-07,7.35,18.12,3.22,6.38,6.1,6.23,0.46,11.57,21.64,0.22,0.5,0.1,66.0,Satisfactory,2019,8,7,Summer
Amaravati,2019-08-08,7.45,19.56,3.47,7.66,6.99,6.31,0.27,11.94,22.68,0.29,0.5,0.1,27.0,Good,2019,8,8,Summer
Amaravati,2019-08-09,10.88,30.31,3.17,10.11,8.05,6.98,0.41,11.86,22.62,0.12,1.08,0.16,32.0,Good,2019,8,9,Summer
Amaravati,2019-08-10,13.49,37.83,2.45,7.57,6.12,7.17,0.5,19.01,27.18,0.29,0.78,0.28,70.0,Satisfactory,2019,8,10,Summer
Amaravati,2019-08-11,16.6,47.35,2.07,6.74,5.37,6.66,0.6,15.64,31.28,0.28,0.94,0.14,76.0,Satisfactory,2019,8,11,Summer
Amaravati,2019-08-12,18.19,43.56,1.89,7.45,5.5,6.45,0.32,12.44,25.4,0.37,0.73,3.0701277,49.0,Good,2019,8,12,Summer
Amaravati,2019-08-13,67.45058,118.127106,17.57473,28.56066,32.309124,23.483477,2.248598,14.531978,34.491432,3.2808404,8.700972,3.0701277,166.46358,Moderate,2019,8,13,Summer
Amaravati,2019-08-14,24.25,52.38,4.37,15.26,11.85,10.3,1.31,12.16,35.45,0.21,2.75,0.71,166.46358,Moderate,2019,8,14,Summer
Amaravati,2019-08-15,24.56,47.61,2.23,9.16,6.49,14.56,0.58,18.9,33.97,0.19,1.87,0.52,51.0,Satisfactory,2019,8,15,Summer
Amaravati,2019-08-16,15.75,34.12,2.8,9.34,7.33,12.08,0.4,28.32,36.06,0.16,1.66,0.17,49.0,Good,2019,8,16,Summer
Amaravati,2019-08-17,17.54,31.8,2.74,9.58,7.48,13.57,0.42,20.69,28.25,0.28,3.35,0.12,40.0,Good,2019,8,17,Summer
Amaravati,2019-08-18,67.45058,118.127106,17.57473,28.56066,32.309124,23.483477,2.248598,14.531978,34.491432,3.2808404,8.700972,3.0701277,166.46358,Moderate,2019,8,18,Summer
Amaravati,2019-08-19,67.45058,118.127106,17.57473,28.56066,32.309124,23.483477,2.248598,14.531978,34.491432,3.2808404,8.700972,3.0701277,166.46358,Moderate,2019,8,19,Summer
Amaravati,2019-08-20,67.45058,118.127106,17.57473,28.56066,32.309124,23.483477,2.248598,14.531978,34.491432,3.2808404,8.700972,3.0701277,166.46358,Moderate,2019,8,20,Summer
Amaravati,2019-08-21,67.45058,118.127106,17.57473,28.56066,32.309124,23.483477,2.248598,14.531978,34.491432,3.2808404,8.700972,3.0701277,166.46358,Moderate,2019,8,21,Summer
Amaravati,2019-08-22,67.45058,118.127106,17.57473,28.56066,32.309124,23.483477,2.248598,14.531978,34.491432,3.2808404,8.700972,3.0701277,166.46358,Moderate,2019,8,22,Summer
Amaravati,2019-08-23,67.45058,118.127106,17.57473,28.56066,32.309124,23.483477,2.248598,14.531978,34.491432,3.2808404,8.700972,3.0701277,166.46358,Moderate,2019,8,23,Summer
Amaravati,2019-08-24,67.45058,118.127106,17.57473,28.56066,32.309124,23.483477,2.248598,14.531978,34.491432,3.2808404,8.700972,3.0701277,166.46358,Moderate,2019,8,24,Summer
Amaravati,2019-08-25,67.45058,118.127106,17.57473,28.56066,32.309124,23.483477,2.248598,14.531978,34.491432,3.2808404,8.700972,3.0701277,166.46358,Moderate,2019,8,25,Summer
Amaravati,2019-08-26,67.45058,118.127106,17.57473,28.56066,32.309124,23.483477,2.248598,14.531978,34.491432,3.2808404,8.700972,3.0701277,166.46358,Moderate,2019,8,26,Summer
Amaravati,2019-08-27,14.0,42.0,6.39,22.75,17.3,9.73,0.55,6.44,32.56,0.18,1.24,0.22,166.46358,Moderate,2019,8,27,Summer
Amaravati,2019-08-28,15.8,44.75,3.71,12.43,9.71,14.64,0.62,11.3,36.47,0.12,0.95,0.23,92.0,Satisfactory,2019,8,28,Summer
Amaravati,2019-08-29,14.98,36.58,4.5,13.97,11.18,15.31,0.47,14.17,29.78,0.12,0.75,0.14,47.0,Good,2019,8,29,Summer
Amaravati,2019-08-30,10.11,23.08,23.03,14.19,14.12,24.24,0.45,16.84,23.09,0.13,0.99,0.13,37.0,Good,2019,8,30,Summer
Amaravati,2019-08-31,67.45058,118.127106,17.57473,28.56066,32.309124,23.483477,2.248598,14.531978,34.491432,3.2808404,8.700972,3.0701277,166.46358,Moderate,2019,8,31,Summer
Amaravati,2019-09-01,67.45058,118.127106,17.57473,28.56066,32.309124,23.483477,2.248598,14.531978,34.491432,3.2808404,8.700972,3.0701277,166.46358,Moderate,2019,9,1,Autumn
Amaravati,2019-09-02,67.45058,118.127106,17.57473,28.56066,32.309124,23.483477,2.248598,14.531978,34.491432,3.2808404,8.700972,3.0701277,166.46358,Moderate,2019,9,2,Autumn
Amaravati,2019-09-03,67.45058,118.127106,17.57473,28.56066,32.309124,23.483477,2.248598,14.531978,34.491432,3.2808404,8.700972,3.0701277,166.46358,Moderate,2019,9,3,Autumn
Amaravati,2019-09-04,67.45058,118.127106,17.57473,28.56066,32.309124,23.483477,2.248598,14.531978,34.491432,3.2808404,8.700972,3.0701277,166.46358,Moderate,2019,9,4,Autumn
Amaravati,2019-09-05,67.45058,118.127106,17.57473,28.56066,32.309124,23.483477,2.248598,14.531978,34.491432,3.2808404,8.700972,3.0701277,166.46358,Moderate,2019,9,5,Autumn
Amaravati,2019-09-06,67.45058,118.127106,17.57473,28.56066,32.309124,23.483477,2.248598,14.531978,34.491432,3.2808404,8.700972,3.0701277,166.46358,Moderate,2019,9,6,Autumn
Amaravati,2019-09-07,67.45058,118.127106,17.57473,28.56066,32.309124,23.483477,2.248598,14.531978,34.491432,3.2808404,8.700972,3.0701277,166.46358,Moderate,2019,9,7,Autumn
Amaravati,2019-09-08,67.45058,118.127106,17.57473,28.56066,32.309124,23.483477,2.248598,14.531978,34.491432,3.2808404,8.700972,3.0701277,166.46358,Moderate,2019,9,8,Autumn
Amaravati,2019-09-09,67.45058,118.127106,17.57473,28.56066,32.309124,23.483477,2.248598,14.531978,34.491432,3.2808404,8.700972,3.0701277,166.46358,Moderate,2019,9,9,Autumn
Amaravati,2019-09-10,67.45058,118.127106,17.57473,28.56066,32.309124,23.483477,2.248598,14.531978,34.491432,3.2808404,8.700972,3.0701277,166.46358,Moderate,2019,9,10,Autumn
Amaravati,2019-09-11,67.45058,118.127106,17.57473,28.56066,32.309124,23.483477,2.248598,14.531978,34.491432,3.2808404,8.700972,3.0701277,166.46358,Moderate,2019,9,11,Autumn
Amaravati,2019-09-12,67.45058,118.127106,17.57473,28.56066,32.309124,23.483477,2.248598,14.531978,34.491432,3.2808404,8.700972,3.0701277,166.46358,Moderate,2019,9,12,Autumn
Amaravati,2019-09-13,67.45058,118.127106,17.57473,28.56066,32.309124,23.483477,2.248598,14.531978,34.491432,3.2808404,8.700972,3.0701277,166.46358,Moderate,2019,9,13,Autumn
Amaravati,2019-09-14,67.45058,118.127106,17.57473,28.56066,32.309124,23.483477,2.248598,14.531978,34.491432,3.2808404,8.700972,3.0701277,166.46358,Moderate,2019,9,14,Autumn
Amaravati,2019-09-15,67.45058,118.127106,17.57473,28.56066,32.309124,23.483477,2.248598,14.531978,34.491432,3.2808404,8.700972,3.0701277,166.46358,Moderate,2019,9,15,Autumn
Amaravati,2019-09-16,67.45058,118.127106,17.57473,28.56066,32.309124,23.483477,2.248598,14.531978,34.491432,3.2808404,8.700972,3.0701277,166.46358,Moderate,2019,9,16,Autumn
Amaravati,2019-09-17,67.45058,118.127106,17.57473,28.56066,32.309124,23.483477,2.248598,14.531978,34.491432,3.2808404,8.700972,3.0701277,166.46358,Moderate,2019,9,17,Autumn
Amaravati,2019-09-18,67.45058,118.127106,17.57473,28.56066,32.309124,23.483477,2.248598,14.531978,34.491432,3.2808404,8.700972,3.0701277,166.46358,Moderate,2019,9,18,Autumn
Amaravati,2019-09-19,67.45058,118.127106,17.57473,28.56066,32.309124,23.483477,2.248598,14.531978,34.491432,3.2808404,8.700972,3.0701277,166.46358,Moderate,2019,9,19,Autumn
Amaravati,2019-09-20,67.45058,118.127106,17.57473,28.56066,32.309124,23.483477,2.248598,14.531978,34.491432,3.2808404,8.700972,3.0701277,166.46358,Moderate,2019,9,20,Autumn
Amaravati,2019-09-21,67.45058,118.127106,17.57473,28.56066,32.309124,23.483477,2.248598,14.531978,34.491432,3.2808404,8.700972,3.0701277,166.46358,Moderate,2019,9,21,Autumn
Amaravati,2019-09-22,67.45058,118.127106,17.57473,28.56066,32.309124,23.483477,2.248598,14.531978,34.491432,3.2808404,8.700972,3.0701277,166.46358,Moderate,2019,9,22,Autumn
Amaravati,2019-09-23,67.45058,118.127106,17.57473,28.56066,32.309124,23.483477,2.248598,14.531978,34.491432,3.2808404,8.700972,3.0701277,166.46358,Moderate,2019,9,23,Autumn
Amaravati,2019-09-24,67.45058,118.127106,17.57473,28.56066,32.309124,23.483477,2.248598,14.531978,34.491432,3.2808404,8.700972,3.0701277,166.46358,Moderate,2019,9,24,Autumn
Amaravati,2019-09-25,67.45058,118.127106,17.57473,28.56066,32.309124,23.483477,2.248598,14.531978,34.491432,3.2808404,8.700972,3.0701277,166.46358,Moderate,2019,9,25,Autumn
Amaravati,2019-09-26,67.45058,118.127106,17.57473,28.56066,32.309124,23.483477,2.248598,14.531978,34.491432,3.2808404,8.700972,3.0701277,166.46358,Moderate,2019,9,26,Autumn
Amaravati,2019-09-27,67.45058,118.127106,17.57473,28.56066,32.309124,23.483477,2.248598,14.531978,34.491432,3.2808404,8.700972,3.0701277,166.46358,Moderate,2019,9,27,Autumn
Amaravati,2019-09-28,67.45058,118.127106,17.57473,28.56066,32.309124,23.483477,2.248598,14.531978,34.491432,3.2808404,8.700972,3.0701277,166.46358,Moderate,2019,9,28,Autumn
Amaravati,2019-09-29,67.45058,118.127106,17.57473,28.56066,32.309124,23.483477,2.248598,14.531978,34.491432,3.2808404,8.700972,3.0701277,166.46358,Moderate,2019,9,29,Autumn
Amaravati,2019-09-30,67.45058,118.127106,17.57473,28.56066,32.309124,23.483477,2.248598,14.531978,34.491432,3.2808404,8.700972,3.0701277,166.46358,Moderate,2019,9,30,Autumn
Amaravati,2019-10-01,67.45058,118.127106,17.57473,28.56066,32.309124,23.483477,2.248598,14.531978,34.491432,3.2808404,8.700972,3.0701277,166.46358,Moderate,2019,10,1,Autumn
Amaravati,2019-10-02,67.45058,118.127106,17.57473,28.56066,32.309124,23.483477,2.248598,14.531978,34.491432,3.2808404,8.700972,3.0701277,166.46358,Moderate,2019,10,2,Autumn
Amaravati,2019-10-03,67.45058,118.127106,17.57473,28.56066,32.309124,23.483477,2.248598,14.531978,34.491432,3.2808404,8.700972,3.0701277,166.46358,Moderate,2019,10,3,Autumn
Amaravati,2019-10-04,67.45058,118.127106,17.57473,28.56066,32.309124,23.483477,2.248598,14.531978,34.491432,3.2808404,8.700972,3.0701277,166.46358,Moderate,2019,10,4,Autumn
Amaravati,2019-10-05,67.45058,118.127106,17.57473,28.56066,32.309124,23.483477,2.248598,14.531978,34.491432,3.2808404,8.700972,3.0701277,166.46358,Moderate,2019,10,5,Autumn
Amaravati,2019-10-06,67.45058,118.127106,17.57473,28.56066,32.309124,23.483477,2.248598,14.531978,34.491432,3.2808404,8.700972,3.0701277,166.46358,Moderate,2019,10,6,Autumn
Amaravati,2019-10-07,21.0,34.78,2.21,12.32,6.04,20.39,0.45,16.43,37.42,0.11,0.86,0.24,166.46358,Moderate,2019,10,7,Autumn
Amaravati,2019-10-08,23.31,39.09,2.21,12.18,8.29,17.46,0.55,18.77,31.69,0.05,1.04,0.3,50.0,Good,2019,10,8,Autumn
Amaravati,2019-10-09,27.63,44.01,3.3,11.48,8.92,17.92,0.89,18.89,31.23,0.15,1.48,0.26,78.0,Satisfactory,2019,10,9,Autumn
Amaravati,2019-10-10,21.05,31.3,5.93,14.29,12.62,11.94,0.7,12.85,24.81,0.16,2.59,0.27,45.0,Good,2019,10,10,Autumn
Amaravati,2019-10-11,18.12,33.96,5.09,11.78,10.49,12.69,0.46,14.24,17.41,0.12,2.45,0.54,43.0,Good,2019,10,11,Autumn
Amaravati,2019-10-12,7.09,24.44,2.65,7.41,6.2,10.75,0.65,13.87,29.37,0.14,1.13,0.27,72.0,Satisfactory,2019,10,12,Autumn
Amaravati,2019-10-13,7.08,21.25,3.19,7.96,6.83,9.64,0.45,13.99,26.75,0.05,1.45,0.37,46.0,Good,2019,10,13,Autumn
Amaravati,2019-10-14,9.79,26.48,3.35,11.9,9.14,8.4,0.65,14.02,30.06,0.08,1.85,0.39,74.0,Satisfactory,2019,10,14,Autumn
Amaravati,2019-10-15,32.29,56.07,2.67,12.02,8.66,12.43,0.72,15.53,47.76,0.37,4.97,0.46,55.0,Satisfactory,2019,10,15,Autumn
Amaravati,2019-10-16,40.0,67.65,3.08,13.18,9.6,12.31,0.64,15.3,51.95,0.34,4.49,0.32,72.0,Satisfactory,2019,10,16,Autumn
Amaravati,2019-10-17,19.31,36.71,5.32,13.02,11.34,10.32,0.52,11.22,28.81,0.26,4.8,0.42,51.0,Satisfactory,2019,10,17,Autumn
Amaravati,2019-10-18,9.48,25.78,3.47,11.3,8.92,9.41,0.58,12.14,27.95,0.13,2.5,0.32,43.0,Good,2019,10,18,Autumn
Amaravati,2019-10-19,13.78,24.72,3.08,10.61,8.24,10.25,0.47,11.83,29.61,0.21,3.14,0.24,41.0,Good,2019,10,19,Autumn
Amaravati,2019-10-20,8.12,21.82,1.93,7.85,5.75,8.66,0.53,11.39,34.36,0.08,2.0,0.18,52.0,Satisfactory,2019,10,20,Autumn
Amaravati,2019-10-21,9.99,25.65,3.25,12.56,9.33,8.36,0.72,8.72,29.54,0.2,3.97,0.22,72.0,Satisfactory,2019,10,21,Autumn
Amaravati,2019-10-22,9.29,20.41,8.72,16.43,15.93,7.32,0.59,11.26,25.66,0.25,2.18,0.28,44.0,Good,2019,10,22,Autumn
Amaravati,2019-10-23,11.75,23.54,3.84,13.51,10.4,8.03,0.72,10.68,23.48,0.15,1.74,0.16,71.0,Satisfactory,2019,10,23,Autumn
Amaravati,2019-10-24,7.14,23.73,4.15,11.84,9.76,7.79,0.5,8.21,28.73,0.19,1.11,0.23,40.0,Good,2019,10,24,Autumn
Amaravati,2019-10-25,7.53,26.41,3.75,10.7,8.83,7.21,0.46,5.29,25.04,0.14,1.46,0.16,39.0,Good,2019,10,25,Autumn
Amaravati,2019-10-26,11.82,27.75,3.59,11.1,8.92,7.35,0.72,9.54,24.82,0.2,3.1,0.22,69.0,Satisfactory,2019,10,26,Autumn
Amaravati,2019-10-27,18.57,36.29,3.0,9.97,7.46,8.32,0.76,14.66,22.53,0.23,3.37,0.22,49.0,Good,2019,10,27,Autumn
Amaravati,2019-10-28,38.32,53.68,3.85,9.76,8.42,7.89,0.55,18.55,30.26,0.24,2.71,0.17,67.0,Satisfactory,2019,10,28,Autumn
Amaravati,2019-10-29,19.51,39.12,3.98,13.01,10.25,8.33,0.65,15.46,29.36,0.22,3.84,0.24,48.0,Good,2019,10,29,Autumn
Amaravati,2019-10-30,18.54,35.57,6.02,13.63,12.23,8.18,0.62,12.08,28.76,0.2,2.33,0.22,48.0,Good,2019,10,30,Autumn
Amaravati,2019-10-31,12.01,28.41,7.47,13.82,13.43,6.44,0.64,11.34,25.6,0.27,4.01,0.29,45.0,Good,2019,10,31,Autumn
Amaravati,2019-11-01,12.95,35.12,6.0,13.44,12.11,6.68,0.58,12.65,31.2,0.17,2.21,0.2,64.0,Satisfactory,2019,11,1,Autumn
Amaravati,2019-11-02,18.41,39.48,7.8,11.45,12.51,7.12,0.6,11.51,31.08,0.16,1.6,0.16,49.0,Good,2019,11,2,Autumn
Amaravati,2019-11-03,42.98,74.55,5.08,15.53,12.48,9.29,0.67,12.3,45.78,0.31,2.35,0.18,74.0,Satisfactory,2019,11,3,Autumn
Amaravati,2019-11-04,56.76,101.39,4.62,20.7,14.85,10.74,0.68,17.89,41.87,0.44,5.99,0.21,94.0,Satisfactory,2019,11,4,Autumn
Amaravati,2019-11-05,78.45,137.41,6.19,26.0,19.23,11.21,0.82,29.06,42.11,0.59,5.45,0.28,122.0,Moderate,2019,11,5,Autumn
Amaravati,2019-11-06,89.53,148.15,4.0,22.79,15.39,13.0,0.89,20.75,42.72,0.79,9.7,0.27,190.0,Moderate,2019,11,6,Autumn
Amaravati,2019-11-07,85.95,135.44,4.35,24.78,16.8,13.37,1.04,15.74,47.62,0.58,5.05,0.22,198.0,Moderate,2019,11,7,Autumn
Amaravati,2019-11-08,81.5,128.86,3.06,20.13,13.3,13.9,0.93,21.32,52.53,0.46,4.72,0.17,174.0,Moderate,2019,11,8,Autumn
Amaravati,2019-11-09,77.93,128.41,2.23,14.09,9.4,13.92,0.75,20.18,58.79,0.59,4.45,0.19,168.0,Moderate,2019,11,9,Autumn
Amaravati,2019-11-10,51.46,82.75,1.84,12.24,8.01,11.48,0.64,11.75,44.89,0.49,2.46,0.12,126.0,Moderate,2019,11,10,Autumn
Amaravati,2019-11-11,39.26,68.41,2.81,16.23,10.92,10.87,0.67,10.97,39.44,0.33,2.9,0.11,77.0,Satisfactory,2019,11,11,Autumn
Amaravati,2019-11-12,37.5,69.2,4.33,20.42,14.47,10.74,0.91,11.84,34.42,0.22,2.58,0.16,94.0,Satisfactory,2019,11,12,Autumn
Amaravati,2019-11-13,45.41,76.67,2.6,14.75,10.05,10.82,0.64,13.6,50.03,0.26,4.34,0.1,73.0,Satisfactory,2019,11,13,Autumn
Amaravati,2019-11-14,50.33,91.06,3.02,16.68,11.42,10.46,0.93,10.82,59.48,0.36,2.64,0.24,101.0,Moderate,2019,11,14,Autumn
Amaravati,2019-11-15,60.86,97.67,2.41,13.27,9.11,10.84,0.8,15.36,60.81,0.28,3.78,0.11,100.0,Satisfactory,2019,11,15,Autumn
Amaravati,2019-11-16,64.88,104.25,2.5,15.42,10.32,11.54,1.04,15.4,47.96,0.35,4.66,0.17,115.0,Moderate,2019,11,16,Autumn
Amaravati,2019-11-17,63.97,109.47,2.43,18.14,11.62,11.38,0.83,22.37,37.65,0.21,4.76,0.12,127.0,Moderate,2019,11,17,Autumn
Amaravati,2019-11-18,42.45,72.25,2.7,14.32,9.89,10.74,0.81,15.71,37.44,0.16,2.7,0.14,90.0,Satisfactory,2019,11,18,Autumn
Amaravati,2019-11-19,62.31,89.89,2.51,14.9,10.06,12.77,1.0,16.91,49.95,0.22,1.34,0.18,98.0,Satisfactory,2019,11,19,Autumn
Amaravati,2019-11-20,80.27,113.24,2.34,12.84,8.83,13.44,0.79,14.86,60.68,0.31,1.85,0.12,162.0,Moderate,2019,11,20,Autumn
Amaravati,2019-11-21,63.19,97.39,2.34,13.46,9.15,11.1,0.98,12.61,65.38,0.48,2.41,0.1,141.0,Moderate,2019,11,21,Autumn
Amaravati,2019-11-22,53.15,87.02,2.74,15.54,10.58,9.58,0.65,7.74,55.76,0.6,12.8,0.11,94.0,Satisfactory,2019,11,22,Autumn
Amaravati,2019-11-23,63.39,100.23,2.4,15.36,10.21,11.13,0.71,12.64,48.1,0.63,6.28,0.17,97.0,Satisfactory,2019,11,23,Autumn
Amaravati,2019-11-24,76.12,111.89,1.96,16.19,10.21,11.83,0.83,13.3,51.68,0.66,8.57,0.17,136.0,Moderate,2019,11,24,Autumn
Amaravati,2019-11-25,83.5,121.3,2.75,15.78,10.74,13.62,0.81,14.34,61.97,0.56,4.21,0.14,167.0,Moderate,2019,11,25,Autumn
Amaravati,2019-11-26,79.85,124.9,2.61,16.51,10.24,13.29,1.15,17.76,62.87,0.73,3.13,0.16,174.0,Moderate,2019,11,26,Autumn
Amaravati,2019-11-27,68.76,109.47,2.82,21.1,13.61,11.88,0.92,19.3,55.76,0.71,6.18,0.2,151.0,Moderate,2019,11,27,Autumn
Amaravati,2019-11-28,57.83,88.67,2.46,14.13,9.61,10.05,0.78,15.1,51.67,0.4,2.13,0.15,121.0,Moderate,2019,11,28,Autumn
Amaravati,2019-11-29,35.69,63.76,2.11,14.42,9.39,9.11,0.67,14.59,43.35,0.49,8.64,0.14,78.0,Satisfactory,2019,11,29,Autumn
Amaravati,2019-11-30,55.2,86.24,2.55,12.3,8.72,11.27,0.81,18.46,44.15,0.21,4.76,0.1,79.0,Satisfactory,2019,11,30,Autumn
Amaravati,2019-12-01,65.14,106.58,2.68,16.03,10.7,15.72,0.95,9.83,43.92,0.15,2.41,3.0701277,94.0,Satisfactory,2019,12,1,Winter
Amaravati,2019-12-02,55.72,86.96,2.85,13.9,9.8,14.4,0.7,10.3,42.3,0.21,1.95,0.1,98.0,Satisfactory,2019,12,2,Winter
Amaravati,2019-12-03,63.99,97.97,2.93,14.49,10.18,17.28,0.72,14.19,43.47,0.28,2.0,0.1,100.0,Satisfactory,2019,12,3,Winter
Amaravati,2019-12-04,77.57,114.45,3.06,14.81,10.46,20.71,0.83,14.99,56.45,0.36,1.69,0.11,156.0,Moderate,2019,12,4,Winter
Amaravati,2019-12-05,82.76,122.21,3.15,22.64,14.7,18.82,0.78,29.74,55.26,0.85,8.1,0.14,160.0,Moderate,2019,12,5,Winter
Amaravati,2019-12-06,90.54,132.55,3.23,23.89,15.42,16.04,1.0,19.16,63.55,0.73,6.25,0.1,185.0,Moderate,2019,12,6,Winter
Amaravati,2019-12-07,61.25,98.77,3.05,19.42,12.92,12.59,0.95,17.57,60.61,0.86,7.98,3.0701277,174.0,Moderate,2019,12,7,Winter
Amaravati,2019-12-08,36.75,63.62,2.46,12.29,8.54,11.52,0.56,12.2,42.28,0.18,2.81,3.0701277,79.0,Satisfactory,2019,12,8,Winter
Amaravati,2019-12-09,24.96,49.69,4.02,15.4,11.55,10.42,0.52,13.35,37.78,0.24,7.47,3.0701277,61.0,Satisfactory,2019,12,9,Winter
Amaravati,2019-12-10,39.12,69.06,5.93,24.73,17.97,14.14,0.77,10.8,34.82,0.71,8.37,0.13,83.0,Satisfactory,2019,12,10,Winter
Amaravati,2019-12-11,51.44,82.17,4.9,22.53,15.96,13.61,0.68,12.58,36.02,0.76,4.92,0.16,86.0,Satisfactory,2019,12,11,Winter
Amaravati,2019-12-12,38.89,66.08,3.95,18.7,13.15,13.46,0.62,10.22,36.73,0.88,12.73,0.15,72.0,Satisfactory,2019,12,12,Winter
Amaravati,2019-12-13,35.8,62.14,3.3,16.11,11.24,16.42,0.62,12.83,39.73,0.49,4.63,0.12,66.0,Satisfactory,2019,12,13,Winter
Amaravati,2019-12-14,39.06,63.53,2.22,13.1,8.77,14.38,0.55,13.87,41.66,0.44,12.72,0.1,64.0,Satisfactory,2019,12,14,Winter
Amaravati,2019-12-15,47.53,79.0,2.62,17.58,11.48,13.85,0.65,17.05,41.13,0.66,10.29,0.19,73.0,Satisfactory,2019,12,15,Winter
Amaravati,2019-12-16,46.6,78.44,4.18,17.93,12.93,14.81,0.62,18.96,43.5,0.59,6.47,0.18,76.0,Satisfactory,2019,12,16,Winter
Amaravati,2019-12-17,67.15,107.1,4.36,25.62,17.18,19.74,0.84,12.22,47.84,1.2,9.82,0.25,96.0,Satisfactory,2019,12,17,Winter
Amaravati,2019-12-18,66.82,105.01,2.43,17.15,11.09,19.94,0.75,12.67,53.85,1.3,12.96,0.23,137.0,Moderate,2019,12,18,Winter
Amaravati,2019-12-19,83.16,120.25,2.51,17.41,11.31,23.06,0.76,17.03,49.59,1.33,14.69,0.13,138.0,Moderate,2019,12,19,Winter
Amaravati,2019-12-20,79.92,119.82,2.56,19.92,12.69,20.43,0.9,23.63,43.53,0.87,3.69,0.15,188.0,Moderate,2019,12,20,Winter
Amaravati,2019-12-21,83.64,118.52,1.83,15.67,9.82,19.48,0.84,16.5,50.47,0.94,4.12,0.12,166.0,Moderate,2019,12,21,Winter
Amaravati,2019-12-22,72.34,103.82,1.6,13.46,8.46,18.4,0.71,17.81,56.41,0.75,5.72,0.11,162.0,Moderate,2019,12,22,Winter
Amaravati,2019-12-23,72.99,104.91,1.88,13.46,8.68,17.61,0.69,11.56,57.63,0.93,4.69,0.12,147.0,Moderate,2019,12,23,Winter
Amaravati,2019-12-24,76.56,115.06,1.87,14.77,9.37,16.52,0.82,14.21,56.77,0.98,5.28,0.11,138.0,Moderate,2019,12,24,Winter
Amaravati,2019-12-25,84.51,120.22,1.73,13.16,8.41,14.6,0.95,17.69,54.0,1.19,3.31,0.12,194.0,Moderate,2019,12,25,Winter
Amaravati,2019-12-26,50.52,81.46,2.37,14.79,9.79,13.24,0.59,13.86,32.95,0.89,2.1,0.12,114.0,Moderate,2019,12,26,Winter
Amaravati,2019-12-27,41.79,73.58,3.48,17.65,12.21,13.75,0.63,14.1,29.21,0.74,2.45,0.13,77.0,Satisfactory,2019,12,27,Winter
Amaravati,2019-12-28,57.09,88.15,2.19,15.8,10.17,15.74,0.78,9.56,35.44,0.92,2.46,0.12,79.0,Satisfactory,2019,12,28,Winter
Amaravati,2019-12-29,74.45,110.95,1.54,12.5,7.89,16.66,0.75,19.09,59.61,1.04,2.28,0.15,133.0,Moderate,2019,12,29,Winter
Amaravati,2019-12-30,59.42,90.44,1.63,12.73,8.09,14.39,0.92,20.55,63.08,0.87,6.68,0.15,131.0,Moderate,2019,12,30,Winter
Amaravati,2019-12-31,49.5,80.8,1.67,12.64,8.05,14.44,0.64,17.14,64.8,0.7,1.44,0.11,87.0,Satisfactory,2019,12,31,Winter
Amaravati,2020-01-01,59.64,88.85,1.67,12.12,7.81,14.99,0.77,17.53,57.26,0.89,3.38,0.12,96.0,Satisfactory,2020,1,1,Winter
Amaravati,2020-01-02,42.46,65.39,1.72,12.17,7.87,14.75,0.73,17.09,55.17,0.79,2.12,0.11,82.0,Satisfactory,2020,1,2,Winter
Amaravati,2020-01-03,39.07,62.93,1.81,13.53,8.67,14.43,0.69,22.14,43.7,0.77,3.4,0.17,76.0,Satisfactory,2020,1,3,Winter
Amaravati,2020-01-04,22.79,38.35,2.27,18.79,11.83,14.34,0.64,19.87,23.59,0.6,5.88,0.24,47.0,Good,2020,1,4,Winter
Amaravati,2020-01-05,37.81,56.66,1.73,12.98,8.31,20.69,0.63,14.68,36.53,0.6,1.94,0.14,55.0,Satisfactory,2020,1,5,Winter
Amaravati,2020-01-06,38.82,61.4,1.9,11.64,7.75,21.22,0.65,18.74,48.53,0.58,1.28,0.11,66.0,Satisfactory,2020,1,6,Winter
Amaravati,2020-01-07,69.49,97.7,1.95,12.04,8.0,20.46,0.68,17.89,59.37,0.71,1.24,0.1,109.0,Moderate,2020,1,7,Winter
Amaravati,2020-01-08,53.32,75.4,1.81,11.47,7.58,16.98,0.64,15.37,53.9,0.55,1.0,0.1,103.0,Moderate,2020,1,8,Winter
Amaravati,2020-01-09,37.23,62.09,1.83,13.23,8.52,15.63,0.53,13.54,46.31,0.5,0.92,0.11,78.0,Satisfactory,2020,1,9,Winter
Amaravati,2020-01-10,51.22,84.62,3.18,21.49,14.02,17.07,0.67,20.19,36.26,0.85,4.41,0.21,70.0,Satisfactory,2020,1,10,Winter
Amaravati,2020-01-11,66.57,100.98,1.91,16.47,10.31,18.55,0.76,18.45,37.24,0.65,2.92,0.19,110.0,Moderate,2020,1,11,Winter
Amaravati,2020-01-12,78.28,109.42,2.34,16.82,10.84,18.62,0.8,24.75,47.01,0.74,3.26,0.12,147.0,Moderate,2020,1,12,Winter
Amaravati,2020-01-13,85.67,121.55,2.61,20.64,13.1,20.95,0.95,32.97,47.84,1.08,5.83,0.22,177.0,Moderate,2020,1,13,Winter
Amaravati,2020-01-14,82.66,111.92,1.62,14.0,8.76,19.57,0.85,17.11,56.49,0.91,1.78,0.13,168.0,Moderate,2020,1,14,Winter
Amaravati,2020-01-15,68.4,90.93,1.72,11.06,7.27,19.03,0.76,18.33,48.09,0.79,1.9,0.13,163.0,Moderate,2020,1,15,Winter
Amaravati,2020-01-16,56.44,75.95,1.57,10.33,6.65,21.41,0.64,9.86,47.51,0.52,2.58,0.1,108.0,Moderate,2020,1,16,Winter
Amaravati,2020-01-17,45.81,66.69,2.1,11.52,7.83,15.1,0.66,15.86,44.3,0.52,1.06,0.1,82.0,Satisfactory,2020,1,17,Winter
Amaravati,2020-01-18,31.59,51.42,2.23,8.68,6.43,12.88,0.6,12.33,35.43,0.23,0.95,0.1,60.0,Satisfactory,2020,1,18,Winter
Amaravati,2020-01-19,36.62,58.14,2.01,10.43,7.18,13.99,0.69,16.57,35.86,0.26,0.79,0.1,58.0,Satisfactory,2020,1,19,Winter
Amaravati,2020-01-20,31.22,57.33,3.69,16.9,11.99,14.42,0.63,14.64,33.25,0.38,1.44,0.14,62.0,Satisfactory,2020,1,20,Winter
Amaravati,2020-01-21,29.88,55.3,4.31,15.62,11.81,16.82,0.63,14.09,35.92,0.41,1.34,0.14,63.0,Satisfactory,2020,1,21,Winter
Amaravati,2020-01-22,37.56,65.26,2.86,14.76,10.17,17.54,0.65,14.71,41.22,0.37,1.33,0.11,63.0,Satisfactory,2020,1,22,Winter
Amaravati,2020-01-23,59.33,93.3,3.08,17.94,12.04,18.24,0.75,18.29,40.9,0.43,1.41,0.15,87.0,Satisfactory,2020,1,23,Winter
Amaravati,2020-01-24,61.4,96.6,2.53,15.34,10.21,18.05,0.73,23.54,43.29,0.69,2.14,0.14,101.0,Moderate,2020,1,24,Winter
Amaravati,2020-01-25,51.18,76.33,1.67,11.66,7.55,18.53,0.64,18.69,46.21,0.49,0.9,0.1,98.0,Satisfactory,2020,1,25,Winter
Amaravati,2020-01-26,38.39,63.99,2.48,15.39,10.2,16.55,0.61,20.0,36.83,0.46,1.14,0.15,77.0,Satisfactory,2020,1,26,Winter
Amaravati,2020-01-27,34.56,62.65,2.89,16.51,11.14,17.89,0.57,19.73,44.57,0.42,0.92,0.13,74.0,Satisfactory,2020,1,27,Winter
Amaravati,2020-01-28,33.62,60.66,2.5,14.78,9.89,16.7,0.52,20.29,36.88,0.32,0.61,0.12,65.0,Satisfactory,2020,1,28,Winter
Amaravati,2020-01-29,29.98,51.68,2.24,9.21,6.72,17.48,0.52,12.76,32.35,0.23,0.36,0.11,59.0,Satisfactory,2020,1,29,Winter
Amaravati,2020-01-30,32.18,60.01,2.65,13.11,9.13,15.9,0.55,15.43,36.9,0.31,0.65,0.1,59.0,Satisfactory,2020,1,30,Winter
Amaravati,2020-01-31,26.72,53.9,3.71,15.53,11.29,15.51,0.49,19.06,32.28,0.34,0.8,0.12,66.0,Satisfactory,2020,1,31,Winter
Amaravati,2020-02-01,21.22,43.36,2.75,12.12,8.68,13.05,0.45,18.25,31.33,0.24,0.49,0.12,52.0,Satisfactory,2020,2,1,Winter
Amaravati,2020-02-02,19.94,42.27,2.1,10.35,7.22,13.25,0.47,13.38,31.97,0.26,0.91,0.13,47.0,Good,2020,2,2,Winter
Amaravati,2020-02-03,24.44,47.41,3.38,12.27,9.27,14.49,0.54,15.16,30.12,0.36,0.95,0.17,48.0,Good,2020,2,3,Winter
Amaravati,2020-02-04,27.24,49.64,3.19,14.18,10.14,14.24,0.52,16.38,32.33,0.36,0.82,0.17,54.0,Satisfactory,2020,2,4,Winter
Amaravati,2020-02-05,25.74,46.38,2.92,11.44,8.46,15.08,0.52,19.32,36.58,0.33,0.67,0.13,54.0,Satisfactory,2020,2,5,Winter
Amaravati,2020-02-06,20.12,42.08,4.32,14.78,11.37,14.0,0.52,15.01,27.59,0.38,1.08,0.17,47.0,Good,2020,2,6,Winter
Amaravati,2020-02-07,16.85,37.38,2.13,9.88,6.98,14.69,0.44,18.3,36.72,0.18,0.33,0.13,44.0,Good,2020,2,7,Winter
Amaravati,2020-02-08,22.46,41.78,1.94,10.81,7.33,15.98,0.38,20.25,35.46,0.23,0.33,0.1,45.0,Good,2020,2,8,Winter
Amaravati,2020-02-09,38.73,63.42,2.15,16.17,10.34,15.89,0.62,17.41,35.62,0.69,2.28,0.17,51.0,Satisfactory,2020,2,9,Winter
Amaravati,2020-02-10,36.26,56.64,2.36,14.25,9.51,18.78,0.53,17.68,46.43,0.58,1.45,0.12,65.0,Satisfactory,2020,2,10,Winter
Amaravati,2020-02-11,45.14,73.27,2.37,13.84,9.3,18.61,0.6,18.99,53.62,0.64,1.74,0.14,70.0,Satisfactory,2020,2,11,Winter
Amaravati,2020-02-12,59.61,94.82,2.4,17.03,11.02,19.76,0.67,21.32,55.77,0.74,3.79,0.13,86.0,Satisfactory,2020,2,12,Winter
Amaravati,2020-02-13,61.24,99.2,3.15,25.9,16.33,20.39,0.64,34.59,46.13,0.73,2.66,0.21,110.0,Moderate,2020,2,13,Winter
Amaravati,2020-02-14,43.11,76.55,2.24,16.21,10.44,18.22,0.52,23.05,46.64,0.45,1.41,0.13,87.0,Satisfactory,2020,2,14,Winter
Amaravati,2020-02-15,64.53,110.64,2.58,23.25,14.46,21.25,0.78,27.95,53.69,1.01,5.19,0.37,103.0,Moderate,2020,2,15,Winter
Amaravati,2020-02-16,37.53,64.2,1.97,14.1,9.09,21.98,0.44,15.75,40.59,0.41,1.1,0.14,88.0,Satisfactory,2020,2,16,Winter
Amaravati,2020-02-17,29.12,54.82,3.8,14.06,10.57,18.64,0.44,19.12,41.62,0.39,1.15,0.14,66.0,Satisfactory,2020,2,17,Winter
Amaravati,2020-02-18,31.68,62.23,2.77,14.53,9.98,18.14,0.48,20.98,37.94,0.46,1.51,0.18,66.0,Satisfactory,2020,2,18,Winter
Amaravati,2020-02-19,40.98,69.15,2.22,14.6,9.58,19.11,0.46,18.62,39.9,0.33,0.97,0.14,65.0,Satisfactory,2020,2,19,Winter
Amaravati,2020-02-20,49.1,74.88,2.17,12.98,8.68,17.4,0.44,17.74,49.28,0.31,0.67,0.14,77.0,Satisfactory,2020,2,20,Winter
Amaravati,2020-02-21,35.92,61.83,1.79,11.83,7.74,13.53,0.47,16.2,42.11,0.38,1.02,0.16,74.0,Satisfactory,2020,2,21,Winter
Amaravati,2020-02-22,27.13,54.16,1.78,12.98,8.34,10.6,0.48,20.2,39.74,0.49,6.94,0.13,60.0,Satisfactory,2020,2,22,Winter
Amaravati,2020-02-23,34.81,62.43,1.99,14.44,9.3,12.6,0.77,13.0,44.47,0.44,2.7,0.15,82.0,Satisfactory,2020,2,23,Winter
Amaravati,2020-02-24,31.66,53.22,1.94,9.29,6.53,14.42,0.62,15.94,46.68,0.18,1.19,0.12,68.0,Satisfactory,2020,2,24,Winter
Amaravati,2020-02-25,24.86,47.43,2.38,10.73,7.64,12.94,0.61,16.73,39.9,0.22,0.5,0.12,53.0,Satisfactory,2020,2,25,Winter
Amaravati,2020-02-26,31.28,59.42,2.46,13.15,8.99,15.78,0.81,19.56,40.48,0.43,1.57,0.18,78.0,Satisfactory,2020,2,26,Winter
Amaravati,2020-02-27,38.85,67.95,2.65,13.49,9.33,14.82,0.86,22.27,43.97,0.28,1.8,0.16,73.0,Satisfactory,2020,2,27,Winter
Amaravati,2020-02-28,31.99,57.18,2.22,10.99,7.67,14.0,0.66,23.6,51.47,0.43,1.47,0.11,68.0,Satisfactory,2020,2,28,Winter
Amaravati,2020-02-29,35.99,59.72,1.87,10.24,6.96,13.49,0.52,18.21,51.81,0.32,0.83,0.12,65.0,Satisfactory,2020,2,29,Winter
Amaravati,2020-03-01,32.99,56.46,1.68,8.29,5.77,12.67,0.48,19.32,52.32,0.26,0.5,0.13,67.0,Satisfactory,2020,3,1,Spring
Amaravati,2020-03-02,39.84,62.14,2.35,11.69,8.11,12.86,0.56,24.7,49.09,0.25,0.63,0.17,67.0,Satisfactory,2020,3,2,Spring
Amaravati,2020-03-03,40.19,64.95,2.55,10.71,7.77,12.84,0.58,22.82,45.68,0.27,0.64,0.14,70.0,Satisfactory,2020,3,3,Spring
Amaravati,2020-03-04,35.95,59.47,2.76,12.61,8.95,12.21,0.55,17.88,38.71,0.28,0.69,0.12,66.0,Satisfactory,2020,3,4,Spring
Amaravati,2020-03-05,20.14,31.66,2.18,7.85,5.94,10.82,0.49,18.35,26.21,0.13,0.32,0.1,47.0,Good,2020,3,5,Spring
Amaravati,2020-03-06,19.0,31.65,1.94,5.45,4.48,10.31,0.48,17.86,29.66,0.14,0.18,3.0701277,36.0,Good,2020,3,6,Spring
Amaravati,2020-03-07,14.26,24.49,2.46,6.19,5.28,10.4,0.52,12.13,26.65,0.13,0.29,0.1,35.0,Good,2020,3,7,Spring
Amaravati,2020-03-08,10.28,22.95,2.09,8.15,6.03,8.47,0.49,29.5,24.62,0.1,0.42,0.1,35.0,Good,2020,3,8,Spring
Amaravati,2020-03-09,12.37,22.79,3.17,9.77,7.78,9.65,0.54,18.18,19.25,0.09,0.69,0.1,42.0,Good,2020,3,9,Spring
Amaravati,2020-03-10,10.63,22.11,2.43,7.78,6.12,9.32,0.46,25.19,24.48,0.09,0.56,0.1,35.0,Good,2020,3,10,Spring
Amaravati,2020-03-11,11.08,19.3,2.13,5.99,4.92,8.81,0.48,20.86,23.99,0.03,0.33,3.0701277,35.0,Good,2020,3,11,Spring
Amaravati,2020-03-12,12.73,24.73,2.25,5.62,4.83,10.53,0.49,17.37,25.1,0.01,0.26,3.0701277,38.0,Good,2020,3,12,Spring
Amaravati,2020-03-13,18.17,33.52,2.24,5.74,4.88,9.23,0.45,14.83,25.04,0.02,0.24,3.0701277,35.0,Good,2020,3,13,Spring
Amaravati,2020-03-14,23.78,44.16,1.98,8.07,5.91,9.98,0.49,21.65,27.22,0.11,0.65,0.18,48.0,Good,2020,3,14,Spring
Amaravati,2020-03-15,25.83,45.42,2.21,7.94,6.02,9.82,0.47,22.1,28.67,0.18,0.78,0.19,48.0,Good,2020,3,15,Spring
Amaravati,2020-03-16,27.28,47.52,2.65,9.42,7.16,10.82,0.57,19.49,28.25,0.19,0.88,0.13,48.0,Good,2020,3,16,Spring
Amaravati,2020-03-17,31.49,49.92,1.93,8.93,6.32,10.09,0.64,19.67,34.5,0.18,0.6,0.1,54.0,Satisfactory,2020,3,17,Spring
Amaravati,2020-03-18,19.45,36.11,2.41,9.54,7.05,9.35,0.58,16.2,31.44,0.11,0.56,0.1,48.0,Good,2020,3,18,Spring
Amaravati,2020-03-19,18.86,35.92,2.32,8.13,6.23,9.31,0.55,19.8,32.35,0.1,0.56,0.1,51.0,Satisfactory,2020,3,19,Spring
Amaravati,2020-03-20,15.23,28.92,2.14,7.4,5.67,10.07,0.49,25.54,28.78,0.08,0.51,0.1,43.0,Good,2020,3,20,Spring
Amaravati,2020-03-21,13.9,26.07,1.78,5.15,4.18,8.51,0.49,23.29,25.43,0.04,0.29,0.15,37.0,Good,2020,3,21,Spring
Amaravati,2020-03-22,25.49,42.7,1.46,4.19,3.42,10.08,0.48,23.0,27.87,0.05,0.24,3.0701277,39.0,Good,2020,3,22,Spring
Amaravati,2020-03-23,26.01,50.98,1.54,4.65,3.73,8.62,0.45,24.44,29.73,0.07,0.33,0.1,51.0,Satisfactory,2020,3,23,Spring
Amaravati,2020-03-24,17.19,39.17,1.39,4.81,3.69,7.58,0.46,20.71,28.52,0.08,0.42,0.14,47.0,Good,2020,3,24,Spring
Amaravati,2020-03-25,16.77,35.65,1.38,4.29,3.41,7.58,1.47,18.95,27.74,0.07,0.33,0.1,101.0,Moderate,2020,3,25,Spring
Amaravati,2020-03-26,23.67,44.23,1.58,4.99,3.94,7.93,0.66,18.8,29.32,0.15,0.66,0.16,108.0,Moderate,2020,3,26,Spring
Amaravati,2020-03-27,25.36,50.63,1.51,4.69,3.74,8.2,0.23,21.49,37.28,0.08,0.31,0.1,52.0,Satisfactory,2020,3,27,Spring
Amaravati,2020-03-28,25.12,52.01,1.52,4.71,3.74,7.88,0.25,22.1,43.19,0.09,0.39,0.15,61.0,Satisfactory,2020,3,28,Spring
Amaravati,2020-03-29,26.96,53.31,1.29,5.11,3.77,7.91,0.37,19.29,38.57,0.13,0.65,0.1,58.0,Satisfactory,2020,3,29,Spring
Amaravati,2020-03-30,30.36,60.36,1.45,5.2,3.92,8.01,0.37,22.14,45.51,0.11,0.25,3.0701277,58.0,Satisfactory,2020,3,30,Spring
Amaravati,2020-03-31,29.86,55.8,1.39,4.52,3.54,8.81,0.28,23.12,44.17,0.08,0.33,0.1,69.0,Satisfactory,2020,3,31,Spring
Amaravati,2020-04-01,34.77,63.95,1.4,5.03,3.81,9.07,0.25,25.11,40.76,0.11,0.47,0.1,69.0,Satisfactory,2020,4,1,Spring
Amaravati,2020-04-02,29.77,59.98,1.38,4.32,3.42,8.71,2.248598,20.53,32.28,0.07,0.29,0.1,59.0,Satisfactory,2020,4,2,Spring
Amaravati,2020-04-03,30.52,54.56,1.38,4.05,3.27,8.95,2.248598,29.01,19.3,0.04,0.33,3.0701277,59.0,Satisfactory,2020,4,3,Spring
Amaravati,2020-04-04,30.58,53.17,1.41,3.65,3.09,8.16,2.248598,21.14,30.65,0.05,0.2,0.1,55.0,Satisfactory,2020,4,4,Spring
Amaravati,2020-04-05,23.9,46.95,1.34,3.93,3.18,7.68,2.248598,19.38,25.31,0.02,0.26,0.18,51.0,Satisfactory,2020,4,5,Spring
Amaravati,2020-04-06,16.28,33.84,1.54,3.77,3.25,7.66,2.248598,20.08,17.23,0.02,0.18,3.0701277,39.0,Good,2020,4,6,Spring
Amaravati,2020-04-07,11.01,28.46,1.46,3.53,3.07,7.63,2.248598,17.69,16.26,0.04,0.19,3.0701277,30.0,Good,2020,4,7,Spring
Amaravati,2020-04-08,16.58,36.98,1.45,4.27,3.46,7.28,2.248598,19.86,25.67,0.01,0.22,0.1,38.0,Good,2020,4,8,Spring
Amaravati,2020-04-09,18.11,38.01,1.51,5.44,4.12,7.74,2.248598,24.28,43.68,0.15,0.49,0.1,52.0,Satisfactory,2020,4,9,Spring
Amaravati,2020-04-10,21.17,41.26,1.3,6.54,4.25,6.25,0.0,13.94,36.65,0.32,1.26,0.17,53.0,Satisfactory,2020,4,10,Spring
Amaravati,2020-04-11,13.72,31.06,1.4,4.58,3.58,6.74,0.0,15.56,26.1,0.05,0.54,0.16,42.0,Good,2020,4,11,Spring
Amaravati,2020-04-12,16.75,36.94,1.33,4.59,3.53,6.79,0.0,13.59,25.74,0.05,0.36,3.0701277,44.0,Good,2020,4,12,Spring
Amaravati,2020-04-13,18.38,40.46,1.31,4.91,3.66,7.17,0.0,14.3,27.51,0.05,0.38,0.1,47.0,Good,2020,4,13,Spring
Amaravati,2020-04-14,19.77,45.79,1.4,4.99,3.77,7.23,0.0,14.56,26.57,0.06,0.36,3.0701277,50.0,Good,2020,4,14,Spring
Amaravati,2020-04-15,18.62,45.2,1.48,4.5,3.6,6.92,0.0,14.12,30.13,0.06,0.29,0.1,51.0,Satisfactory,2020,4,15,Spring
Amaravati,2020-04-16,17.21,38.03,1.45,4.4,3.53,6.84,0.0,13.37,24.22,0.03,0.28,3.0701277,43.0,Good,2020,4,16,Spring
Amaravati,2020-04-17,13.28,40.72,1.37,4.83,3.68,7.29,0.0,12.24,25.98,0.06,0.31,0.1,40.0,Good,2020,4,17,Spring
Amaravati,2020-04-18,7.38,26.67,1.37,3.7,3.09,6.49,2.248598,13.63,25.12,0.02,0.25,3.0701277,41.0,Good,2020,4,18,Spring
Amaravati,2020-04-19,7.59,24.92,1.44,3.52,3.04,6.17,2.248598,13.62,23.68,0.03,0.23,3.0701277,35.0,Good,2020,4,19,Spring
Amaravati,2020-04-20,7.81,23.53,1.5,4.13,3.42,6.17,2.248598,15.82,19.01,0.01,0.25,0.1,30.0,Good,2020,4,20,Spring
Amaravati,2020-04-21,7.35,20.8,1.47,4.16,3.4,5.9,2.248598,13.92,18.71,0.02,0.25,3.0701277,26.0,Good,2020,4,21,Spring
Amaravati,2020-04-22,9.51,24.12,1.32,3.97,2.97,6.56,0.0,12.29,19.18,0.05,0.23,3.0701277,26.0,Good,2020,4,22,Spring
Amaravati,2020-04-23,11.34,26.66,1.39,3.97,3.24,6.59,0.0,14.531978,21.01,0.02,0.23,3.0701277,30.0,Good,2020,4,23,Spring
Amaravati,2020-04-24,9.36,26.24,1.39,3.87,3.19,6.41,0.0,14.531978,22.75,0.02,0.19,3.0701277,31.0,Good,2020,4,24,Spring
Amaravati,2020-04-25,14.44,38.88,1.36,4.26,3.38,6.81,0.0,14.531978,31.0,0.0,0.2,3.0701277,43.0,Good,2020,4,25,Spring
Amaravati,2020-04-26,11.9,29.15,1.33,6.18,4.37,5.43,0.0,14.531978,44.57,0.06,0.31,3.0701277,56.0,Satisfactory,2020,4,26,Spring
Amaravati,2020-04-27,16.45,32.26,1.41,5.66,4.17,7.0,0.0,14.531978,36.76,0.06,0.24,3.0701277,52.0,Satisfactory,2020,4,27,Spring
Amaravati,2020-04-28,10.61,33.88,1.46,5.21,3.95,5.9,0.0,14.531978,32.29,0.05,0.43,0.12,41.0,Good,2020,4,28,Spring
Amaravati,2020-04-29,35.38,63.42,1.42,11.76,7.42,7.98,0.0,14.531978,34.99,0.36,0.81,0.1,43.0,Good,2020,4,29,Spring
Amaravati,2020-04-30,26.8,50.65,1.35,6.22,4.41,7.86,0.0,19.3,39.46,0.08,0.47,3.0701277,56.0,Satisfactory,2020,4,30,Spring
Amaravati,2020-05-01,28.33,54.31,1.4,4.92,3.75,9.08,2.248598,14.34,37.13,0.03,0.3,3.0701277,51.0,Satisfactory,2020,5,1,Spring
Amaravati,2020-05-02,24.11,50.38,1.37,4.1,3.3,9.1,2.248598,8.61,36.34,0.01,0.22,3.0701277,60.0,Satisfactory,2020,5,2,Spring
Amaravati,2020-05-03,21.42,54.69,1.45,4.25,3.44,8.33,2.248598,7.58,31.83,0.01,0.25,3.0701277,52.0,Satisfactory,2020,5,3,Spring
Amaravati,2020-05-04,22.79,56.2,1.46,4.24,3.44,8.16,2.248598,7.55,30.11,0.03,0.25,3.0701277,55.0,Satisfactory,2020,5,4,Spring
Amaravati,2020-05-05,67.45058,11.0,1.12,10.39,4.17,5.07,2.248598,20.43,13.04,0.02,0.2,3.0701277,58.0,Satisfactory,2020,5,5,Spring
Amaravati,2020-05-06,14.28,35.43,1.65,5.46,4.24,8.57,2.248598,6.68,19.59,0.02,0.29,3.0701277,44.0,Good,2020,5,6,Spring
Amaravati,2020-05-07,18.76,41.98,1.52,5.55,3.77,8.35,2.248598,7.49,19.9,0.02,0.33,3.0701277,45.0,Good,2020,5,7,Spring
Amaravati,2020-05-08,18.81,47.91,1.44,5.84,4.27,8.22,2.248598,8.18,23.44,0.02,0.28,3.0701277,43.0,Good,2020,5,8,Spring
Amaravati,2020-05-09,18.48,43.55,1.28,4.73,3.54,7.79,2.248598,7.27,24.81,0.02,0.27,3.0701277,54.0,Satisfactory,2020,5,9,Spring
Amaravati,2020-05-10,14.26,34.12,1.36,4.75,3.64,7.39,2.248598,8.02,23.19,0.07,0.47,137.45,42.0,Good,2020,5,10,Spring
Amaravati,2020-05-11,17.1,44.23,1.56,6.38,4.65,7.21,2.248598,5.75,20.46,0.05,0.51,3.0701277,43.0,Good,2020,5,11,Spring
Amaravati,2020-05-12,13.9,36.24,1.5,5.16,3.81,7.31,2.248598,13.56,19.85,0.05,0.36,3.0701277,39.0,Good,2020,5,12,Spring
Amaravati,2020-05-13,13.11,36.14,1.52,4.87,3.64,6.48,2.248598,9.04,19.71,0.04,0.32,3.0701277,41.0,Good,2020,5,13,Spring
Amaravati,2020-05-14,12.05,34.03,1.5,4.68,3.71,6.75,2.248598,7.64,17.21,0.03,0.3,3.0701277,36.0,Good,2020,5,14,Spring
Amaravati,2020-05-15,13.47,36.01,1.52,5.95,4.37,5.54,2.248598,8.83,21.83,0.06,0.54,3.0701277,39.0,Good,2020,5,15,Spring
Amaravati,2020-05-16,67.45058,35.01,1.47,5.28,4.02,6.14,2.248598,9.38,28.31,0.03,0.52,3.0701277,41.0,Good,2020,5,16,Spring
Amaravati,2020-05-17,67.45058,44.57,1.78,14.19,8.73,8.16,2.248598,11.96,29.87,0.05,0.94,3.0701277,48.0,Good,2020,5,17,Spring
Amaravati,2020-05-18,30.46,54.8,5.95,14.07,12.33,7.88,2.248598,10.08,33.55,0.13,1.07,0.1,55.0,Satisfactory,2020,5,18,Spring
Amaravati,2020-05-19,34.15,71.94,1.64,15.46,9.56,8.67,2.248598,10.28,51.22,0.14,1.45,3.0701277,77.0,Satisfactory,2020,5,19,Spring
Amaravati,2020-05-20,41.46,108.2,1.56,16.97,9.83,9.88,2.248598,13.83,49.1,0.31,2.08,0.22,93.0,Satisfactory,2020,5,20,Spring
Amaravati,2020-05-21,27.66,102.68,1.43,11.41,6.96,8.65,2.248598,10.27,50.56,0.2,1.08,3.0701277,105.0,Moderate,2020,5,21,Spring
Amaravati,2020-05-22,29.9,103.68,1.47,10.11,6.4,11.55,0.38,12.04,52.47,0.16,0.82,0.1,103.0,Moderate,2020,5,22,Spring
Amaravati,2020-05-23,21.15,72.04,1.51,4.87,3.81,12.22,0.52,9.79,50.76,0.02,0.24,3.0701277,88.0,Satisfactory,2020,5,23,Spring
Amaravati,2020-05-24,18.09,60.29,1.41,4.2,3.39,10.29,0.45,8.1,48.0,5.09,0.2,4.95,66.0,Satisfactory,2020,5,24,Spring
Amaravati,2020-05-25,16.93,57.4,1.42,3.63,3.07,11.22,0.47,7.48,40.43,6.44,0.26,3.0701277,57.0,Satisfactory,2020,5,25,Spring
Amaravati,2020-05-26,22.01,72.96,1.57,3.89,3.35,11.74,0.49,7.24,48.22,0.42,0.31,3.0701277,69.0,Satisfactory,2020,5,26,Spring
Amaravati,2020-05-27,24.22,66.04,1.39,4.33,3.44,11.7,0.5,7.19,24.36,4.9,0.42,84.72,69.0,Satisfactory,2020,5,27,Spring
Amaravati,2020-05-28,25.16,66.12,1.57,5.41,4.15,12.46,0.6,7.99,13.71,0.44,0.38,0.1,64.0,Satisfactory,2020,5,28,Spring
Amaravati,2020-05-29,20.96,68.44,1.52,5.69,4.27,10.97,0.6,10.85,17.45,0.08,0.49,0.1,70.0,Satisfactory,2020,5,29,Spring
Amaravati,2020-05-30,22.5,62.08,1.46,6.94,4.87,10.98,0.57,17.09,21.62,0.09,0.67,0.12,63.0,Satisfactory,2020,5,30,Spring
Amaravati,2020-05-31,19.96,58.07,1.42,5.43,4.05,10.08,0.55,9.11,21.51,0.05,0.34,0.3,62.0,Satisfactory,2020,5,31,Spring
Amaravati,2020-06-01,8.09,37.02,1.58,9.29,6.22,4.7,0.48,9.85,14.81,0.12,1.75,0.12,46.0,Good,2020,6,1,Summer
Amaravati,2020-06-02,12.78,38.24,1.66,9.72,6.52,10.11,0.51,6.61,18.39,0.09,1.19,0.22,41.0,Good,2020,6,2,Summer
Amaravati,2020-06-03,10.23,35.22,1.85,10.19,6.6,7.4,0.5,12.47,19.36,0.1,1.18,0.19,40.0,Good,2020,6,3,Summer
Amaravati,2020-06-04,7.89,34.52,1.76,11.09,7.33,7.17,0.54,16.74,18.72,0.05,0.45,0.1,39.0,Good,2020,6,4,Summer
Amaravati,2020-06-05,9.33,36.04,1.6,8.83,5.99,8.01,0.44,11.48,30.3,0.08,0.47,0.1,58.0,Satisfactory,2020,6,5,Summer
Amaravati,2020-06-06,10.14,43.39,1.33,7.06,4.83,6.2,0.42,12.83,35.22,0.09,0.55,0.19,44.0,Good,2020,6,6,Summer
Amaravati,2020-06-07,11.49,47.69,1.48,6.9,4.87,6.93,0.42,12.34,38.36,0.06,0.36,0.1,50.0,Good,2020,6,7,Summer
Amaravati,2020-06-08,12.19,49.5,1.62,10.16,6.72,7.12,0.44,11.95,38.42,0.1,0.7,0.15,54.0,Satisfactory,2020,6,8,Summer
Amaravati,2020-06-09,10.39,44.35,1.56,10.06,6.61,6.04,0.5,15.46,40.05,0.09,0.76,0.22,61.0,Satisfactory,2020,6,9,Summer
Amaravati,2020-06-10,10.18,25.24,8.5,15.4,15.51,9.51,0.59,13.75,40.65,0.09,1.21,0.17,58.0,Satisfactory,2020,6,10,Summer
Amaravati,2020-06-11,5.6,12.17,2.27,14.58,9.6,9.96,0.51,18.82,42.45,0.11,1.63,0.1,53.0,Satisfactory,2020,6,11,Summer
Amaravati,2020-06-12,4.7,12.83,1.66,10.03,6.69,8.76,0.53,13.34,34.37,0.08,0.52,0.1,47.0,Good,2020,6,12,Summer
Amaravati,2020-06-13,4.65,12.76,1.48,8.44,5.7,7.97,0.48,12.34,35.22,0.06,0.28,0.1,44.0,Good,2020,6,13,Summer
Amaravati,2020-06-14,11.71,25.81,1.6,8.06,5.6,8.67,0.53,16.01,39.34,0.07,0.57,0.29,47.0,Good,2020,6,14,Summer
Amaravati,2020-06-15,10.07,24.04,2.12,9.21,6.62,8.73,0.48,12.19,33.82,0.06,0.41,0.1,41.0,Good,2020,6,15,Summer
Amaravati,2020-06-16,11.61,31.52,4.88,16.7,12.86,8.35,0.5,16.28,31.19,0.09,0.78,0.36,39.0,Good,2020,6,16,Summer
Amaravati,2020-06-17,8.73,18.33,4.64,16.26,11.66,10.3,0.38,17.54,29.47,0.09,0.54,0.2,36.0,Good,2020,6,17,Summer
Amaravati,2020-06-18,11.2,27.86,3.27,12.95,9.54,12.91,0.62,17.81,31.9,0.1,0.81,0.19,42.0,Good,2020,6,18,Summer
Amaravati,2020-06-19,11.03,34.97,3.18,13.74,9.89,8.92,0.64,10.39,31.37,0.14,1.43,0.32,43.0,Good,2020,6,19,Summer
Amaravati,2020-06-20,16.99,45.43,1.52,9.48,6.27,8.6,0.55,11.19,41.25,0.11,1.29,0.16,55.0,Satisfactory,2020,6,20,Summer
Amaravati,2020-06-21,12.74,30.83,1.66,10.27,6.81,9.45,0.59,13.28,34.95,0.13,0.77,0.15,50.0,Good,2020,6,21,Summer
Amaravati,2020-06-22,17.97,50.49,2.05,12.1,8.1,10.92,0.65,11.68,30.15,0.17,1.55,0.53,46.0,Good,2020,6,22,Summer
Amaravati,2020-06-23,15.48,34.84,2.07,9.15,6.55,13.53,0.58,15.88,39.82,0.11,0.8,0.16,55.0,Satisfactory,2020,6,23,Summer
Amaravati,2020-06-24,14.88,35.33,1.86,10.59,7.15,11.62,0.59,14.04,38.01,0.13,1.03,0.21,52.0,Satisfactory,2020,6,24,Summer
Amaravati,2020-06-25,20.74,37.36,1.9,8.44,6.03,14.57,0.62,15.38,39.32,0.13,0.89,0.28,50.0,Good,2020,6,25,Summer
Amaravati,2020-06-26,10.41,20.55,1.88,7.21,5.37,12.46,0.53,15.86,25.96,0.06,0.3,3.0701277,37.0,Good,2020,6,26,Summer
Amaravati,2020-06-27,14.5,24.43,1.53,6.53,4.72,8.97,0.55,13.75,33.76,0.06,0.27,0.15,42.0,Good,2020,6,27,Summer
Amaravati,2020-06-28,16.65,28.51,1.43,8.32,5.59,9.77,0.66,10.86,37.34,0.1,0.43,0.12,49.0,Good,2020,6,28,Summer
Amaravati,2020-06-29,20.96,32.56,1.65,9.55,6.43,14.3,0.66,14.79,43.29,0.12,0.69,0.1,56.0,Satisfactory,2020,6,29,Summer
Amaravati,2020-06-30,21.34,35.16,1.74,10.69,7.1,13.38,0.66,14.58,45.32,0.14,1.42,0.2,61.0,Satisfactory,2020,6,30,Summer
Amaravati,2020-07-01,22.0,34.0,1.5,9.68,6.4,8.45,0.59,10.88,29.15,0.1,0.5,3.0701277,54.0,Satisfactory,2020,7,1,Summer
Amritsar,2017-02-27,13.42,14.92,15.06,8.86,32.309124,1.6,0.81,11.0,12.96,3.2808404,8.700972,3.0701277,166.46358,Moderate,2017,2,27,Winter
Amritsar,2017-02-28,12.45,13.8,17.44,8.05,32.309124,1.73,0.67,16.06,11.88,3.2808404,8.700972,3.0701277,52.0,Satisfactory,2017,2,28,Winter
Amritsar,2017-03-01,19.52,21.88,14.77,6.02,32.309124,1.48,0.43,26.24,11.53,3.2808404,8.700972,3.0701277,31.0,Good,2017,3,1,Spring
Amritsar,2017-03-02,77.71,80.27,10.49,3.88,32.309124,1.29,0.36,22.35,18.68,3.2808404,8.700972,3.0701277,106.0,Moderate,2017,3,2,Spring
Amritsar,2017-03-03,19.7,33.08,9.91,3.13,32.309124,1.15,0.37,14.29,22.22,3.2808404,8.700972,3.0701277,98.0,Satisfactory,2017,3,3,Spring
Amritsar,2017-03-04,22.91,56.19,10.69,4.13,32.309124,1.86,0.47,8.42,26.62,3.2808404,8.700972,3.0701277,61.0,Satisfactory,2017,3,4,Spring
Amritsar,2017-03-05,29.56,44.5,8.95,2.66,32.309124,1.26,0.39,10.95,27.03,3.2808404,8.700972,3.0701277,62.0,Satisfactory,2017,3,5,Spring
Amritsar,2017-03-06,46.13,62.88,9.62,4.89,32.309124,1.99,0.54,30.27,26.3,3.2808404,8.700972,3.0701277,78.0,Satisfactory,2017,3,6,Spring
Amritsar,2017-03-07,44.3,52.12,9.4,5.32,32.309124,2.4,0.36,28.74,20.63,3.2808404,8.700972,3.0701277,72.0,Satisfactory,2017,3,7,Spring
Amritsar,2017-03-08,41.23,52.75,11.18,7.88,32.309124,2.51,0.39,21.4,22.44,3.2808404,8.700972,3.0701277,71.0,Satisfactory,2017,3,8,Spring
Amritsar,2017-03-09,29.88,33.2,10.64,11.66,32.309124,2.31,0.36,4.26,21.11,3.2808404,8.700972,3.0701277,59.0,Satisfactory,2017,3,9,Spring
Amritsar,2017-03-10,37.93,43.69,12.84,15.11,32.309124,2.05,0.2,6.38,25.06,3.2808404,8.700972,3.0701277,73.0,Satisfactory,2017,3,10,Spring
Amritsar,2017-03-11,32.46,50.76,10.93,19.67,32.309124,6.82,0.0,4.71,18.79,3.2808404,8.700972,3.0701277,56.0,Satisfactory,2017,3,11,Spring
Amritsar,2017-03-12,25.65,54.59,12.14,26.15,32.309124,11.73,0.0,8.32,15.64,3.2808404,8.700972,3.0701277,55.0,Satisfactory,2017,3,12,Spring
Amritsar,2017-03-13,41.36,77.43,11.4,25.88,32.309124,11.71,0.0,4.75,20.27,3.2808404,8.700972,3.0701277,69.0,Satisfactory,2017,3,13,Spring
Amritsar,2017-03-14,51.88,86.64,9.24,25.21,32.309124,11.76,0.0,7.72,30.34,3.2808404,8.700972,3.0701277,80.0,Satisfactory,2017,3,14,Spring
Amritsar,2017-03-15,51.59,86.11,10.03,26.05,32.309124,12.33,0.0,9.06,24.63,3.2808404,8.700972,3.0701277,89.0,Satisfactory,2017,3,15,Spring
Amritsar,2017-03-16,45.46,82.73,13.23,26.38,32.309124,12.56,0.0,2.94,19.36,0.0,0.0,0.0,79.0,Satisfactory,2017,3,16,Spring
Amritsar,2017-03-17,152.17,93.68,13.86,27.06,32.309124,12.45,0.0,3.17,21.78,3.2808404,8.700972,3.0701277,262.0,Poor,2017,3,17,Spring
Amritsar,2017-03-18,72.87,98.47,10.71,26.07,32.309124,12.03,0.0,3.56,12.86,3.2808404,8.700972,3.0701277,184.0,Moderate,2017,3,18,Spring
Amritsar,2017-03-19,73.26,97.64,10.47,25.73,32.309124,11.99,0.0,1.85,11.77,3.2808404,8.700972,3.0701277,138.0,Moderate,2017,3,19,Spring
Amritsar,2017-03-20,65.26,95.91,9.38,25.23,32.309124,12.4,0.0,1.31,19.98,3.2808404,8.700972,3.0701277,138.0,Moderate,2017,3,20,Spring
Amritsar,2017-03-21,56.39,92.68,10.42,26.26,32.309124,12.67,0.0,2.97,19.83,3.2808404,8.700972,3.0701277,100.0,Satisfactory,2017,3,21,Spring
Amritsar,2017-03-22,55.43,88.17,13.56,28.39,32.309124,13.0,0.0,1.91,13.71,3.2808404,8.700972,3.0701277,89.0,Satisfactory,2017,3,22,Spring
Amritsar,2017-03-23,40.95,77.09,11.86,26.26,32.309124,12.72,0.0,1.03,21.21,3.2808404,8.700972,3.0701277,84.0,Satisfactory,2017,3,23,Spring
Amritsar,2017-03-24,40.99,67.5,9.68,24.95,32.309124,12.41,0.0,0.86,20.82,3.2808404,8.700972,3.0701277,72.0,Satisfactory,2017,3,24,Spring
Amritsar,2017-03-25,57.49,80.09,8.06,23.95,32.309124,11.87,0.0,2.29,24.66,3.2808404,8.700972,3.0701277,90.0,Satisfactory,2017,3,25,Spring
Amritsar,2017-03-26,45.98,72.74,8.94,23.68,32.309124,12.35,0.0,7.96,24.14,3.2808404,8.700972,3.0701277,84.0,Satisfactory,2017,3,26,Spring
Amritsar,2017-03-27,47.2,78.45,12.41,27.32,32.309124,12.16,0.0,3.29,31.95,3.2808404,8.700972,3.0701277,74.0,Satisfactory,2017,3,27,Spring
Amritsar,2017-03-28,58.95,83.09,10.69,30.37,32.309124,12.03,0.0,4.97,33.22,3.2808404,8.700972,3.0701277,96.0,Satisfactory,2017,3,28,Spring
Amritsar,2017-03-29,39.4,66.81,12.1,30.1,32.309124,12.31,0.0,2.04,33.88,3.2808404,8.700972,3.0701277,76.0,Satisfactory,2017,3,29,Spring
Amritsar,2017-03-30,39.47,71.86,11.17,30.88,32.309124,12.66,0.0,3.9,28.11,3.2808404,8.700972,3.0701277,71.0,Satisfactory,2017,3,30,Spring
Amritsar,2017-03-31,52.77,72.49,11.76,31.49,32.309124,13.3,0.0,2.11,26.72,3.2808404,8.700972,3.0701277,91.0,Satisfactory,2017,3,31,Spring
Amritsar,2017-04-01,16.38,25.27,13.47,31.72,32.309124,12.84,0.0,3.28,23.22,3.2808404,8.700972,3.0701277,45.0,Good,2017,4,1,Spring
Amritsar,2017-04-02,20.11,34.76,12.78,30.57,32.309124,12.37,0.0,4.88,25.45,3.2808404,8.700972,3.0701277,30.0,Good,2017,4,2,Spring
Amritsar,2017-04-03,42.05,88.9,3.55,23.44,32.309124,10.01,0.0,2.61,21.0,3.2808404,8.700972,3.0701277,72.0,Satisfactory,2017,4,3,Spring
Amritsar,2017-04-04,40.64,63.97,8.88,27.46,32.309124,16.51,0.0,2.64,16.77,3.2808404,8.700972,3.0701277,76.0,Satisfactory,2017,4,4,Spring
Amritsar,2017-04-05,31.96,59.43,12.81,30.01,32.309124,19.88,0.0,2.96,18.72,3.2808404,8.700972,3.0701277,60.0,Satisfactory,2017,4,5,Spring
Amritsar,2017-04-06,67.45058,118.127106,17.57473,28.56066,32.309124,23.483477,2.248598,14.531978,34.491432,3.2808404,8.700972,3.0701277,59.0,Satisfactory,2017,4,6,Spring
Amritsar,2017-04-07,67.45058,118.127106,17.57473,28.56066,32.309124,23.483477,2.248598,14.531978,34.491432,3.2808404,8.700972,3.0701277,166.46358,Moderate,2017,4,7,Spring
Amritsar,2017-04-08,33.2,49.73,16.68,40.39,32.309124,29.59,0.0,4.31,22.8,3.2808404,8.700972,3.0701277,166.46358,Moderate,2017,4,8,Spring
Amritsar,2017-04-09,24.29,39.48,20.48,37.9,32.309124,30.36,0.0,5.14,18.12,3.2808404,8.700972,3.0701277,44.0,Good,2017,4,9,Spring
Amritsar,2017-04-10,30.05,55.59,14.87,19.08,32.309124,29.24,0.0,3.23,27.2,3.2808404,8.700972,3.0701277,57.0,Satisfactory,2017,4,10,Spring
Amritsar,2017-04-11,41.4,62.53,13.62,21.1,32.309124,29.47,0.0,5.88,22.06,3.2808404,8.700972,3.0701277,66.0,Satisfactory,2017,4,11,Spring
Amritsar,2017-04-12,33.11,58.18,12.64,19.74,32.309124,28.98,0.0,1.1,15.98,3.2808404,8.700972,3.0701277,63.0,Satisfactory,2017,4,12,Spring
Amritsar,2017-04-13,50.72,70.44,12.78,23.29,32.309124,29.37,0.0,7.12,24.73,3.2808404,8.700972,3.0701277,85.0,Satisfactory,2017,4,13,Spring
Amritsar,2017-04-14,25.84,28.59,12.4,21.97,32.309124,29.11,0.0,2.6,28.36,3.2808404,8.700972,3.0701277,61.0,Satisfactory,2017,4,14,Spring
Amritsar,2017-04-15,24.3,27.21,12.55,21.26,32.309124,29.06,0.0,3.13,31.65,3.2808404,8.700972,3.0701277,49.0,Good,2017,4,15,Spring
Amritsar,2017-04-16,33.02,45.93,11.88,20.9,32.309124,28.81,0.0,11.78,31.99,3.2808404,8.700972,3.0701277,53.0,Satisfactory,2017,4,16,Spring
Amritsar,2017-04-17,53.08,101.55,13.42,20.53,32.309124,28.7,0.0,7.66,24.0,3.2808404,8.700972,3.0701277,82.0,Satisfactory,2017,4,17,Spring
Amritsar,2017-04-18,82.91,116.95,14.58,20.7,32.309124,28.86,0.0,8.74,29.95,3.2808404,8.700972,3.0701277,170.0,Moderate,2017,4,18,Spring
Amritsar,2017-04-19,32.08,94.3,16.02,21.29,32.309124,28.73,0.0,12.41,25.46,3.2808404,8.700972,3.0701277,109.0,Moderate,2017,4,19,Spring
Amritsar,2017-04-20,27.6,39.29,15.53,22.4,32.309124,28.94,0.0,15.52,19.14,3.2808404,8.700972,3.0701277,65.0,Satisfactory,2017,4,20,Spring
Amritsar,2017-04-21,56.22,94.96,12.13,16.5,32.309124,27.97,0.0,7.77,24.91,3.2808404,8.700972,3.0701277,166.46358,Moderate,2017,4,21,Spring
Amritsar,2017-04-22,67.45058,118.127106,17.57473,28.56066,32.309124,23.483477,2.248598,14.531978,34.491432,3.2808404,8.700972,3.0701277,166.46358,Moderate,2017,4,22,Spring
Amritsar,2017-04-23,67.45058,118.127106,17.57473,28.56066,32.309124,23.483477,2.248598,14.531978,34.491432,3.2808404,8.700972,3.0701277,166.46358,Moderate,2017,4,23,Spring
Amritsar,2017-04-24,23.98,118.127106,17.29,16.95,32.309124,28.71,0.0,4.86,14.81,3.2808404,8.700972,3.0701277,166.46358,Moderate,2017,4,24,Spring
Amritsar,2017-04-25,25.74,118.127106,17.33,16.62,32.309124,28.63,0.0,5.49,14.42,3.2808404,8.700972,3.0701277,42.0,Good,2017,4,25,Spring
Amritsar,2017-04-26,28.28,118.127106,15.97,17.11,32.309124,28.5,0.0,5.78,15.2,3.2808404,8.700972,3.0701277,46.0,Good,2017,4,26,Spring
Amritsar,2017-04-27,25.1,118.127106,14.79,16.71,32.309124,28.27,0.0,7.31,13.77,3.2808404,8.700972,3.0701277,43.0,Good,2017,4,27,Spring
Amritsar,2017-04-28,25.99,118.127106,14.47,17.07,32.309124,28.26,0.0,12.18,15.0,3.2808404,8.700972,3.0701277,43.0,Good,2017,4,28,Spring
Amritsar,2017-04-29,27.14,118.127106,15.96,16.78,32.309124,28.42,0.0,7.85,14.22,3.2808404,8.700972,3.0701277,45.0,Good,2017,4,29,Spring
Amritsar,2017-04-30,25.81,118.127106,15.62,16.07,32.309124,28.3,0.0,5.27,13.02,3.2808404,8.700972,3.0701277,43.0,Good,2017,4,30,Spring
Amritsar,2017-05-01,23.96,118.127106,15.77,16.56,32.309124,28.38,0.0,9.33,13.83,3.2808404,8.700972,3.0701277,41.0,Good,2017,5,1,Spring
Amritsar,2017-05-02,41.54,124.19,12.43,10.76,32.309124,28.71,0.0,9.99,31.76,3.2808404,8.700972,3.0701277,97.0,Satisfactory,2017,5,2,Spring
Amritsar,2017-05-03,52.43,105.5,14.68,16.31,32.309124,30.36,0.0,7.51,13.82,3.2808404,8.700972,3.0701277,102.0,Moderate,2017,5,3,Spring
Amritsar,2017-05-04,53.42,91.16,14.43,16.67,32.309124,30.45,0.0,11.67,14.19,3.2808404,8.700972,3.0701277,100.0,Satisfactory,2017,5,4,Spring
Amritsar,2017-05-05,194.39,100.51,13.94,16.7,32.309124,30.32,0.0,14.47,16.02,3.2808404,8.700972,3.0701277,121.0,Moderate,2017,5,5,Spring
Amritsar,2017-05-06,296.84,138.35,13.41,16.92,32.309124,30.49,0.0,15.32,15.81,3.2808404,8.700972,3.0701277,117.0,Moderate,2017,5,6,Spring
Amritsar,2017-05-07,105.49,125.37,14.23,16.7,32.309124,30.52,0.0,18.78,14.66,3.2808404,8.700972,3.0701277,123.0,Moderate,2017,5,7,Spring
Amritsar,2017-05-08,868.66,116.29,13.21,16.46,32.309124,30.05,0.0,27.92,15.99,3.2808404,8.700972,3.0701277,110.0,Moderate,2017,5,8,Spring
Amritsar,2017-05-09,67.45058,156.75,14.23,16.57,32.309124,30.0,0.0,15.77,14.46,3.2808404,8.700972,3.0701277,122.0,Moderate,2017,5,9,Spring
Amritsar,2017-05-10,832.8,145.53,11.59,15.78,32.309124,29.12,0.0,5.84,25.25,3.2808404,8.700972,3.0701277,166.46358,Moderate,2017,5,10,Spring
Amritsar,2017-05-13,53.9,124.48,12.69,15.91,32.309124,29.05,0.0,7.37,15.59,3.2808404,8.700972,3.0701277,138.0,Moderate,2017,5,13,Spring
Amritsar,2017-05-14,40.51,121.36,12.86,16.19,32.309124,28.95,0.0,16.06,15.09,3.2808404,8.700972,3.0701277,116.0,Moderate,2017,5,14,Spring
Amritsar,2017-05-15,67.45058,113.72,12.7,15.71,32.309124,28.86,0.0,15.43,15.33,3.2808404,8.700972,3.0701277,114.0,Moderate,2017,5,15,Spring
Amritsar,2017-05-16,57.8,86.43,12.52,15.04,32.309124,28.33,0.0,4.74,16.46,5.16,8.700972,3.0701277,102.0,Moderate,2017,5,16,Spring
Amritsar,2017-05-17,41.85,72.79,13.63,15.05,32.309124,28.2,0.0,5.38,15.39,5.22,8.700972,3.0701277,80.0,Satisfactory,2017,5,17,Spring
Amritsar,2017-05-18,54.1,96.51,11.38,14.9,32.309124,27.91,0.0,12.93,22.22,5.17,8.700972,3.0701277,87.0,Satisfactory,2017,5,18,Spring
Amritsar,2017-05-19,42.41,99.64,11.97,15.07,32.309124,28.04,0.0,7.06,16.05,5.19,8.700972,3.0701277,93.0,Satisfactory,2017,5,19,Spring
Amritsar,2017-05-20,45.32,387.65,12.25,15.1,32.309124,28.0,0.0,3.04,14.62,5.53,8.700972,3.0701277,98.0,Satisfactory,2017,5,20,Spring
Amritsar,2017-05-21,43.97,118.127106,14.05,15.07,32.309124,28.2,0.0,14.11,12.34,6.3,8.700972,3.0701277,89.0,Satisfactory,2017,5,21,Spring
Amritsar,2017-05-22,36.59,118.127106,13.41,15.23,32.309124,28.17,0.0,7.01,34.491432,5.88,8.700972,3.0701277,56.0,Satisfactory,2017,5,22,Spring
Amritsar,2017-05-23,30.55,118.127106,12.37,15.35,32.309124,28.1,0.0,10.46,34.491432,5.93,8.700972,3.0701277,56.0,Satisfactory,2017,5,23,Spring
Amritsar,2017-05-24,192.7,118.127106,11.8,15.19,32.309124,28.02,0.0,6.59,34.491432,6.33,8.700972,3.0701277,79.0,Satisfactory,2017,5,24,Spring
Amritsar,2017-05-25,37.67,118.127106,11.47,15.34,32.309124,28.08,0.0,12.69,34.491432,6.4,8.700972,3.0701277,270.0,Poor,2017,5,25,Spring
Amritsar,2017-05-26,25.3,118.127106,11.68,15.02,32.309124,28.01,0.0,9.15,34.491432,6.2,8.700972,3.0701277,48.0,Good,2017,5,26,Spring
Amritsar,2017-05-27,20.42,118.127106,11.57,14.94,32.309124,27.94,0.0,9.78,34.491432,5.54,8.700972,3.0701277,35.0,Good,2017,5,27,Spring
Amritsar,2017-05-28,17.64,118.127106,11.61,14.63,32.309124,27.84,0.0,6.27,34.491432,5.4,8.700972,3.0701277,34.0,Good,2017,5,28,Spring
Amritsar,2017-05-29,19.68,118.127106,11.98,14.75,32.309124,27.86,0.0,3.32,34.491432,5.4,8.700972,3.0701277,26.0,Good,2017,5,29,Spring
Amritsar,2017-05-30,26.47,68.35,10.84,14.04,32.309124,27.7,0.0,4.25,28.62,5.16,8.700972,3.0701277,44.0,Good,2017,5,30,Spring
Amritsar,2017-05-31,29.12,63.49,11.7,14.09,32.309124,27.7,0.0,3.33,11.51,5.17,8.700972,3.0701277,67.0,Satisfactory,2017,5,31,Spring
Amritsar,2017-06-01,34.99,68.71,15.13,15.07,32.309124,28.28,0.0,6.14,4.84,5.24,8.700972,3.0701277,62.0,Satisfactory,2017,6,1,Summer
Amritsar,2017-06-02,47.59,98.57,11.58,15.25,32.309124,27.89,0.0,11.06,19.74,5.22,8.700972,3.0701277,166.46358,Moderate,2017,6,2,Summer
Amritsar,2017-06-03,58.68,109.6,14.0,14.49,32.309124,27.95,0.0,15.24,22.7,5.33,8.700972,3.0701277,107.0,Moderate,2017,6,3,Summer
Amritsar,2017-06-04,48.49,120.47,21.53,14.2,32.309124,27.85,0.0,9.84,20.98,4.8,2.95,1.12,108.0,Moderate,2017,6,4,Summer
Amritsar,2017-06-05,38.78,143.52,21.9,36.62,32.309124,42.87,0.0,12.61,11.54,3.2808404,8.700972,3.0701277,125.0,Moderate,2017,6,5,Summer
Amritsar,2017-06-06,89.01,240.82,21.16,13.43,32.309124,27.61,0.0,7.22,11.92,3.2808404,8.700972,3.0701277,197.0,Moderate,2017,6,6,Summer
Amritsar,2017-06-07,39.74,72.35,47.31,31.09,32.309124,41.2,0.0,6.7,10.97,3.2808404,8.700972,3.0701277,143.0,Moderate,2017,6,7,Summer
Amritsar,2017-06-08,38.25,76.8,22.61,14.02,32.309124,27.67,0.0,3.1,12.77,3.2808404,8.700972,3.0701277,64.0,Satisfactory,2017,6,8,Summer
Amritsar,2017-06-09,38.93,79.5,21.73,13.56,32.309124,27.69,0.0,5.56,10.26,3.2808404,8.700972,3.0701277,85.0,Satisfactory,2017,6,9,Summer
Amritsar,2017-06-10,44.76,91.2,21.79,13.59,32.309124,27.71,0.0,3.03,10.9,3.2808404,8.700972,3.0701277,83.0,Satisfactory,2017,6,10,Summer
Amritsar,2017-06-11,33.88,53.64,22.01,13.79,32.309124,27.74,0.0,5.84,5.17,3.2808404,8.700972,3.0701277,70.0,Satisfactory,2017,6,11,Summer
Amritsar,2017-06-12,41.62,73.06,22.31,13.84,32.309124,27.81,0.0,6.97,5.62,3.2808404,8.700972,3.0701277,65.0,Satisfactory,2017,6,12,Summer
Amritsar,2017-06-13,49.45,86.66,20.11,13.43,32.309124,27.48,0.0,6.14,22.07,3.2808404,8.700972,3.0701277,166.46358,Moderate,2017,6,13,Summer
Amritsar,2017-06-14,36.81,77.01,20.94,13.47,32.309124,27.6,0.0,8.83,19.14,3.2808404,8.700972,3.0701277,75.0,Satisfactory,2017,6,14,Summer
Amritsar,2017-06-15,38.42,82.21,21.61,13.51,32.309124,27.68,0.0,6.29,9.51,3.2808404,8.700972,3.0701277,88.0,Satisfactory,2017,6,15,Summer
Amritsar,2017-06-16,33.06,85.28,22.19,13.66,32.309124,27.75,0.0,6.49,4.88,3.2808404,8.700972,3.0701277,73.0,Satisfactory,2017,6,16,Summer
Amritsar,2017-06-17,34.62,86.44,21.94,13.5,32.309124,27.7,0.0,5.72,5.94,3.2808404,8.700972,3.0701277,97.0,Satisfactory,2017,6,17,Summer
Amritsar,2017-06-18,42.96,90.84,21.77,13.51,32.309124,27.7,0.0,4.89,6.45,3.2808404,8.700972,3.0701277,80.0,Satisfactory,2017,6,18,Summer
Amritsar,2017-06-19,40.82,99.55,21.2,13.17,32.309124,27.58,0.0,4.86,12.85,3.2808404,8.700972,3.0701277,103.0,Moderate,2017,6,19,Summer
Amritsar,2017-06-20,33.69,78.05,21.6,13.01,32.309124,27.57,0.0,3.52,9.16,1.08,4.81,0.58,81.0,Satisfactory,2017,6,20,Summer
Amritsar,2017-06-21,32.0,71.88,22.15,13.01,32.309124,27.62,0.0,3.59,17.47,0.96,2.72,0.85,76.0,Satisfactory,2017,6,21,Summer
Amritsar,2017-06-22,37.18,81.62,22.6,13.14,32.309124,27.7,0.0,2.06,14.56,2.05,3.17,0.32,76.0,Satisfactory,2017,6,22,Summer
Amritsar,2017-06-23,39.66,92.36,21.24,12.88,32.309124,27.55,0.0,3.7,19.71,1.86,2.73,1.53,86.0,Satisfactory,2017,6,23,Summer
Amritsar,2017-06-24,44.85,106.1,21.08,13.03,32.309124,27.55,0.0,4.38,17.64,2.05,2.94,1.62,100.0,Satisfactory,2017,6,24,Summer
Amritsar,2017-06-25,35.19,102.85,20.77,12.95,32.309124,27.53,0.0,5.34,14.7,3.2808404,8.700972,3.0701277,104.0,Moderate,2017,6,25,Summer
Amritsar,2017-06-26,36.66,105.7,20.58,12.87,32.309124,27.48,0.0,3.12,17.97,3.2808404,8.700972,3.0701277,103.0,Moderate,2017,6,26,Summer
Amritsar,2017-06-27,41.22,93.15,20.94,12.84,32.309124,27.51,0.0,3.57,16.13,3.2808404,8.700972,3.0701277,100.0,Satisfactory,2017,6,27,Summer
Amritsar,2017-06-28,35.76,75.93,22.21,12.96,32.309124,27.67,0.0,2.97,6.46,1.49,2.34,3.0701277,81.0,Satisfactory,2017,6,28,Summer
Amritsar,2017-06-29,39.06,70.49,23.34,13.12,32.309124,27.78,0.0,2.38,5.39,2.16,3.65,0.49,74.0,Satisfactory,2017,6,29,Summer
Amritsar,2017-06-30,30.48,75.21,14.72,12.3,32.309124,17.09,0.0,3.12,17.35,1.99,3.42,0.34,90.0,Satisfactory,2017,6,30,Summer
Amritsar,2017-07-01,45.34,68.4,41.27,23.33,32.309124,12.22,0.0,3.87,12.36,1.67,2.46,0.44,92.0,Satisfactory,2017,7,1,Summer
Amritsar,2017-07-02,41.09,102.32,44.43,21.85,32.309124,11.48,0.0,3.29,6.43,1.97,3.35,0.29,94.0,Satisfactory,2017,7,2,Summer
Amritsar,2017-07-03,36.95,86.58,35.92,22.57,32.309124,11.52,0.0,3.64,9.21,2.34,3.56,0.54,91.0,Satisfactory,2017,7,3,Summer
Amritsar,2017-07-04,43.04,99.05,39.84,12.64,32.309124,11.55,0.0,3.76,6.62,3.2808404,8.700972,3.0701277,91.0,Satisfactory,2017,7,4,Summer
Amritsar,2017-07-05,46.59,112.06,33.02,12.15,32.309124,11.44,0.0,2.67,12.2,3.2808404,3.12,1.45,101.0,Moderate,2017,7,5,Summer
Amritsar,2017-07-06,49.08,71.1,53.4,6.95,32.309124,11.32,0.0,3.56,5.68,3.2808404,8.700972,3.0701277,88.0,Satisfactory,2017,7,6,Summer
Amritsar,2017-07-07,49.0,87.67,51.78,8.56,32.309124,11.42,0.0,4.13,6.84,2.32,2.93,3.0701277,89.0,Satisfactory,2017,7,7,Summer
Amritsar,2017-07-08,48.72,117.47,50.12,12.85,32.309124,10.82,0.0,2.99,6.66,3.2808404,8.700972,3.0701277,104.0,Moderate,2017,7,8,Summer
Amritsar,2017-07-09,67.45058,118.127106,17.57473,28.56066,32.309124,23.483477,2.248598,14.531978,34.491432,3.2808404,8.700972,3.0701277,166.46358,Moderate,2017,7,9,Summer
Amritsar,2017-07-10,50.31,90.57,26.06,10.94,32.309124,11.27,0.0,3.81,13.14,3.2808404,8.700972,3.0701277,166.46358,Moderate,2017,7,10,Summer
Amritsar,2017-07-11,50.33,95.06,28.17,11.72,32.309124,11.28,0.0,4.03,8.84,3.2808404,8.700972,3.0701277,87.0,Satisfactory,2017,7,11,Summer
Amritsar,2017-07-12,48.58,90.82,34.56,9.42,32.309124,11.15,0.0,3.53,6.22,3.2808404,8.700972,3.0701277,97.0,Satisfactory,2017,7,12,Summer
Amritsar,2017-07-13,46.72,97.67,32.5,10.8,32.309124,11.36,0.0,3.9,7.82,3.2808404,8.700972,3.0701277,93.0,Satisfactory,2017,7,13,Summer
Amritsar,2017-07-14,51.53,96.92,26.7,32.47,32.309124,11.56,0.0,4.26,6.46,1.8,2.49,2.23,100.0,Satisfactory,2017,7,14,Summer
Amritsar,2017-07-15,52.08,97.63,20.36,28.82,32.309124,12.17,0.0,4.24,10.05,2.25,3.64,0.54,96.0,Satisfactory,2017,7,15,Summer
Amritsar,2017-07-16,50.9,97.87,24.32,24.44,32.309124,12.72,0.0,3.43,6.79,2.36,3.6,0.44,100.0,Satisfactory,2017,7,16,Summer
Amritsar,2017-07-17,49.41,101.51,21.41,25.65,32.309124,11.61,0.0,3.47,12.17,3.2808404,8.700972,3.0701277,97.0,Satisfactory,2017,7,17,Summer
Amritsar,2017-07-18,50.64,94.42,28.79,14.4,32.309124,11.5,0.0,6.04,6.09,1.42,0.67,0.1,99.0,Satisfactory,2017,7,18,Summer
Amritsar,2017-07-19,52.14,104.81,32.85,21.54,32.309124,11.62,0.0,3.64,6.6,2.22,0.99,0.32,99.0,Satisfactory,2017,7,19,Summer
Amritsar,2017-07-20,44.63,113.81,19.51,18.17,32.309124,11.67,0.0,3.65,7.06,2.1,1.0,0.59,110.0,Moderate,2017,7,20,Summer
Amritsar,2017-07-21,47.5,97.7,22.5,16.88,32.309124,12.32,0.0,4.9,7.0,2.56,1.02,0.5,100.0,Satisfactory,2017,7,21,Summer
Amritsar,2017-07-22,47.06,98.4,22.28,16.72,32.309124,13.81,0.0,2.53,7.66,3.16,1.22,0.17,99.0,Satisfactory,2017,7,22,Summer
Amritsar,2017-07-23,43.23,102.03,27.93,19.68,32.309124,12.45,0.0,2.31,8.39,3.2808404,8.700972,3.0701277,101.0,Moderate,2017,7,23,Summer
Amritsar,2017-07-24,47.21,100.22,20.6,17.86,32.309124,11.66,0.0,3.34,8.72,3.2808404,8.700972,3.0701277,101.0,Moderate,2017,7,24,Summer
Amritsar,2017-07-25,48.32,103.08,16.09,20.08,32.309124,11.93,0.0,3.96,8.18,3.2808404,8.700972,3.0701277,102.0,Moderate,2017,7,25,Summer
Amritsar,2017-07-26,49.32,101.56,24.35,12.96,32.309124,12.18,0.0,4.77,4.59,3.2808404,8.700972,3.0701277,102.0,Moderate,2017,7,26,Summer
Amritsar,2017-07-27,67.45058,118.127106,17.57473,28.56066,32.309124,23.483477,2.248598,14.531978,34.491432,3.2808404,8.700972,3.0701277,166.46358,Moderate,2017,7,27,Summer
Amritsar,2017-07-28,67.45058,118.127106,17.57473,28.56066,32.309124,23.483477,2.248598,14.531978,34.491432,3.2808404,8.700972,3.0701277,166.46358,Moderate,2017,7,28,Summer
Amritsar,2017-07-29,47.12,56.49,48.94,53.07,32.309124,4.91,0.0,6.01,8.31,4.2,2.08,0.1,166.46358,Moderate,2017,7,29,Summer
Amritsar,2017-07-30,31.41,63.19,58.03,59.44,32.309124,20.11,0.0,4.6,21.2,2.17,1.6,0.21,158.0,Moderate,2017,7,30,Summer
Amritsar,2017-07-31,51.03,109.83,44.87,40.0,32.309124,13.07,0.0,6.02,6.55,1.79,30.21,0.85,84.0,Satisfactory,2017,7,31,Summer
Amritsar,2017-08-01,43.78,107.53,66.84,37.33,32.309124,17.78,0.0,7.11,6.55,3.2808404,0.16,0.46,110.0,Moderate,2017,8,1,Summer
Amritsar,2017-08-02,67.45058,118.127106,17.57473,28.56066,32.309124,23.483477,2.248598,14.531978,34.491432,3.2808404,8.700972,3.0701277,104.0,Moderate,2017,8,2,Summer
Amritsar,2017-08-03,67.45058,118.127106,17.57473,28.56066,32.309124,23.483477,2.248598,14.531978,34.491432,3.2808404,8.700972,3.0701277,166.46358,Moderate,2017,8,3,Summer
Amritsar,2017-08-04,67.45058,118.127106,17.57473,28.56066,32.309124,23.483477,2.248598,14.531978,34.491432,3.2808404,8.700972,3.0701277,166.46358,Moderate,2017,8,4,Summer
Amritsar,2017-08-05,67.45058,118.127106,17.57473,28.56066,32.309124,23.483477,2.248598,14.531978,34.491432,3.2808404,8.700972,3.0701277,166.46358,Moderate,2017,8,5,Summer
Amritsar,2017-08-06,67.45058,118.127106,17.57473,28.56066,32.309124,23.483477,2.248598,14.531978,34.491432,3.2808404,8.700972,3.0701277,166.46358,Moderate,2017,8,6,Summer
Amritsar,2017-08-07,67.45058,118.127106,17.57473,28.56066,32.309124,23.483477,2.248598,14.531978,34.491432,3.2808404,8.700972,3.0701277,166.46358,Moderate,2017,8,7,Summer
Amritsar,2017-08-08,27.5,95.22,8.09,15.84,32.309124,8.2,0.0,3.82,7.36,4.32,7.12,4.35,166.46358,Moderate,2017,8,8,Summer
Amritsar,2017-08-09,67.45058,118.127106,17.57473,28.56066,32.309124,23.483477,2.248598,14.531978,34.491432,3.2808404,8.700972,3.0701277,166.46358,Moderate,2017,8,9,Summer
Amritsar,2017-08-10,40.09,147.33,4.06,14.36,32.309124,7.87,0.53,3.1,15.33,5.74,5.88,1.67,166.46358,Moderate,2017,8,10,Summer
Amritsar,2017-08-11,26.23,168.52,5.08,14.66,32.309124,8.08,0.81,3.75,13.05,7.12,13.77,2.64,141.0,Moderate,2017,8,11,Summer
Amritsar,2017-08-12,38.53,268.32,5.87,14.79,32.309124,8.14,0.66,5.38,8.1,11.64,7.28,53.59,177.0,Moderate,2017,8,12,Summer
Amritsar,2017-08-13,38.68,260.46,6.22,18.44,32.309124,8.16,0.66,6.86,7.06,12.06,1.9,25.73,215.0,Poor,2017,8,13,Summer
Amritsar,2017-08-14,21.38,69.39,5.75,15.67,32.309124,10.2,0.67,6.71,8.2,7.11,0.96,16.32,139.0,Moderate,2017,8,14,Summer
Amritsar,2017-08-15,36.69,114.7,3.79,14.14,32.309124,11.41,0.78,7.0,8.14,1.63,1.24,20.66,92.0,Satisfactory,2017,8,15,Summer
Amritsar,2017-08-16,33.27,136.51,3.53,14.03,32.309124,10.81,0.78,6.62,15.03,1.3,1.47,17.03,120.0,Moderate,2017,8,16,Summer
Amritsar,2017-08-17,43.31,206.85,6.22,11.98,32.309124,10.46,0.8,6.04,12.63,1.43,1.65,19.21,146.0,Moderate,2017,8,17,Summer
Amritsar,2017-08-18,41.05,209.7,10.68,8.86,32.309124,10.79,0.77,7.4,8.45,1.25,1.44,23.76,176.0,Moderate,2017,8,18,Summer
Amritsar,2017-08-19,28.53,139.39,11.14,8.75,32.309124,10.59,0.68,7.81,6.39,1.01,1.16,25.23,156.0,Moderate,2017,8,19,Summer
Amritsar,2017-08-20,23.58,69.33,11.5,8.85,32.309124,11.29,0.61,8.28,6.93,1.45,0.77,19.06,85.0,Satisfactory,2017,8,20,Summer
Amritsar,2017-08-21,36.83,96.84,11.48,9.19,32.309124,11.48,0.7,6.76,7.43,4.34,1.05,19.74,94.0,Satisfactory,2017,8,21,Summer
Amritsar,2017-08-22,31.97,73.55,11.52,8.84,32.309124,11.11,0.66,7.8,7.32,3.8,0.91,21.26,74.0,Satisfactory,2017,8,22,Summer
Amritsar,2017-08-23,28.94,87.82,10.77,8.4,32.309124,10.79,0.61,5.5,11.8,1.22,0.94,16.37,82.0,Satisfactory,2017,8,23,Summer
Amritsar,2017-08-24,47.34,109.02,10.16,7.75,32.309124,11.95,0.65,6.26,10.72,1.41,1.14,17.46,101.0,Moderate,2017,8,24,Summer
Amritsar,2017-08-25,38.36,94.01,10.19,8.41,32.309124,12.13,0.67,8.64,10.34,2.22,0.95,16.79,106.0,Moderate,2017,8,25,Summer
Amritsar,2017-08-26,25.91,67.56,10.58,8.44,32.309124,11.97,0.69,6.48,8.18,2.52,1.09,20.39,69.0,Satisfactory,2017,8,26,Summer
Amritsar,2017-08-27,29.99,90.31,10.36,8.33,32.309124,11.01,0.7,7.39,10.49,1.9,1.3,20.63,82.0,Satisfactory,2017,8,27,Summer
Amritsar,2017-08-28,28.77,88.13,10.17,7.76,32.309124,10.73,0.68,6.21,8.66,1.47,1.06,19.23,94.0,Satisfactory,2017,8,28,Summer
Amritsar,2017-08-29,18.41,56.07,10.6,8.03,32.309124,10.48,0.71,5.59,7.79,1.03,1.18,16.93,67.0,Satisfactory,2017,8,29,Summer
Amritsar,2017-08-30,25.56,69.8,10.87,8.16,32.309124,10.16,0.86,5.43,9.76,1.19,1.54,18.06,61.0,Satisfactory,2017,8,30,Summer
Amritsar,2017-08-31,36.13,84.72,10.62,7.73,32.309124,10.15,0.72,5.47,8.4,2.66,1.45,18.17,80.0,Satisfactory,2017,8,31,Summer
Amritsar,2017-09-01,32.01,57.41,10.85,7.65,32.309124,11.0,0.59,7.43,5.76,2.12,0.78,23.24,70.0,Satisfactory,2017,9,1,Autumn
Amritsar,2017-09-02,27.65,70.89,10.45,12.53,32.309124,10.74,0.7,5.59,7.36,2.55,0.97,17.52,62.0,Satisfactory,2017,9,2,Autumn
Amritsar,2017-09-03,28.76,82.4,10.36,17.58,32.309124,10.72,0.74,3.45,9.65,1.46,1.16,19.17,77.0,Satisfactory,2017,9,3,Autumn
Amritsar,2017-09-04,34.81,93.24,10.36,17.77,32.309124,10.52,0.69,4.37,7.46,1.4,1.44,18.41,92.0,Satisfactory,2017,9,4,Autumn
Amritsar,2017-09-05,30.17,101.82,10.34,16.82,32.309124,10.6,0.75,2.36,9.71,1.74,1.41,18.6,90.0,Satisfactory,2017,9,5,Autumn
Amritsar,2017-09-06,29.15,135.49,10.15,16.73,32.309124,10.41,0.82,3.96,10.56,1.6,1.78,18.5,117.0,Moderate,2017,9,6,Autumn
Amritsar,2017-09-07,30.99,129.56,10.32,17.06,32.309124,10.28,0.85,4.91,9.02,1.41,1.57,21.24,118.0,Moderate,2017,9,7,Autumn
Amritsar,2017-09-08,37.7,123.54,10.48,19.62,32.309124,10.5,0.81,5.18,10.01,1.58,1.68,20.46,119.0,Moderate,2017,9,8,Autumn
Amritsar,2017-09-09,47.29,170.2,10.55,18.45,32.309124,10.96,0.81,4.53,5.57,1.71,1.71,21.03,131.0,Moderate,2017,9,9,Autumn
Amritsar,2017-09-10,24.04,131.16,11.06,18.5,32.309124,10.68,0.75,4.89,1.31,1.32,1.48,25.66,142.0,Moderate,2017,9,10,Autumn
Amritsar,2017-09-11,27.56,99.6,10.77,18.53,32.309124,10.76,0.7,7.13,6.47,1.95,1.34,18.18,97.0,Satisfactory,2017,9,11,Autumn
Amritsar,2017-09-12,59.49,163.28,10.38,17.95,32.309124,13.18,0.95,5.52,9.97,1.63,1.99,17.88,125.0,Moderate,2017,9,12,Autumn
Amritsar,2017-09-13,75.94,197.0,10.41,17.15,32.309124,18.04,0.83,8.82,4.83,1.32,1.98,18.2,159.0,Moderate,2017,9,13,Autumn
Amritsar,2017-09-14,35.3,190.24,10.29,18.77,32.309124,18.68,0.74,4.04,5.8,8.19,1.32,17.91,161.0,Moderate,2017,9,14,Autumn
Amritsar,2017-09-15,37.93,165.9,10.58,17.69,32.309124,18.75,0.8,6.34,6.43,4.08,1.43,19.6,154.0,Moderate,2017,9,15,Autumn
Amritsar,2017-09-16,54.76,153.86,10.52,17.54,32.309124,19.45,0.77,4.69,8.74,1.98,1.66,18.02,136.0,Moderate,2017,9,16,Autumn
Amritsar,2017-09-17,52.81,197.08,10.27,17.3,32.309124,23.81,0.85,6.09,12.89,2.09,2.15,15.68,137.0,Moderate,2017,9,17,Autumn
Amritsar,2017-09-18,71.8,225.14,24.27,36.24,32.309124,25.83,0.93,5.74,5.95,2.06,2.15,20.47,173.0,Moderate,2017,9,18,Autumn
Amritsar,2017-09-19,44.09,221.27,7.61,16.17,32.309124,18.3,0.79,11.1,24.39,1.84,2.04,16.76,202.0,Poor,2017,9,19,Autumn
Amritsar,2017-09-20,54.21,243.06,7.44,15.66,32.309124,18.0,0.82,6.17,14.87,1.58,3.69,16.07,189.0,Moderate,2017,9,20,Autumn
Amritsar,2017-09-21,56.33,248.8,7.64,16.14,32.309124,18.16,0.81,3.78,17.82,1.38,8.83,15.93,196.0,Moderate,2017,9,21,Autumn
Amritsar,2017-09-22,76.9,253.99,7.49,15.82,32.309124,18.15,0.9,3.37,14.15,1.41,8.19,18.09,198.0,Moderate,2017,9,22,Autumn
Amritsar,2017-09-23,30.64,107.82,7.49,14.81,32.309124,17.74,0.65,3.28,13.58,1.07,7.31,14.53,154.0,Moderate,2017,9,23,Autumn
Amritsar,2017-09-24,39.43,136.27,7.59,15.28,32.309124,17.13,0.72,5.12,18.05,1.25,7.57,15.45,108.0,Moderate,2017,9,24,Autumn
Amritsar,2017-09-25,77.79,259.45,7.64,14.27,32.309124,14.95,0.97,4.68,20.79,1.41,8.13,17.17,170.0,Moderate,2017,9,25,Autumn
Amritsar,2017-09-26,69.26,275.85,7.67,12.45,32.309124,13.62,0.98,4.39,23.75,1.77,7.73,17.17,225.0,Poor,2017,9,26,Autumn
Amritsar,2017-09-27,53.55,253.61,8.56,9.49,32.309124,11.1,0.88,5.6,23.17,1.5,9.11,17.16,216.0,Poor,2017,9,27,Autumn
Amritsar,2017-09-28,78.12,255.33,10.73,8.96,32.309124,12.24,0.86,4.96,30.83,1.41,9.74,17.26,199.0,Moderate,2017,9,28,Autumn
Amritsar,2017-09-29,97.56,298.19,13.6,11.8,32.309124,23.483477,0.99,6.65,26.97,1.42,8.37,17.29,233.0,Poor,2017,9,29,Autumn
Amritsar,2017-09-30,203.2,311.39,13.97,12.08,32.309124,23.483477,1.07,6.35,17.59,1.54,8.8,24.69,271.0,Poor,2017,9,30,Autumn
Amritsar,2017-10-01,65.44,188.36,9.32,8.57,32.309124,23.483477,0.32,5.52,19.13,1.55,2.52,6.61,232.0,Poor,2017,10,1,Autumn
Amritsar,2017-10-02,49.0,144.77,8.43,7.54,32.309124,23.483477,0.13,3.61,25.31,1.5,1.16,2.34,166.46358,Moderate,2017,10,2,Autumn
Amritsar,2017-10-03,56.55,177.56,8.95,6.41,32.309124,23.483477,0.11,1.46,27.74,1.45,1.4,2.21,166.46358,Moderate,2017,10,3,Autumn
Amritsar,2017-10-04,64.58,208.1,10.05,4.97,23.64,15.0,0.4,4.44,27.86,1.49,4.03,5.67,166.46358,Moderate,2017,10,4,Autumn
Amritsar,2017-10-05,63.2,173.65,7.13,5.76,22.92,15.79,0.23,2.59,26.16,2.08,2.14,3.03,166.46358,Moderate,2017,10,5,Autumn
Amritsar,2017-10-06,74.82,271.04,8.23,6.79,23.09,15.54,0.34,3.72,28.63,1.93,3.11,4.69,166.46358,Moderate,2017,10,6,Autumn
Amritsar,2017-10-07,50.85,182.83,12.73,16.28,34.88,28.65,0.29,3.6,27.13,1.76,2.09,2.31,166.46358,Moderate,2017,10,7,Autumn
Amritsar,2017-10-08,60.98,231.02,5.91,14.52,32.49,51.58,0.16,2.73,18.03,1.99,0.34,0.0,166.46358,Moderate,2017,10,8,Autumn
Amritsar,2017-10-09,52.15,168.17,4.99,14.12,33.6,51.42,0.25,3.01,20.02,2.07,2.7,6.65,166.46358,Moderate,2017,10,9,Autumn
Amritsar,2017-10-10,67.45058,118.127106,17.57473,28.56066,35.61,44.32,0.0,14.531978,23.88,1.73,0.0,0.0,166.46358,Moderate,2017,10,10,Autumn
Amritsar,2017-10-11,67.45058,118.127106,17.57473,28.56066,39.8,45.79,0.0,14.531978,43.3,2.33,0.0,0.0,166.46358,Moderate,2017,10,11,Autumn
Amritsar,2017-10-12,67.45058,118.127106,17.57473,28.56066,38.87,36.98,0.0,14.531978,27.75,1.76,0.0,0.0,166.46358,Moderate,2017,10,12,Autumn
Amritsar,2017-10-13,67.45058,118.127106,17.57473,28.56066,39.54,43.69,0.0,14.531978,28.63,1.63,0.0,0.0,166.46358,Moderate,2017,10,13,Autumn
Amritsar,2017-10-14,67.45058,118.127106,17.57473,28.56066,42.91,41.55,0.0,14.531978,24.69,2.39,0.0,0.0,166.46358,Moderate,2017,10,14,Autumn
Amritsar,2017-10-15,67.45058,118.127106,17.57473,28.56066,31.23,45.62,0.0,14.531978,20.78,1.61,0.0,0.0,166.46358,Moderate,2017,10,15,Autumn
Amritsar,2017-10-16,67.45058,118.127106,17.57473,28.56066,40.11,47.31,0.0,14.531978,24.38,4.47,0.0,0.0,166.46358,Moderate,2017,10,16,Autumn
Amritsar,2017-10-17,67.45058,118.127106,17.57473,28.56066,43.07,47.38,0.0,14.531978,16.35,10.28,0.0,0.0,166.46358,Moderate,2017,10,17,Autumn
Amritsar,2017-10-18,67.45058,118.127106,17.57473,28.56066,47.35,48.08,0.0,14.531978,25.89,2.87,0.0,0.0,166.46358,Moderate,2017,10,18,Autumn
Amritsar,2017-10-19,139.16,291.88,18.64,37.98,55.06,51.89,0.69,5.22,17.49,3.4,4.45,13.24,166.46358,Moderate,2017,10,19,Autumn
Amritsar,2017-10-24,71.13,191.27,19.23,40.37,59.6,56.56,1.03,4.28,11.79,2.37,6.8,24.64,229.0,Poor,2017,10,24,Autumn
Amritsar,2017-10-25,126.19,312.7,27.26,46.16,73.42,67.83,1.37,5.91,13.68,2.49,11.07,27.32,239.0,Poor,2017,10,25,Autumn
Amritsar,2017-10-31,174.03,267.13,20.75,41.44,62.18,70.6,1.45,4.39,9.84,3.0,12.98,26.31,271.0,Poor,2017,10,31,Autumn
Amritsar,2017-11-01,145.27,261.79,17.83,39.11,56.94,66.67,1.11,3.59,15.1,2.83,11.85,25.7,304.0,Very Poor,2017,11,1,Autumn
Amritsar,2017-11-07,97.78,232.21,8.32,30.81,36.48,26.67,1.9,4.39,3.93,4.39,12.39,25.01,252.0,Poor,2017,11,7,Autumn
Amritsar,2017-11-08,90.68,250.2,26.51,28.37,54.2,30.33,1.89,5.71,3.71,4.25,11.87,25.25,235.0,Poor,2017,11,8,Autumn
Amritsar,2017-11-09,113.0,222.95,38.56,21.98,60.07,34.51,2.13,8.28,19.28,4.78,13.04,26.66,248.0,Poor,2017,11,9,Autumn
Amritsar,2017-11-10,137.47,260.49,38.12,21.68,56.14,33.64,2.0,7.71,23.6,4.8,12.76,26.69,295.0,Poor,2017,11,10,Autumn
Amritsar,2017-11-14,89.18,178.8,54.75,5.2,59.94,14.01,1.3,4.34,24.42,3.77,10.62,23.97,234.0,Poor,2017,11,14,Autumn
Amritsar,2017-11-15,38.17,100.14,46.4,13.71,59.36,15.25,0.66,7.43,23.57,3.07,7.91,22.83,128.0,Moderate,2017,11,15,Autumn
Amritsar,2017-11-16,78.81,182.69,58.44,41.92,100.36,12.81,1.05,18.04,25.52,3.8,8.97,24.21,131.0,Moderate,2017,11,16,Autumn
Amritsar,2017-11-17,111.37,228.78,57.05,31.94,88.99,11.88,1.4,8.03,29.84,6.75,9.31,20.58,262.0,Poor,2017,11,17,Autumn
Amritsar,2017-11-18,83.0,184.32,52.17,7.07,57.11,12.53,0.97,8.07,25.07,4.35,7.79,14.11,200.0,Moderate,2017,11,18,Autumn
Amritsar,2017-11-19,106.43,224.99,56.49,12.22,68.71,10.81,1.05,5.24,21.02,4.3,7.9,13.38,206.0,Poor,2017,11,19,Autumn
Amritsar,2017-11-23,110.68,237.22,68.04,48.8,116.84,13.34,1.74,9.61,51.68,8.62,9.58,15.67,288.0,Poor,2017,11,23,Autumn
Amritsar,2017-11-24,141.64,270.82,82.14,49.18,130.87,12.55,2.31,14.29,54.87,8.3,10.98,17.59,302.0,Very Poor,2017,11,24,Autumn
Amritsar,2017-12-02,119.12,232.05,79.18,23.9,103.08,6.57,1.96,8.67,30.52,8.83,11.75,19.74,296.0,Poor,2017,12,2,Winter
Amritsar,2017-12-04,108.22,214.5,47.23,7.36,54.59,2.19,1.48,4.54,18.64,5.09,9.61,16.63,266.0,Poor,2017,12,4,Winter
Amritsar,2017-12-05,92.93,189.34,47.7,3.08,50.78,1.0,1.39,3.69,18.47,4.94,9.32,15.93,227.0,Poor,2017,12,5,Winter
Amritsar,2017-12-06,51.36,134.65,8.1,102.85,105.34,21.74,1.14,4.3,18.65,4.14,7.48,11.05,166.46358,Moderate,2017,12,6,Winter
Amritsar,2017-12-07,106.08,215.78,19.15,49.15,66.48,9.95,2.41,10.52,24.02,5.45,9.64,15.73,185.0,Moderate,2017,12,7,Winter
Amritsar,2017-12-08,131.98,266.2,31.82,20.28,52.09,3.11,2.83,15.63,23.9,9.68,11.96,18.04,298.0,Poor,2017,12,8,Winter
Amritsar,2017-12-09,117.47,236.63,38.13,19.17,57.3,2.67,2.15,6.8,20.97,12.27,12.24,19.51,304.0,Very Poor,2017,12,9,Winter
Amritsar,2017-12-10,102.19,198.88,33.67,18.62,52.28,2.49,3.83,7.07,19.06,9.15,10.31,17.46,277.0,Poor,2017,12,10,Winter
Amritsar,2017-12-11,44.98,87.5,25.9,13.03,38.91,3.09,3.75,9.09,17.91,3.94,6.9,13.09,162.0,Moderate,2017,12,11,Winter
Amritsar,2017-12-12,53.43,87.57,25.21,10.07,35.27,1.73,2.82,4.37,19.16,2.59,5.31,11.12,127.0,Moderate,2017,12,12,Winter
Amritsar,2017-12-13,66.28,141.61,24.35,16.09,40.44,0.5,1.7,4.5,16.98,3.31,5.21,16.32,116.0,Moderate,2017,12,13,Winter
Amritsar,2017-12-14,58.41,124.48,23.33,16.29,39.62,0.57,0.86,6.69,17.61,5.8,4.3,22.25,126.0,Moderate,2017,12,14,Winter
Amritsar,2017-12-15,53.83,120.29,25.17,18.12,43.28,0.06,0.87,6.22,16.45,3.2808404,8.700972,3.0701277,113.0,Moderate,2017,12,15,Winter
Amritsar,2017-12-16,58.65,129.08,24.95,19.43,44.38,0.08,0.7,4.64,15.89,3.2808404,8.700972,3.0701277,114.0,Moderate,2017,12,16,Winter
Amritsar,2017-12-17,63.41,177.11,25.57,20.54,46.11,0.15,1.39,4.03,15.84,3.2808404,8.700972,3.0701277,133.0,Moderate,2017,12,17,Winter
Amritsar,2017-12-18,43.93,121.78,24.83,21.39,46.22,0.17,1.74,3.97,16.82,3.2808404,8.700972,3.0701277,142.0,Moderate,2017,12,18,Winter
Amritsar,2017-12-19,75.09,171.16,25.17,22.07,47.24,0.36,0.86,5.83,17.59,3.2808404,8.700972,3.0701277,126.0,Moderate,2017,12,19,Winter
Amritsar,2017-12-20,108.76,221.19,27.08,23.33,50.41,0.67,1.2,6.1,22.4,3.2808404,8.700972,3.0701277,230.0,Poor,2017,12,20,Winter
Amritsar,2017-12-21,87.22,198.96,20.54,42.63,54.36,4.86,0.96,12.91,24.44,16.18,7.27,19.43,227.0,Poor,2017,12,21,Winter
Amritsar,2017-12-22,56.46,126.01,5.73,25.53,31.26,3.37,1.53,2.98,24.89,4.8,5.61,7.89,143.0,Moderate,2017,12,22,Winter
Amritsar,2017-12-23,72.21,157.96,6.3,26.12,32.42,3.42,2.16,3.34,25.49,4.92,7.25,8.95,122.0,Moderate,2017,12,23,Winter
Amritsar,2017-12-24,96.33,186.31,7.72,28.36,36.08,3.66,1.71,3.36,21.55,5.7,7.97,10.23,197.0,Moderate,2017,12,24,Winter
Amritsar,2017-12-25,112.36,210.37,8.0,28.77,36.76,3.76,1.41,3.31,20.73,7.2,9.25,11.68,235.0,Poor,2017,12,25,Winter
Amritsar,2017-12-28,101.19,188.85,5.98,26.62,32.6,3.32,1.24,5.94,23.25,5.23,8.68,9.38,298.0,Poor,2017,12,28,Winter
Amritsar,2017-12-29,100.84,199.13,5.9,27.47,33.37,3.34,1.63,3.94,23.1,8.05,9.54,7.86,233.0,Poor,2017,12,29,Winter
Amritsar,2017-12-30,133.75,254.85,6.72,28.81,35.53,3.51,2.0,3.58,19.5,8.93,11.08,9.95,283.0,Poor,2017,12,30,Winter
Amritsar,2018-01-03,87.04,179.58,7.47,29.9,37.38,3.65,1.42,3.54,18.71,4.76,8.49,5.67,232.0,Poor,2018,1,3,Winter
Amritsar,2018-01-04,67.45058,118.127106,17.57473,28.56066,32.309124,23.483477,2.248598,14.531978,34.491432,3.2808404,8.700972,3.0701277,212.0,Poor,2018,1,4,Winter
Amritsar,2018-01-05,67.45058,118.127106,17.57473,28.56066,32.309124,23.483477,2.248598,14.531978,34.491432,3.2808404,8.700972,3.0701277,166.46358,Moderate,2018,1,5,Winter
Amritsar,2018-01-06,67.45058,118.127106,17.57473,28.56066,32.309124,23.483477,2.248598,14.531978,34.491432,3.2808404,8.700972,3.0701277,166.46358,Moderate,2018,1,6,Winter
Amritsar,2018-01-07,67.45058,118.127106,17.57473,28.56066,32.309124,23.483477,2.248598,14.531978,34.491432,3.2808404,8.700972,3.0701277,166.46358,Moderate,2018,1,7,Winter
Amritsar,2018-01-08,67.45058,118.127106,17.57473,28.56066,32.309124,23.483477,2.248598,14.531978,34.491432,3.2808404,8.700972,3.0701277,166.46358,Moderate,2018,1,8,Winter
Amritsar,2018-01-09,67.45058,118.127106,17.57473,28.56066,32.309124,23.483477,2.248598,14.531978,34.491432,3.2808404,8.700972,3.0701277,166.46358,Moderate,2018,1,9,Winter
Amritsar,2018-01-10,67.45058,118.127106,17.57473,28.56066,32.309124,23.483477,2.248598,14.531978,34.491432,3.2808404,8.700972,3.0701277,166.46358,Moderate,2018,1,10,Winter
Amritsar,2018-01-11,67.45058,118.127106,17.57473,28.56066,32.309124,23.483477,2.248598,14.531978,34.491432,3.2808404,8.700972,0.0,166.46358,Moderate,2018,1,11,Winter
Amritsar,2018-01-12,98.85,198.54,4.95,75.7,89.91,13.86,1.47,5.39,26.64,11.47,9.86,5.61,166.46358,Moderate,2018,1,12,Winter
Amritsar,2018-01-13,103.52,189.41,7.5,78.17,86.29,14.23,1.66,3.32,19.76,6.81,10.37,9.68,237.0,Poor,2018,1,13,Winter
Amritsar,2018-01-15,66.92,138.18,17.36,86.72,105.11,15.85,1.36,3.24,23.5,8.01,8.29,7.29,170.0,Moderate,2018,1,15,Winter
Amritsar,2018-01-16,77.72,158.17,7.18,79.22,86.56,14.3,1.44,10.0,23.22,13.14,10.33,10.69,152.0,Moderate,2018,1,16,Winter
Amritsar,2018-01-17,77.71,151.64,5.23,77.4,96.5,14.02,1.25,3.27,19.23,6.07,8.03,7.3,144.0,Moderate,2018,1,17,Winter
Amritsar,2018-01-18,73.58,146.1,5.84,78.11,84.39,14.16,1.2,5.07,19.1,4.96,8.02,6.48,165.0,Moderate,2018,1,18,Winter
Amritsar,2018-01-19,61.57,131.82,5.4,77.61,96.68,14.11,1.23,3.64,20.29,4.7,7.62,5.88,126.0,Moderate,2018,1,19,Winter
Amritsar,2018-01-20,70.31,154.81,5.62,76.93,82.55,13.97,1.24,3.89,21.19,7.51,8.02,6.38,129.0,Moderate,2018,1,20,Winter
Amritsar,2018-01-21,74.04,163.69,6.29,76.91,83.2,13.92,1.2,3.09,22.55,7.6,8.52,7.13,149.0,Moderate,2018,1,21,Winter
Amritsar,2018-01-22,58.91,131.93,5.36,77.1,82.45,13.85,1.1,2.76,19.82,5.69,7.65,6.37,125.0,Moderate,2018,1,22,Winter
Amritsar,2018-01-23,58.9,110.95,6.49,78.77,88.61,14.05,0.82,3.24,17.78,4.59,7.61,5.88,123.0,Moderate,2018,1,23,Winter
Amritsar,2018-01-24,26.86,59.87,6.99,78.52,99.51,14.0,0.68,3.05,18.36,4.96,6.69,5.28,115.0,Moderate,2018,1,24,Winter
Amritsar,2018-01-25,62.55,122.25,7.44,79.24,87.27,14.09,1.98,3.1,17.4,4.21,7.93,6.53,127.0,Moderate,2018,1,25,Winter
Amritsar,2018-01-26,57.51,120.69,7.2,79.01,99.72,14.09,1.26,2.5,17.71,4.53,7.76,5.08,118.0,Moderate,2018,1,26,Winter
Amritsar,2018-01-27,70.09,160.56,15.42,60.24,81.09,12.37,1.04,5.11,17.25,5.34,7.16,5.29,132.0,Moderate,2018,1,27,Winter
Amritsar,2018-01-28,53.67,114.13,79.13,34.3,103.35,13.71,0.92,4.04,13.69,10.26,8.26,5.82,124.0,Moderate,2018,1,28,Winter
Amritsar,2018-01-29,45.61,101.86,56.09,45.86,115.47,14.12,0.94,3.4,15.74,10.4,8.29,6.12,127.0,Moderate,2018,1,29,Winter
Amritsar,2018-01-30,61.12,131.87,72.13,47.57,120.39,17.18,0.92,3.52,13.38,12.7,8.52,7.04,142.0,Moderate,2018,1,30,Winter
Amritsar,2018-01-31,56.96,135.69,71.85,53.42,140.88,16.33,0.92,2.97,13.15,12.27,8.08,6.53,150.0,Moderate,2018,1,31,Winter
Amritsar,2018-02-01,44.39,114.54,72.97,54.79,127.95,16.33,0.94,3.48,13.89,12.84,8.01,7.08,159.0,Moderate,2018,2,1,Winter
Amritsar,2018-02-02,31.79,96.3,66.62,59.83,141.5,15.06,0.82,2.56,13.11,11.53,7.19,6.0,149.0,Moderate,2018,2,2,Winter
Amritsar,2018-02-03,55.78,138.44,70.91,65.5,150.96,15.15,0.77,2.79,14.2,13.55,8.71,7.37,168.0,Moderate,2018,2,3,Winter
Amritsar,2018-02-04,50.4,131.72,57.49,70.81,141.86,14.1,0.66,2.66,14.0,11.04,7.43,5.76,165.0,Moderate,2018,2,4,Winter
Amritsar,2018-02-05,58.71,147.2,43.49,57.73,100.19,9.31,0.64,3.22,17.08,10.47,7.9,6.23,152.0,Moderate,2018,2,5,Winter
Amritsar,2018-02-06,48.6,136.91,28.66,49.52,82.69,4.74,0.63,2.82,13.82,11.9,7.85,6.61,130.0,Moderate,2018,2,6,Winter
Amritsar,2018-02-07,59.76,157.27,22.63,42.42,68.61,3.53,0.64,4.03,16.12,10.06,7.75,6.05,130.0,Moderate,2018,2,7,Winter
Amritsar,2018-02-08,67.11,160.02,18.92,49.05,71.77,4.75,0.61,3.38,14.43,11.24,8.26,6.4,141.0,Moderate,2018,2,8,Winter
Amritsar,2018-02-09,69.65,162.02,16.51,49.28,65.6,4.9,0.64,7.24,18.68,10.41,8.28,6.94,138.0,Moderate,2018,2,9,Winter
Amritsar,2018-02-10,67.14,166.85,30.58,61.48,102.14,12.93,0.63,4.55,19.32,11.45,8.25,7.0,145.0,Moderate,2018,2,10,Winter
Amritsar,2018-02-11,58.38,177.22,17.58,48.94,66.03,16.18,0.59,5.85,12.41,10.52,7.74,6.14,147.0,Moderate,2018,2,11,Winter
Amritsar,2018-02-12,48.16,87.04,12.79,35.24,60.95,14.94,0.52,2.83,12.54,8.39,6.72,5.0,123.0,Moderate,2018,2,12,Winter
Amritsar,2018-02-13,16.26,52.61,12.77,28.35,40.12,12.94,0.44,2.75,12.28,8.89,6.54,4.98,66.0,Satisfactory,2018,2,13,Winter
Amritsar,2018-02-14,15.91,50.34,16.37,33.5,48.87,13.41,0.53,2.63,11.79,9.27,6.58,5.08,58.0,Satisfactory,2018,2,14,Winter
Amritsar,2018-02-15,31.96,94.51,14.59,33.41,47.0,13.14,0.59,2.68,12.86,9.79,7.03,5.37,77.0,Satisfactory,2018,2,15,Winter
Amritsar,2018-02-16,68.32,181.17,18.6,30.42,53.75,13.4,1.53,5.1,12.65,9.66,7.47,5.87,129.0,Moderate,2018,2,16,Winter
Amritsar,2018-02-17,41.54,135.18,15.39,9.04,34.52,10.71,0.76,2.93,16.54,9.73,7.6,6.21,137.0,Moderate,2018,2,17,Winter
Amritsar,2018-02-18,53.44,159.72,15.28,11.58,37.88,11.03,0.72,3.1,15.95,9.86,7.97,6.1,133.0,Moderate,2018,2,18,Winter
Amritsar,2018-02-19,52.41,166.21,15.9,13.27,39.88,11.08,0.71,3.54,16.97,10.46,7.72,6.35,139.0,Moderate,2018,2,19,Winter
Amritsar,2018-02-20,69.46,205.16,16.51,13.13,40.59,10.95,0.66,3.72,12.89,11.28,8.05,6.1,162.0,Moderate,2018,2,20,Winter
Amritsar,2018-02-21,54.32,166.52,14.04,9.71,34.15,10.82,0.67,4.71,17.76,9.99,7.7,6.06,154.0,Moderate,2018,2,21,Winter
Amritsar,2018-02-22,43.14,122.51,14.65,10.2,36.43,11.57,0.61,4.93,16.89,9.66,7.48,5.83,124.0,Moderate,2018,2,22,Winter
Amritsar,2018-02-23,52.39,143.82,18.45,13.52,43.62,11.79,0.61,4.66,17.32,11.44,7.71,5.94,123.0,Moderate,2018,2,23,Winter
Amritsar,2018-02-24,29.75,89.22,16.36,10.8,38.61,11.45,0.54,4.14,17.81,10.52,7.12,5.48,114.0,Moderate,2018,2,24,Winter
Amritsar,2018-02-25,67.45058,118.127106,17.57473,28.56066,32.309124,23.483477,2.248598,14.531978,34.491432,3.2808404,8.700972,3.0701277,85.0,Satisfactory,2018,2,25,Winter
Amritsar,2018-02-26,27.2,81.05,12.31,5.87,18.4,10.24,0.52,3.65,23.29,8.43,6.8,5.19,166.46358,Moderate,2018,2,26,Winter
Amritsar,2018-02-27,58.6,153.78,15.83,9.93,35.86,10.57,0.55,4.14,18.36,11.46,7.7,5.83,119.0,Moderate,2018,2,27,Winter
Amritsar,2018-02-28,57.97,149.22,15.54,9.32,34.92,10.55,0.47,3.58,17.94,11.71,7.72,5.89,133.0,Moderate,2018,2,28,Winter
Amritsar,2018-03-01,46.84,128.01,16.33,9.46,36.16,10.5,0.56,3.83,16.46,12.02,7.85,6.22,132.0,Moderate,2018,3,1,Spring
Amritsar,2018-03-02,16.77,58.27,14.4,7.56,21.96,10.14,0.62,3.5,17.53,9.62,6.53,4.94,79.0,Satisfactory,2018,3,2,Spring
Amritsar,2018-03-03,25.72,77.3,16.06,8.99,35.26,10.21,0.65,3.55,17.96,11.16,7.2,5.72,73.0,Satisfactory,2018,3,3,Spring
Amritsar,2018-03-04,19.79,57.47,16.75,9.64,36.17,9.78,0.74,4.36,18.93,10.36,6.66,5.17,64.0,Satisfactory,2018,3,4,Spring
Amritsar,2018-03-05,31.52,77.37,12.38,6.09,26.79,8.68,0.71,3.46,23.99,9.89,6.87,5.16,69.0,Satisfactory,2018,3,5,Spring
Amritsar,2018-03-06,47.8,85.78,10.74,4.86,22.62,7.06,0.63,2.86,25.36,8.82,5.26,3.68,73.0,Satisfactory,2018,3,6,Spring
Amritsar,2018-03-07,58.97,153.53,10.96,9.45,20.72,7.05,0.69,3.85,18.99,7.39,3.25,1.86,133.0,Moderate,2018,3,7,Spring
Amritsar,2018-03-08,51.79,140.04,11.78,10.5,22.28,7.13,0.75,3.92,17.81,6.29,2.0,1.25,132.0,Moderate,2018,3,8,Spring
Amritsar,2018-03-09,29.06,104.61,11.67,9.14,27.71,7.18,0.69,3.55,18.23,5.16,1.42,0.85,112.0,Moderate,2018,3,9,Spring
Amritsar,2018-03-10,28.63,90.7,12.54,9.03,21.57,7.76,0.69,3.71,26.84,4.03,1.32,0.72,91.0,Satisfactory,2018,3,10,Spring
Amritsar,2018-03-11,42.29,129.74,12.7,9.54,29.85,7.97,0.64,3.72,30.89,4.91,1.44,0.85,110.0,Moderate,2018,3,11,Spring
Amritsar,2018-03-12,48.66,155.13,12.38,8.7,28.47,7.78,0.57,8.52,31.15,4.89,1.59,1.25,128.0,Moderate,2018,3,12,Spring
Amritsar,2018-03-13,54.53,157.09,11.78,8.0,20.1,8.69,0.88,3.55,29.18,5.07,1.73,1.38,140.0,Moderate,2018,3,13,Spring
Amritsar,2018-03-14,40.21,138.73,11.93,8.52,20.46,9.31,0.92,3.09,31.63,4.12,1.3,0.95,125.0,Moderate,2018,3,14,Spring
Amritsar,2018-03-15,27.42,104.51,14.66,6.89,27.71,8.26,1.31,3.42,34.72,3.47,0.98,0.65,119.0,Moderate,2018,3,15,Spring
Amritsar,2018-03-16,20.92,81.28,15.02,13.74,38.41,9.66,0.78,6.25,40.85,3.52,0.97,0.76,88.0,Satisfactory,2018,3,16,Spring
Amritsar,2018-03-17,30.1,96.19,13.61,14.15,27.87,9.95,0.76,1.95,37.46,3.8,1.05,0.72,93.0,Satisfactory,2018,3,17,Spring
Amritsar,2018-03-18,43.88,137.19,13.38,15.46,28.84,9.99,0.89,2.35,34.26,4.61,1.34,0.9,112.0,Moderate,2018,3,18,Spring
Amritsar,2018-03-19,44.86,144.69,11.95,14.56,26.51,9.1,0.84,2.63,36.17,3.65,1.29,0.79,138.0,Moderate,2018,3,19,Spring
Amritsar,2018-03-20,56.47,158.03,13.78,12.76,35.48,8.69,0.75,2.59,23.55,4.01,1.48,0.96,124.0,Moderate,2018,3,20,Spring
Amritsar,2018-03-21,20.96,75.37,13.85,4.88,22.74,5.64,0.84,2.72,29.63,4.18,2.82,1.35,106.0,Moderate,2018,3,21,Spring
Amritsar,2018-03-22,15.44,57.58,13.73,4.94,28.91,5.64,0.86,2.45,29.02,4.28,2.68,1.55,72.0,Satisfactory,2018,3,22,Spring
Amritsar,2018-03-23,37.84,115.7,13.8,4.88,24.49,5.65,0.9,2.4,30.86,4.18,3.0,1.63,166.46358,Moderate,2018,3,23,Spring
Amritsar,2018-03-24,53.87,150.64,17.23,11.11,28.34,10.48,0.74,7.43,34.24,5.65,3.53,3.23,166.46358,Moderate,2018,3,24,Spring
Amritsar,2018-03-25,52.32,136.13,18.62,13.02,31.63,12.83,0.93,1.91,38.35,3.57,2.68,2.21,166.46358,Moderate,2018,3,25,Spring
Amritsar,2018-03-26,85.49,196.39,17.51,14.09,31.6,13.86,0.9,2.92,36.59,4.81,6.07,4.11,166.46358,Moderate,2018,3,26,Spring
Amritsar,2018-03-27,79.32,200.53,17.48,12.94,13.12,14.62,0.37,6.19,21.93,2.21,3.29,1.88,166.46358,Moderate,2018,3,27,Spring
Amritsar,2018-03-28,58.0,153.79,17.57473,11.72,32.309124,23.483477,1.04,5.09,34.491432,3.2808404,8.700972,3.0701277,166.46358,Moderate,2018,3,28,Spring
Amritsar,2018-03-29,43.46,137.94,17.57473,13.6,32.309124,11.58,1.03,1.52,34.491432,3.2808404,8.700972,3.0701277,166.46358,Moderate,2018,3,29,Spring
Amritsar,2018-03-30,67.45058,118.127106,17.57473,28.56066,32.309124,11.95,0.94,5.94,34.491432,3.2808404,8.700972,3.0701277,166.46358,Moderate,2018,3,30,Spring
Amritsar,2018-03-31,60.49,175.86,17.57473,6.46,32.309124,10.05,0.78,4.04,34.491432,3.2808404,8.700972,3.0701277,166.46358,Moderate,2018,3,31,Spring
Amritsar,2018-04-01,42.65,127.85,17.57473,8.85,32.309124,23.483477,0.77,4.97,34.491432,3.2808404,8.700972,3.0701277,166.46358,Moderate,2018,4,1,Spring
Amritsar,2018-04-02,34.55,140.89,17.57473,6.95,32.309124,10.58,0.78,4.64,34.491432,3.2808404,8.700972,3.0701277,166.46358,Moderate,2018,4,2,Spring
Amritsar,2018-04-03,65.85,164.22,17.57473,6.36,32.309124,7.88,0.85,4.41,34.491432,3.2808404,8.700972,3.0701277,166.46358,Moderate,2018,4,3,Spring
Amritsar,2018-04-04,60.17,196.48,17.57473,2.24,32.309124,23.483477,0.96,5.48,34.491432,3.2808404,8.700972,3.0701277,166.46358,Moderate,2018,4,4,Spring
Amritsar,2018-04-05,52.95,159.99,17.57473,16.91,32.309124,9.21,0.29,6.02,34.491432,3.2808404,8.700972,3.0701277,166.46358,Moderate,2018,4,5,Spring
Amritsar,2018-04-06,46.28,131.27,17.57473,17.53,32.309124,9.33,0.24,5.68,34.491432,3.2808404,8.700972,3.0701277,126.0,Moderate,2018,4,6,Spring
Amritsar,2018-04-07,34.09,105.54,17.57473,17.85,32.309124,9.03,0.26,4.15,34.491432,3.2808404,8.700972,3.0701277,110.0,Moderate,2018,4,7,Spring
Amritsar,2018-04-08,42.13,124.71,17.57473,17.43,32.309124,9.05,0.24,5.38,34.491432,3.2808404,8.700972,3.0701277,112.0,Moderate,2018,4,8,Spring
Amritsar,2018-04-09,28.51,138.44,17.57473,11.57,32.309124,7.14,0.62,4.41,34.491432,3.2808404,8.700972,3.0701277,138.0,Moderate,2018,4,9,Spring
Amritsar,2018-04-10,34.87,97.24,17.57473,2.45,32.309124,6.23,0.99,5.9,34.491432,3.2808404,8.700972,3.0701277,96.0,Satisfactory,2018,4,10,Spring
Amritsar,2018-04-11,18.64,55.1,17.57473,4.58,32.309124,8.43,0.94,4.71,34.491432,3.2808404,8.700972,3.0701277,77.0,Satisfactory,2018,4,11,Spring
Amritsar,2018-04-12,28.11,65.25,17.57473,237.27,32.309124,25.24,0.82,4.64,34.491432,3.2808404,8.700972,3.0701277,72.0,Satisfactory,2018,4,12,Spring
Amritsar,2018-04-13,42.29,99.54,17.57473,25.06,32.309124,4.8,0.81,5.11,34.491432,3.2808404,8.700972,3.0701277,83.0,Satisfactory,2018,4,13,Spring
Amritsar,2018-04-14,52.59,129.54,17.57473,22.42,32.309124,4.94,0.78,4.63,34.491432,3.2808404,8.700972,3.0701277,107.0,Moderate,2018,4,14,Spring
Amritsar,2018-04-15,55.56,140.47,17.57473,21.13,32.309124,6.1,0.96,4.5,34.491432,3.2808404,8.700972,3.0701277,128.0,Moderate,2018,4,15,Spring
Amritsar,2018-04-16,33.87,119.64,17.57473,16.37,32.309124,6.35,0.94,4.32,34.491432,3.2808404,8.700972,3.0701277,122.0,Moderate,2018,4,16,Spring
Amritsar,2018-04-17,22.94,70.01,17.57473,16.99,32.309124,9.61,0.92,6.11,34.491432,3.2808404,8.700972,3.0701277,99.0,Satisfactory,2018,4,17,Spring
Amritsar,2018-04-18,35.71,100.19,17.57473,4.89,32.309124,4.14,0.81,5.0,34.491432,3.2808404,8.700972,3.0701277,85.0,Satisfactory,2018,4,18,Spring
Amritsar,2018-04-19,43.0,134.69,17.57473,9.02,32.309124,6.96,1.16,4.1,34.491432,3.2808404,8.700972,3.0701277,117.0,Moderate,2018,4,19,Spring
Amritsar,2018-04-20,17.8,63.32,17.57473,9.46,32.309124,8.2,0.92,4.99,34.491432,3.2808404,8.700972,3.0701277,94.0,Satisfactory,2018,4,20,Spring
Amritsar,2018-04-21,21.1,77.96,17.57473,8.67,32.309124,8.02,0.62,4.65,34.491432,3.2808404,8.700972,3.0701277,66.0,Satisfactory,2018,4,21,Spring
Amritsar,2018-04-22,23.62,80.1,17.57473,8.81,32.309124,8.01,0.6,4.83,34.491432,3.2808404,8.700972,3.0701277,78.0,Satisfactory,2018,4,22,Spring
Amritsar,2018-04-23,29.8,98.84,17.57473,8.82,32.309124,7.88,0.75,4.28,34.491432,3.2808404,8.700972,3.0701277,94.0,Satisfactory,2018,4,23,Spring
Amritsar,2018-04-24,60.36,161.24,17.57473,8.64,32.309124,7.81,0.64,4.88,34.491432,3.2808404,8.700972,3.0701277,119.0,Moderate,2018,4,24,Spring
Amritsar,2018-04-25,69.33,167.05,17.57473,9.24,32.309124,7.89,0.55,4.85,34.491432,3.2808404,8.700972,3.0701277,148.0,Moderate,2018,4,25,Spring
Amritsar,2018-04-26,43.85,109.9,17.57473,8.67,32.309124,6.99,0.75,4.74,34.491432,3.2808404,8.700972,3.0701277,119.0,Moderate,2018,4,26,Spring
Amritsar,2018-04-27,81.81,203.55,17.57473,9.99,32.309124,8.01,0.72,5.37,34.491432,3.2808404,8.700972,3.0701277,138.0,Moderate,2018,4,27,Spring
Amritsar,2018-04-28,71.4,148.06,17.57473,10.58,32.309124,8.19,0.51,4.23,34.491432,3.2808404,8.700972,3.0701277,156.0,Moderate,2018,4,28,Spring
Amritsar,2018-04-29,61.67,148.89,17.57473,10.58,32.309124,8.22,0.64,5.94,34.491432,3.2808404,8.700972,3.0701277,136.0,Moderate,2018,4,29,Spring
Amritsar,2018-04-30,64.92,178.5,17.57473,10.64,32.309124,8.19,0.74,8.03,34.491432,3.2808404,8.700972,3.0701277,149.0,Moderate,2018,4,30,Spring
Amritsar,2018-05-01,77.06,201.95,17.57473,11.04,32.309124,7.87,0.87,8.84,34.491432,3.2808404,8.700972,3.0701277,157.0,Moderate,2018,5,1,Spring
Amritsar,2018-05-02,60.54,188.97,17.57473,10.25,32.309124,6.78,2.31,12.24,34.491432,3.2808404,8.700972,3.0701277,161.0,Moderate,2018,5,2,Spring
Amritsar,2018-05-03,37.37,83.42,17.57473,8.35,32.309124,5.24,0.89,6.86,34.491432,3.2808404,8.700972,3.0701277,120.0,Moderate,2018,5,3,Spring
Amritsar,2018-05-04,46.96,117.05,17.57473,8.24,32.309124,5.14,0.8,4.5,34.491432,3.2808404,8.700972,3.0701277,104.0,Moderate,2018,5,4,Spring
Amritsar,2018-05-05,60.38,157.78,17.57473,8.23,32.309124,5.14,0.95,5.8,34.491432,3.2808404,8.700972,3.0701277,123.0,Moderate,2018,5,5,Spring
Amritsar,2018-05-06,43.89,121.76,17.57473,8.22,32.309124,5.13,0.79,5.07,34.491432,3.2808404,8.700972,3.0701277,131.0,Moderate,2018,5,6,Spring
Amritsar,2018-05-07,26.75,83.47,17.57473,8.26,32.309124,5.13,0.62,6.45,34.491432,3.2808404,8.700972,3.0701277,95.0,Satisfactory,2018,5,7,Spring
Amritsar,2018-05-08,31.61,81.6,17.57473,8.21,32.309124,5.13,0.53,5.14,34.491432,3.2808404,8.700972,3.0701277,82.0,Satisfactory,2018,5,8,Spring
Amritsar,2018-05-09,58.47,118.73,17.57473,8.25,32.309124,5.13,0.57,4.77,34.491432,3.2808404,8.700972,3.0701277,100.0,Satisfactory,2018,5,9,Spring
Amritsar,2018-05-10,99.65,169.11,17.57473,8.25,32.309124,5.14,0.7,4.96,34.491432,3.2808404,8.700972,3.0701277,178.0,Moderate,2018,5,10,Spring
Amritsar,2018-05-11,108.04,198.34,17.57473,8.24,32.309124,5.13,0.7,5.85,34.491432,3.2808404,8.700972,3.0701277,252.0,Poor,2018,5,11,Spring
Amritsar,2018-05-12,118.6,206.81,17.57473,8.26,32.309124,5.13,0.68,5.73,34.491432,3.2808404,8.700972,3.0701277,273.0,Poor,2018,5,12,Spring
Amritsar,2018-05-13,41.29,89.89,17.57473,8.22,32.309124,5.13,0.54,6.12,34.491432,3.2808404,8.700972,3.0701277,153.0,Moderate,2018,5,13,Spring
Amritsar,2018-05-14,51.48,113.43,17.57473,8.22,32.309124,5.13,0.61,5.39,34.491432,3.2808404,8.700972,3.0701277,102.0,Moderate,2018,5,14,Spring
Amritsar,2018-05-15,75.55,148.68,17.57473,8.23,32.309124,5.13,0.64,5.43,34.491432,3.2808404,8.700972,3.0701277,128.0,Moderate,2018,5,15,Spring
Amritsar,2018-05-16,56.32,136.55,17.57473,8.27,32.309124,5.11,0.66,6.05,34.491432,3.2808404,8.700972,3.0701277,127.0,Moderate,2018,5,16,Spring
Amritsar,2018-05-17,92.14,196.87,12.58,8.35,21.02,5.07,0.63,5.91,41.86,0.99,3.05,6.26,167.0,Moderate,2018,5,17,Spring
Amritsar,2018-05-18,84.74,196.78,12.55,8.41,20.97,5.04,0.66,5.46,38.02,1.0,3.05,6.23,206.0,Poor,2018,5,18,Spring
Amritsar,2018-05-19,72.32,163.27,12.54,8.25,20.79,5.11,0.59,5.99,35.54,0.91,2.94,5.36,149.0,Moderate,2018,5,19,Spring
Amritsar,2018-05-20,67.71,106.21,12.56,8.47,21.03,5.02,0.69,5.01,38.8,0.84,2.93,5.54,131.0,Moderate,2018,5,20,Spring
Amritsar,2018-05-21,74.3,134.46,12.55,8.61,21.15,4.99,0.61,5.77,38.82,0.76,2.76,5.8,127.0,Moderate,2018,5,21,Spring
Amritsar,2018-05-22,104.43,152.02,12.52,8.4,20.93,5.07,0.63,5.03,40.73,0.84,2.82,5.98,252.0,Poor,2018,5,22,Spring
Amritsar,2018-05-23,52.81,112.14,12.51,8.31,20.82,5.11,0.58,5.9,42.01,0.77,2.8,5.85,134.0,Moderate,2018,5,23,Spring
Amritsar,2018-05-24,51.88,100.81,12.53,8.33,20.86,5.1,0.63,5.56,41.07,0.79,2.79,5.78,102.0,Moderate,2018,5,24,Spring
Amritsar,2018-05-25,62.72,124.43,12.59,8.56,21.15,5.01,0.58,6.65,41.84,0.94,2.84,5.88,114.0,Moderate,2018,5,25,Spring
Amritsar,2018-05-26,74.08,126.26,12.63,8.34,20.97,5.08,0.53,5.85,42.98,0.97,2.83,5.77,132.0,Moderate,2018,5,26,Spring
Amritsar,2018-05-27,72.53,138.75,12.63,8.3,20.93,5.09,0.48,5.72,42.48,0.74,2.64,5.5,134.0,Moderate,2018,5,27,Spring
Amritsar,2018-05-28,108.07,76.5,12.63,8.24,20.87,5.11,0.97,7.2,40.83,0.86,2.76,5.75,225.0,Poor,2018,5,28,Spring
Amritsar,2018-05-29,74.32,61.18,12.62,8.36,20.99,5.07,0.98,6.52,44.43,0.83,2.6,5.52,196.0,Moderate,2018,5,29,Spring
Amritsar,2018-05-30,66.86,67.01,12.53,8.69,21.22,4.99,0.74,6.42,41.35,0.8,2.5,5.17,113.0,Moderate,2018,5,30,Spring
Amritsar,2018-05-31,75.49,327.61,12.34,22.51,20.81,6.42,0.92,5.16,34.32,0.88,2.54,4.97,130.0,Moderate,2018,5,31,Spring
Amritsar,2018-06-01,99.15,331.54,0.4,8.55,8.62,1.51,1.56,6.51,23.58,0.75,2.62,4.6,254.0,Poor,2018,6,1,Summer
Amritsar,2018-06-02,48.66,179.33,1.42,8.57,9.19,1.6,1.26,6.14,20.8,0.6,2.43,4.78,200.0,Moderate,2018,6,2,Summer
Amritsar,2018-06-03,67.25,199.98,0.76,8.4,8.35,1.58,1.24,6.23,23.36,0.58,2.46,5.24,164.0,Moderate,2018,6,3,Summer
Amritsar,2018-06-04,61.84,194.06,5.32,9.97,12.51,3.7,1.8,6.29,33.48,0.52,2.21,4.03,174.0,Moderate,2018,6,4,Summer
Amritsar,2018-06-05,59.22,208.58,12.27,9.6,21.53,4.87,1.23,3.13,38.93,0.6,2.46,4.18,164.0,Moderate,2018,6,5,Summer
Amritsar,2018-06-06,67.45058,118.127106,17.57473,28.56066,32.309124,23.483477,2.248598,14.531978,34.491432,3.2808404,8.700972,3.0701277,170.0,Moderate,2018,6,6,Summer
Amritsar,2018-06-07,53.32,146.53,13.48,17.23,27.03,3.12,2.81,4.73,46.78,0.64,2.46,4.37,166.46358,Moderate,2018,6,7,Summer
Amritsar,2018-06-08,54.7,175.81,57.62,29.71,39.7,5.39,2.1,6.52,32.46,0.92,2.79,5.3,148.0,Moderate,2018,6,8,Summer
Amritsar,2018-06-09,29.87,135.11,25.06,6.05,21.99,4.36,0.75,11.15,28.03,0.53,2.43,4.35,133.0,Moderate,2018,6,9,Summer
Amritsar,2018-06-10,50.25,148.66,9.57,18.11,28.68,4.54,2.248598,10.2,33.35,0.7,2.57,5.12,128.0,Moderate,2018,6,10,Summer
Amritsar,2018-06-11,51.72,175.01,12.28,48.32,61.6,4.67,2.248598,14.28,27.6,0.62,2.13,4.38,135.0,Moderate,2018,6,11,Summer
Amritsar,2018-06-12,63.27,260.67,47.78,91.53,126.16,31.31,2.248598,7.91,38.92,0.9,3.04,8.83,166.46358,Moderate,2018,6,12,Summer
Amritsar,2018-06-13,83.88,340.65,33.85,13.99,43.79,9.52,2.82,7.38,34.24,1.04,2.87,5.89,221.0,Poor,2018,6,13,Summer
Amritsar,2018-06-17,49.36,215.18,17.91,13.17,31.08,7.53,2.248598,4.35,30.54,0.55,2.46,5.09,222.0,Poor,2018,6,17,Summer
Amritsar,2018-06-18,41.53,183.02,20.97,14.08,35.05,6.59,2.248598,6.47,41.74,0.63,2.56,4.89,158.0,Moderate,2018,6,18,Summer
Amritsar,2018-06-19,39.78,171.73,23.1,15.08,38.19,5.6,0.0,7.19,46.14,0.73,2.64,4.7,154.0,Moderate,2018,6,19,Summer
Amritsar,2018-06-20,44.05,152.49,13.1,16.37,29.47,5.81,2.248598,6.46,34.83,0.88,2.8,4.89,143.0,Moderate,2018,6,20,Summer
Amritsar,2018-06-21,33.94,120.27,12.02,17.25,29.27,5.93,2.248598,5.67,42.11,0.9,2.69,4.66,121.0,Moderate,2018,6,21,Summer
Amritsar,2018-06-22,40.94,150.34,11.3,16.96,28.26,6.18,2.248598,7.43,49.88,1.26,2.92,5.41,126.0,Moderate,2018,6,22,Summer
Amritsar,2018-06-23,32.02,154.91,11.04,16.48,27.52,6.32,2.248598,7.24,34.491432,0.99,2.68,4.98,145.0,Moderate,2018,6,23,Summer
Amritsar,2018-06-24,41.94,120.52,10.89,16.47,27.36,6.23,2.248598,6.33,34.491432,1.13,2.67,5.07,113.0,Moderate,2018,6,24,Summer
Amritsar,2018-06-25,45.02,174.24,10.83,16.07,26.9,6.24,2.248598,4.7,43.26,0.88,2.3,3.45,113.0,Moderate,2018,6,25,Summer
Amritsar,2018-06-26,49.85,229.22,10.6,15.85,26.44,6.33,2.248598,6.46,28.48,0.83,2.21,4.72,189.0,Moderate,2018,6,26,Summer
Amritsar,2018-06-27,30.38,85.39,10.56,16.22,26.78,6.23,2.248598,7.4,29.44,0.62,2.0,3.58,110.0,Moderate,2018,6,27,Summer
Amritsar,2018-06-28,21.99,46.12,10.88,16.14,27.02,6.09,1.34,12.55,24.31,0.58,1.88,3.26,86.0,Satisfactory,2018,6,28,Summer
Amritsar,2018-06-29,14.6,40.21,10.77,16.86,27.63,5.96,2.248598,8.09,17.42,0.71,2.2,3.84,47.0,Good,2018,6,29,Summer
Amritsar,2018-06-30,26.32,72.24,11.82,17.53,29.34,6.64,2.248598,9.9,26.17,0.94,2.44,4.51,50.0,Good,2018,6,30,Summer
Amritsar,2018-07-01,39.38,89.71,13.26,18.89,32.13,7.34,2.248598,3.78,39.68,1.23,2.73,5.27,94.0,Satisfactory,2018,7,1,Summer
Amritsar,2018-07-02,42.91,96.36,13.17,18.79,31.94,7.41,2.248598,4.23,36.15,1.0,2.28,4.4,96.0,Satisfactory,2018,7,2,Summer
Amritsar,2018-07-03,29.81,42.27,13.11,18.68,31.77,7.44,2.248598,9.09,21.49,0.6,2.04,3.6,59.0,Satisfactory,2018,7,3,Summer
Amritsar,2018-07-04,57.48,49.28,19.18,18.73,34.32,7.33,2.248598,11.28,20.67,0.65,2.09,3.96,83.0,Satisfactory,2018,7,4,Summer
Amritsar,2018-07-05,35.43,75.99,4.7,7.37,11.84,4.63,2.248598,5.02,31.48,0.73,2.21,4.11,71.0,Satisfactory,2018,7,5,Summer
Amritsar,2018-07-06,57.96,119.11,8.37,9.12,17.48,5.47,0.16,10.6,37.0,1.08,2.37,4.54,101.0,Moderate,2018,7,6,Summer
Amritsar,2018-07-07,51.58,109.11,11.37,9.3,20.67,6.76,0.18,7.1,40.35,1.05,2.42,5.01,107.0,Moderate,2018,7,7,Summer
Amritsar,2018-07-08,41.99,92.76,11.28,9.2,20.48,6.75,0.46,6.03,38.63,0.82,2.2,4.42,95.0,Satisfactory,2018,7,8,Summer
Amritsar,2018-07-09,43.36,87.53,11.31,9.17,20.48,6.88,0.15,9.03,38.7,0.65,1.98,3.31,93.0,Satisfactory,2018,7,9,Summer
Amritsar,2018-07-10,52.64,68.71,8.86,10.8,19.66,7.33,0.23,7.33,25.46,0.71,2.1,3.85,88.0,Satisfactory,2018,7,10,Summer
Amritsar,2018-07-11,28.48,46.52,9.4,10.06,19.46,7.42,0.47,7.25,30.39,0.63,2.06,3.95,81.0,Satisfactory,2018,7,11,Summer
Amritsar,2018-07-12,36.03,55.76,10.43,8.76,19.19,7.64,2.248598,5.66,25.23,3.29,2.6,3.73,50.0,Good,2018,7,12,Summer
Amritsar,2018-07-13,16.45,33.03,10.6,9.01,18.3,7.67,2.248598,11.91,17.04,5.57,2.75,2.14,60.0,Satisfactory,2018,7,13,Summer
Amritsar,2018-07-14,21.83,45.5,9.99,9.18,19.16,7.68,2.248598,7.33,37.11,3.17,1.92,3.06,166.46358,Moderate,2018,7,14,Summer
Amritsar,2018-07-15,21.47,41.26,9.76,9.43,19.19,7.59,2.248598,7.56,30.98,2.69,1.82,5.49,166.46358,Moderate,2018,7,15,Summer
Amritsar,2018-07-16,28.43,47.3,9.81,9.41,18.61,7.55,0.0,3.1,29.37,2.58,1.77,5.09,49.0,Good,2018,7,16,Summer
Amritsar,2018-07-17,22.09,41.49,10.07,9.35,16.76,7.6,0.0,2.67,34.97,1.92,1.31,4.28,49.0,Good,2018,7,17,Summer
Amritsar,2018-07-18,24.9,53.83,10.48,8.82,14.49,7.69,0.0,3.84,40.09,1.33,0.84,3.01,55.0,Satisfactory,2018,7,18,Summer
Amritsar,2018-07-19,18.52,53.06,10.44,8.73,15.41,7.65,0.25,3.39,41.53,1.69,1.05,4.41,166.46358,Moderate,2018,7,19,Summer
Amritsar,2018-07-20,26.85,65.56,10.29,8.06,18.35,6.96,0.41,9.02,27.54,2.02,1.51,6.09,67.0,Satisfactory,2018,7,20,Summer
Amritsar,2018-07-21,27.89,60.21,9.6,5.99,15.59,4.69,0.42,6.07,30.64,2.21,1.69,8.48,64.0,Satisfactory,2018,7,21,Summer
Amritsar,2018-07-22,25.89,27.13,9.36,6.06,15.42,4.71,0.34,3.75,34.04,1.76,1.34,8.49,54.0,Satisfactory,2018,7,22,Summer
Amritsar,2018-07-23,23.24,40.44,9.38,6.02,12.91,4.71,0.36,4.05,39.98,1.54,0.93,6.25,50.0,Good,2018,7,23,Summer
Amritsar,2018-07-24,24.15,48.14,10.29,5.21,10.99,6.2,0.37,3.71,38.48,1.16,0.9,3.58,74.0,Satisfactory,2018,7,24,Summer
Amritsar,2018-07-25,28.38,51.05,10.73,4.85,14.59,6.7,0.37,3.45,31.95,1.54,1.19,4.75,54.0,Satisfactory,2018,7,25,Summer
Amritsar,2018-07-26,14.82,31.86,10.62,4.83,7.46,6.71,0.13,3.45,27.37,0.93,0.63,1.92,50.0,Good,2018,7,26,Summer
Amritsar,2018-07-27,10.8,29.2,11.29,5.6,13.59,6.06,0.2,2.63,31.03,1.37,0.89,3.61,166.46358,Moderate,2018,7,27,Summer
Amritsar,2018-07-28,67.45058,28.23,12.49,6.7,19.19,5.32,0.24,1.95,27.33,1.84,1.39,7.89,25.0,Good,2018,7,28,Summer
Amritsar,2018-07-29,67.45058,38.77,12.69,6.65,19.32,5.31,0.37,1.92,26.45,1.99,1.55,10.86,46.0,Good,2018,7,29,Summer
Amritsar,2018-07-30,67.45058,49.86,12.67,6.6,19.3,5.31,0.33,2.04,32.44,2.18,1.69,12.12,68.0,Satisfactory,2018,7,30,Summer
Amritsar,2018-07-31,67.45058,59.9,12.42,6.63,19.05,5.34,0.3,2.12,36.58,2.19,1.6,7.91,59.0,Satisfactory,2018,7,31,Summer
Amritsar,2018-08-01,67.45058,63.84,12.7,7.14,19.81,5.77,0.17,2.21,39.25,2.0,1.49,7.34,71.0,Satisfactory,2018,8,1,Summer
Amritsar,2018-08-02,67.45058,61.34,14.06,8.58,22.66,7.14,0.5,3.89,42.72,1.87,1.36,7.84,62.0,Satisfactory,2018,8,2,Summer
Amritsar,2018-08-03,67.45058,147.2,14.18,8.94,23.12,7.08,0.23,2.77,30.38,2.08,1.55,11.38,67.0,Satisfactory,2018,8,3,Summer
Amritsar,2018-08-04,67.45058,127.95,12.49,8.67,21.08,5.64,0.14,4.57,38.44,1.84,1.22,5.86,126.0,Moderate,2018,8,4,Summer
Amritsar,2018-08-05,67.45058,83.64,11.48,8.11,19.59,4.03,2.248598,5.08,33.16,1.85,1.28,8.64,100.0,Satisfactory,2018,8,5,Summer
Amritsar,2018-08-06,67.45058,47.79,11.72,8.08,19.81,3.92,2.248598,6.87,34.94,1.76,1.19,7.62,66.0,Satisfactory,2018,8,6,Summer
Amritsar,2018-08-07,67.45058,19.9,12.57,7.92,20.49,3.58,2.248598,8.37,34.38,1.72,1.27,7.2,39.0,Good,2018,8,7,Summer
Amritsar,2018-08-08,67.45058,18.23,13.32,6.56,17.81,3.21,2.248598,6.67,33.25,1.94,1.4,6.75,37.0,Good,2018,8,8,Summer
Amritsar,2018-08-09,67.45058,19.99,5.55,7.11,12.66,7.71,2.248598,7.22,35.4,1.99,1.39,5.88,40.0,Good,2018,8,9,Summer
Amritsar,2018-08-10,67.45058,38.43,5.69,7.67,13.36,7.56,2.248598,8.7,34.38,2.02,1.63,9.18,42.0,Good,2018,8,10,Summer
Amritsar,2018-08-11,67.45058,38.21,5.73,7.76,13.49,7.43,2.248598,8.69,29.83,2.32,2.04,11.65,42.0,Good,2018,8,11,Summer
Amritsar,2018-08-12,67.45058,65.08,5.52,7.83,13.35,7.46,2.248598,8.41,28.86,2.07,1.73,11.65,43.0,Good,2018,8,12,Summer
Amritsar,2018-08-13,67.45058,47.75,6.32,8.79,14.95,7.22,2.248598,6.75,29.1,1.88,1.45,8.93,64.0,Satisfactory,2018,8,13,Summer
Amritsar,2018-08-14,67.45058,35.59,9.76,10.34,20.11,5.91,2.248598,7.25,38.17,1.8,1.36,10.34,44.0,Good,2018,8,14,Summer
Amritsar,2018-08-15,67.45058,31.42,9.59,10.37,19.96,5.94,2.248598,9.04,33.88,2.0,1.67,11.11,166.46358,Moderate,2018,8,15,Summer
Amritsar,2018-08-16,67.45058,61.22,7.73,10.24,18.08,6.2,2.248598,6.69,36.6,1.92,1.24,7.36,166.46358,Moderate,2018,8,16,Summer
Amritsar,2018-08-17,67.45058,50.07,7.37,9.47,16.84,5.62,2.248598,3.14,33.74,1.97,1.35,10.23,166.46358,Moderate,2018,8,17,Summer
Amritsar,2018-08-18,67.45058,28.55,7.22,9.46,16.69,5.66,2.248598,6.39,39.73,1.89,1.49,11.03,64.0,Satisfactory,2018,8,18,Summer
Amritsar,2018-08-19,67.45058,24.03,7.16,9.47,16.62,5.68,2.248598,5.18,32.67,1.9,1.45,10.81,40.0,Good,2018,8,19,Summer
Amritsar,2018-08-20,67.45058,39.04,9.14,10.14,19.27,6.17,0.32,5.76,34.69,1.97,1.34,8.03,61.0,Satisfactory,2018,8,20,Summer
Amritsar,2018-08-21,19.92,37.9,13.48,12.06,25.24,6.42,1.01,8.09,32.38,2.35,1.35,4.98,42.0,Good,2018,8,21,Summer
Amritsar,2018-08-22,67.45058,43.11,14.16,13.5,27.66,6.56,0.04,6.63,29.55,5.83,3.1,6.46,166.46358,Moderate,2018,8,22,Summer
Amritsar,2018-08-23,67.45058,30.87,12.46,12.01,21.0,7.26,0.0,5.23,25.65,4.85,2.54,7.12,40.0,Good,2018,8,23,Summer
Amritsar,2018-08-24,67.45058,47.04,14.88,13.39,25.88,6.29,0.0,6.56,31.61,4.72,2.57,9.67,39.0,Good,2018,8,24,Summer
Amritsar,2018-08-25,67.45058,118.127106,17.57473,28.56066,32.309124,23.483477,2.248598,14.531978,34.491432,3.2808404,8.700972,3.0701277,166.46358,Moderate,2018,8,25,Summer
Amritsar,2018-08-26,67.45058,118.127106,17.57473,28.56066,32.309124,23.483477,2.248598,14.531978,34.491432,3.2808404,8.700972,3.0701277,166.46358,Moderate,2018,8,26,Summer
Amritsar,2018-08-27,67.45058,71.25,68.83,32.78,60.38,19.46,0.0,27.38,29.62,2.07,1.05,3.21,166.46358,Moderate,2018,8,27,Summer
Amritsar,2018-08-28,67.45058,92.29,15.11,11.84,23.56,5.75,0.04,6.1,36.0,5.0,2.65,5.75,166.46358,Moderate,2018,8,28,Summer
Amritsar,2018-08-29,67.45058,99.16,12.38,11.74,23.74,3.62,0.0,4.98,15.3,5.83,3.35,11.83,98.0,Satisfactory,2018,8,29,Summer
Amritsar,2018-08-30,67.45058,73.84,11.03,10.68,20.6,4.86,0.0,5.32,20.33,5.38,2.93,7.52,86.0,Satisfactory,2018,8,30,Summer
Amritsar,2018-08-31,67.45058,86.23,11.92,9.68,16.05,5.98,0.0,5.79,29.21,4.26,3.5,4.19,72.0,Satisfactory,2018,8,31,Summer
Amritsar,2018-09-01,67.45058,74.16,15.86,18.0,23.87,11.87,0.0,5.43,33.67,4.68,4.88,7.26,78.0,Satisfactory,2018,9,1,Autumn
Amritsar,2018-09-02,67.45058,48.94,12.55,10.27,18.51,5.76,0.0,2.36,13.52,4.17,2.15,1.93,166.46358,Moderate,2018,9,2,Autumn
Amritsar,2018-09-03,67.45058,36.88,18.56,12.7,13.82,8.53,0.0,3.28,20.52,4.05,4.03,5.56,166.46358,Moderate,2018,9,3,Autumn
Amritsar,2018-09-04,67.45058,39.17,21.61,11.55,29.63,7.67,0.0,2.99,23.02,4.88,5.88,5.25,39.0,Good,2018,9,4,Autumn
Amritsar,2018-09-05,67.45058,64.29,12.35,10.75,19.65,5.99,0.0,2.33,32.89,4.92,4.77,4.11,53.0,Satisfactory,2018,9,5,Autumn
Amritsar,2018-09-06,67.45058,82.86,11.14,8.52,19.66,5.36,0.0,2.4,22.94,6.81,7.62,6.87,70.0,Satisfactory,2018,9,6,Autumn
Amritsar,2018-09-07,67.45058,56.13,9.57,7.29,16.86,4.69,0.0,2.74,19.52,6.66,8.47,7.52,72.0,Satisfactory,2018,9,7,Autumn
Amritsar,2018-09-08,67.45058,24.89,10.26,7.84,18.1,4.47,0.0,3.13,22.58,5.02,7.59,8.23,40.0,Good,2018,9,8,Autumn
Amritsar,2018-09-09,67.45058,34.62,10.88,10.65,21.4,4.37,0.0,2.87,17.87,5.23,7.87,11.46,33.0,Good,2018,9,9,Autumn
Amritsar,2018-09-10,67.45058,43.28,10.47,10.85,21.24,4.34,0.0,4.32,19.64,5.43,8.11,11.24,36.0,Good,2018,9,10,Autumn
Amritsar,2018-09-11,67.45058,42.87,15.68,15.46,31.14,10.81,0.0,2.74,21.88,5.44,8.16,11.58,45.0,Good,2018,9,11,Autumn
Amritsar,2018-09-12,67.45058,47.01,17.18,14.9,32.09,13.52,0.0,2.81,21.21,4.66,6.9,9.22,46.0,Good,2018,9,12,Autumn
Amritsar,2018-09-13,67.45058,84.37,14.76,10.91,25.66,9.91,0.0,3.09,19.33,4.03,5.85,8.54,56.0,Satisfactory,2018,9,13,Autumn
Amritsar,2018-09-14,67.45058,44.41,15.63,11.35,26.98,9.42,0.0,2.15,20.13,3.94,5.77,9.74,77.0,Satisfactory,2018,9,14,Autumn
Amritsar,2018-09-15,67.45058,36.96,15.74,11.61,27.34,9.31,0.0,3.01,19.82,4.08,5.91,10.03,38.0,Good,2018,9,15,Autumn
Amritsar,2018-09-16,67.45058,41.76,15.74,11.37,27.11,9.31,0.0,2.28,22.39,4.09,6.0,10.48,39.0,Good,2018,9,16,Autumn
Amritsar,2018-09-17,67.45058,56.83,15.24,11.48,26.72,9.5,0.0,3.49,25.12,4.27,6.1,10.36,48.0,Good,2018,9,17,Autumn
Amritsar,2018-09-18,67.45058,67.86,15.55,11.79,27.34,9.32,0.0,2.03,25.65,4.4,6.25,10.57,63.0,Satisfactory,2018,9,18,Autumn
Amritsar,2018-09-19,67.45058,81.95,15.34,11.69,27.03,9.42,0.0,3.25,25.84,4.58,6.39,10.75,76.0,Satisfactory,2018,9,19,Autumn
Amritsar,2018-09-20,67.45058,88.29,14.89,11.32,26.21,9.68,0.0,2.78,27.92,4.37,6.23,10.58,84.0,Satisfactory,2018,9,20,Autumn
Amritsar,2018-09-21,67.45058,73.77,14.78,11.04,25.82,9.81,0.0,2.57,24.4,4.24,5.97,10.26,86.0,Satisfactory,2018,9,21,Autumn
Amritsar,2018-09-22,67.45058,33.3,15.34,10.85,24.48,9.66,0.0,4.17,18.28,4.0,5.81,9.23,52.0,Satisfactory,2018,9,22,Autumn
Amritsar,2018-09-23,67.45058,10.81,18.2,3.94,22.06,7.38,0.02,5.15,10.8,3.87,5.72,7.31,32.0,Good,2018,9,23,Autumn
Amritsar,2018-09-24,67.45058,17.01,5.52,0.79,6.29,6.7,0.0,4.9,16.19,5.77,3.68,6.79,22.0,Good,2018,9,24,Autumn
Amritsar,2018-09-25,67.45058,27.65,6.39,1.41,7.8,4.63,0.0,3.16,12.47,12.5,0.73,12.25,20.0,Good,2018,9,25,Autumn
Amritsar,2018-09-26,67.45058,84.37,5.0,1.41,6.41,4.17,0.0,6.76,10.35,18.6,1.82,15.71,56.0,Satisfactory,2018,9,26,Autumn
Amritsar,2018-09-27,67.45058,93.59,5.79,4.82,10.6,6.58,0.06,4.37,16.55,17.04,1.13,13.8,91.0,Satisfactory,2018,9,27,Autumn
Amritsar,2018-09-28,67.45058,94.38,10.47,11.77,22.26,12.22,0.0,5.97,19.15,22.43,1.15,15.15,94.0,Satisfactory,2018,9,28,Autumn
Amritsar,2018-09-29,67.45058,43.79,13.44,14.45,27.88,11.18,0.0,6.46,18.06,15.48,0.91,14.48,67.0,Satisfactory,2018,9,29,Autumn
Amritsar,2018-09-30,67.45058,84.29,12.2,14.12,26.33,10.97,0.0,6.29,19.94,16.68,1.6,15.52,68.0,Satisfactory,2018,9,30,Autumn
Amritsar,2018-10-01,67.45058,119.97,10.65,14.79,25.44,11.08,0.0,6.5,20.78,18.14,1.67,15.25,100.0,Satisfactory,2018,10,1,Autumn
Amritsar,2018-10-02,67.45058,130.41,10.67,15.03,25.7,10.88,0.0,5.83,21.03,16.96,1.56,15.23,119.0,Moderate,2018,10,2,Autumn
Amritsar,2018-10-03,67.45058,134.54,10.62,14.44,25.04,10.64,0.0,6.65,17.06,16.32,1.48,14.76,122.0,Moderate,2018,10,3,Autumn
Amritsar,2018-10-04,67.45058,79.33,12.77,18.87,31.65,10.07,0.0,6.61,20.1,14.45,1.04,13.28,104.0,Moderate,2018,10,4,Autumn
Amritsar,2018-10-05,67.45058,65.32,11.02,17.17,28.2,9.51,0.0,6.18,21.78,9.74,0.85,8.32,78.0,Satisfactory,2018,10,5,Autumn
Amritsar,2018-10-06,67.45058,95.99,12.69,15.89,28.58,9.8,0.0,6.16,18.11,14.31,1.29,12.6,83.0,Satisfactory,2018,10,6,Autumn
Amritsar,2018-10-07,67.45058,194.56,11.01,15.38,26.39,9.96,0.0,6.75,23.54,17.31,1.64,14.68,133.0,Moderate,2018,10,7,Autumn
Amritsar,2018-10-08,67.45058,154.77,10.98,12.72,23.7,11.46,0.0,5.05,20.87,16.63,1.3,10.72,157.0,Moderate,2018,10,8,Autumn
Amritsar,2018-10-09,67.45058,87.81,12.7,10.99,23.68,13.5,0.0,3.72,9.48,21.28,0.68,8.76,106.0,Moderate,2018,10,9,Autumn
Amritsar,2018-10-10,67.45058,132.12,15.73,14.43,30.16,16.85,0.0,4.15,17.22,18.53,1.19,10.38,93.0,Satisfactory,2018,10,10,Autumn
Amritsar,2018-10-11,67.45058,152.34,22.22,21.74,43.96,24.05,0.0,6.05,21.4,20.64,1.1,7.66,146.0,Moderate,2018,10,11,Autumn
Amritsar,2018-10-12,67.45058,152.55,28.01,27.25,55.27,25.23,0.0,6.43,17.28,16.96,1.29,12.73,129.0,Moderate,2018,10,12,Autumn
Amritsar,2018-10-13,67.45058,211.81,27.51,26.32,53.83,24.88,0.0,5.77,18.01,20.31,1.76,14.86,150.0,Moderate,2018,10,13,Autumn
Amritsar,2018-10-14,67.45058,271.06,25.75,26.49,52.24,24.71,0.0,6.71,18.63,14.99,2.02,14.5,209.0,Poor,2018,10,14,Autumn
Amritsar,2018-10-15,67.45058,228.06,18.97,23.23,42.76,20.99,0.09,6.47,24.57,13.21,1.81,10.83,203.0,Poor,2018,10,15,Autumn
Amritsar,2018-10-16,67.45058,125.47,12.31,18.58,31.89,17.99,0.0,6.07,30.09,9.97,1.16,7.83,145.0,Moderate,2018,10,16,Autumn
Amritsar,2018-10-17,67.45058,121.94,14.24,19.97,35.21,18.55,0.0,6.19,24.0,11.77,1.35,9.42,106.0,Moderate,2018,10,17,Autumn
Amritsar,2018-10-18,67.45058,106.02,15.1,20.95,37.05,18.81,0.01,5.43,22.76,14.28,1.62,10.72,118.0,Moderate,2018,10,18,Autumn
Amritsar,2018-10-19,67.45058,112.9,16.77,22.89,40.66,18.72,0.0,6.5,21.61,11.69,1.58,10.52,106.0,Moderate,2018,10,19,Autumn
Amritsar,2018-10-20,67.45058,85.78,17.65,25.08,43.72,18.52,0.0,6.11,18.43,13.02,1.16,9.03,96.0,Satisfactory,2018,10,20,Autumn
Amritsar,2018-10-21,41.99,143.94,23.68,29.28,41.44,17.11,0.01,5.58,18.68,13.33,1.7,12.19,115.0,Moderate,2018,10,21,Autumn
Amritsar,2018-10-22,59.95,182.15,31.6,29.53,59.14,16.11,0.0,5.17,18.41,15.45,1.97,11.45,145.0,Moderate,2018,10,22,Autumn
Amritsar,2018-10-23,48.96,144.84,25.22,23.73,48.5,14.59,0.0,6.21,22.47,12.74,1.72,9.5,137.0,Moderate,2018,10,23,Autumn
Amritsar,2018-10-24,61.79,184.57,25.79,24.41,49.42,14.69,0.01,6.63,21.24,12.82,1.46,8.39,152.0,Moderate,2018,10,24,Autumn
Amritsar,2018-10-25,37.17,106.31,35.32,26.8,63.12,16.05,0.0,6.35,20.92,13.54,1.98,10.25,119.0,Moderate,2018,10,25,Autumn
Amritsar,2018-10-26,42.12,120.38,31.86,27.04,59.9,15.65,0.01,6.02,22.48,18.73,2.63,11.32,107.0,Moderate,2018,10,26,Autumn
Amritsar,2018-10-27,48.55,138.69,31.37,26.26,58.63,15.68,0.0,5.78,25.03,10.51,2.57,11.77,124.0,Moderate,2018,10,27,Autumn
Amritsar,2018-10-28,45.78,130.79,33.67,28.65,63.32,16.09,0.0,5.84,15.61,15.23,2.52,13.46,122.0,Moderate,2018,10,28,Autumn
Amritsar,2018-10-29,57.31,175.25,31.74,26.18,58.62,15.28,0.02,5.98,21.27,14.68,2.54,11.44,138.0,Moderate,2018,10,29,Autumn
Amritsar,2018-10-30,57.94,171.82,23.42,20.66,42.66,12.92,0.0,6.3,24.7,12.43,1.96,9.24,144.0,Moderate,2018,10,30,Autumn
Amritsar,2018-10-31,49.3,143.96,27.24,22.59,46.82,13.69,0.01,6.08,21.03,13.24,2.35,11.31,140.0,Moderate,2018,10,31,Autumn
Amritsar,2018-11-01,116.63,306.18,23.71,21.4,41.97,13.08,0.0,6.32,19.98,13.12,2.22,9.26,251.0,Poor,2018,11,1,Autumn
Amritsar,2018-11-02,33.74,87.84,20.17,21.19,41.35,12.48,0.01,6.0,15.41,8.35,1.12,6.98,137.0,Moderate,2018,11,2,Autumn
Amritsar,2018-11-03,48.76,139.29,22.89,27.79,50.66,13.46,0.0,6.47,14.1,7.09,0.91,8.81,112.0,Moderate,2018,11,3,Autumn
Amritsar,2018-11-04,27.22,102.81,29.63,32.62,20.68,15.0,0.0,5.88,11.15,2.19,0.28,2.86,124.0,Moderate,2018,11,4,Autumn
Amritsar,2018-11-05,27.75,106.09,20.97,27.03,34.54,13.25,0.0,6.01,25.27,7.04,1.01,5.01,166.46358,Moderate,2018,11,5,Autumn
Amritsar,2018-11-06,31.86,90.9,25.7,38.29,63.98,14.88,0.0,14.531978,13.28,11.08,1.32,11.73,74.0,Satisfactory,2018,11,6,Autumn
Amritsar,2018-11-07,73.92,213.3,34.67,43.28,75.25,16.74,0.32,19.13,11.34,11.65,2.66,14.0,146.0,Moderate,2018,11,7,Autumn
Amritsar,2018-11-08,96.85,215.67,29.06,32.62,54.79,14.69,1.13,9.91,30.02,4.68,1.57,6.07,237.0,Poor,2018,11,8,Autumn
Amritsar,2018-11-09,60.41,112.53,32.1,38.15,70.0,14.92,0.81,3.2,27.13,5.89,2.74,11.45,124.0,Moderate,2018,11,9,Autumn
Amritsar,2018-11-10,54.89,157.76,33.43,38.02,69.43,9.8,0.01,3.8,26.42,6.97,3.05,13.02,114.0,Moderate,2018,11,10,Autumn
Amritsar,2018-11-11,62.42,178.25,30.03,34.95,62.91,8.94,0.0,3.59,22.36,6.25,2.07,9.36,158.0,Moderate,2018,11,11,Autumn
Amritsar,2018-11-12,33.74,96.43,29.16,37.24,64.4,9.23,0.0,2.31,17.17,6.32,1.55,8.87,120.0,Moderate,2018,11,12,Autumn
Amritsar,2018-11-13,45.16,129.04,29.69,38.7,66.33,9.46,0.0,14.531978,15.79,6.13,1.34,9.11,101.0,Moderate,2018,11,13,Autumn
Amritsar,2018-11-14,42.61,121.76,28.13,36.97,31.55,9.12,0.0,14.531978,15.82,6.02,0.5,4.13,129.0,Moderate,2018,11,14,Autumn
Amritsar,2018-11-15,38.93,111.3,15.73,23.5,34.36,6.05,0.02,3.89,27.39,5.61,0.86,4.33,166.46358,Moderate,2018,11,15,Autumn
Amritsar,2018-11-16,49.87,142.45,24.72,35.8,58.53,8.49,0.0,14.531978,19.76,6.06,1.03,8.72,115.0,Moderate,2018,11,16,Autumn
Amritsar,2018-11-17,71.74,205.11,27.67,38.24,63.92,9.03,0.0,14.531978,18.19,6.27,1.61,10.12,156.0,Moderate,2018,11,17,Autumn
Amritsar,2018-11-18,54.93,152.6,27.31,38.26,63.69,9.08,0.0,14.531978,19.12,6.48,1.64,10.09,158.0,Moderate,2018,11,18,Autumn
Amritsar,2018-11-19,48.16,128.53,21.63,29.8,49.43,7.38,0.01,8.56,24.92,6.41,1.62,7.84,117.0,Moderate,2018,11,19,Autumn
Amritsar,2018-11-20,52.3,139.23,18.8,27.98,44.79,6.7,0.01,0.71,19.59,5.43,1.91,8.36,125.0,Moderate,2018,11,20,Autumn
Amritsar,2018-11-21,93.43,147.22,19.47,28.7,46.17,6.87,0.01,5.36,14.99,5.65,1.94,7.91,140.0,Moderate,2018,11,21,Autumn
Amritsar,2018-11-23,46.38,102.86,18.97,31.23,48.19,7.14,0.0,14.531978,8.3,5.56,1.49,8.49,134.0,Moderate,2018,11,23,Autumn
Amritsar,2018-11-24,45.32,100.78,21.0,33.26,52.26,7.63,0.0,14.531978,8.07,6.6,1.61,9.28,91.0,Satisfactory,2018,11,24,Autumn
Amritsar,2018-11-25,68.66,152.57,25.88,36.7,60.58,8.69,0.0,14.531978,8.86,6.98,2.99,13.36,121.0,Moderate,2018,11,25,Autumn
Amritsar,2018-11-26,63.86,142.12,24.13,33.08,55.21,8.12,0.01,4.71,16.83,7.99,2.81,12.22,135.0,Moderate,2018,11,26,Autumn
Amritsar,2018-11-27,69.37,154.01,26.61,36.36,60.97,8.73,0.0,14.531978,20.57,6.95,2.81,13.63,132.0,Moderate,2018,11,27,Autumn
Amritsar,2018-11-28,63.2,140.32,23.81,33.88,55.69,8.06,0.0,14.531978,19.47,5.39,2.12,11.14,127.0,Moderate,2018,11,28,Autumn
Amritsar,2018-11-29,65.15,144.93,26.81,33.27,58.08,8.5,0.01,3.23,21.4,6.16,2.62,11.75,130.0,Moderate,2018,11,29,Autumn
Amritsar,2018-11-30,62.87,139.7,25.09,31.37,54.46,8.06,0.0,7.56,20.76,5.99,2.37,9.59,135.0,Moderate,2018,11,30,Autumn
Amritsar,2018-12-01,62.95,140.07,29.56,36.7,64.23,9.16,0.01,5.91,16.61,6.47,3.3,12.07,125.0,Moderate,2018,12,1,Winter
Amritsar,2018-12-02,41.91,93.07,28.89,38.0,64.86,9.19,0.0,14.531978,17.04,6.18,2.65,12.0,109.0,Moderate,2018,12,2,Winter
Amritsar,2018-12-03,53.8,123.95,28.33,33.28,47.57,8.6,0.01,9.49,23.99,6.18,1.8,8.0,101.0,Moderate,2018,12,3,Winter
Amritsar,2018-12-04,76.21,168.2,21.75,26.18,39.31,7.04,0.02,7.11,23.88,4.83,2.22,7.97,115.0,Moderate,2018,12,4,Winter
Amritsar,2018-12-05,61.69,137.47,27.29,33.08,55.41,8.51,0.01,4.06,19.18,5.55,2.84,10.88,127.0,Moderate,2018,12,5,Winter
Amritsar,2018-12-06,70.49,156.56,40.56,43.85,82.42,11.49,0.0,14.531978,15.79,6.32,2.84,14.09,139.0,Moderate,2018,12,6,Winter
Amritsar,2018-12-07,63.57,141.24,29.04,33.89,60.93,8.88,0.0,14.531978,20.74,6.36,1.94,9.04,130.0,Moderate,2018,12,7,Winter
Amritsar,2018-12-08,69.19,153.63,34.65,37.59,70.23,9.95,0.01,6.2,16.57,6.52,2.25,9.91,131.0,Moderate,2018,12,8,Winter
Amritsar,2018-12-09,73.15,162.47,35.13,41.33,74.45,10.41,0.0,14.531978,15.49,6.14,2.95,12.65,144.0,Moderate,2018,12,9,Winter
Amritsar,2018-12-10,54.54,121.13,36.59,41.71,76.3,10.68,0.01,3.5,14.76,6.15,2.11,10.59,131.0,Moderate,2018,12,10,Winter
Amritsar,2018-12-11,23.84,52.99,35.43,40.65,74.09,10.39,0.01,3.75,15.1,7.13,0.91,8.26,94.0,Satisfactory,2018,12,11,Winter
Amritsar,2018-12-12,34.41,76.5,32.68,39.35,70.02,9.81,0.01,0.87,14.24,8.47,0.86,7.87,91.0,Satisfactory,2018,12,12,Winter
Amritsar,2018-12-13,35.39,78.62,35.57,41.28,74.85,10.47,0.0,14.531978,13.71,8.66,0.83,7.89,90.0,Satisfactory,2018,12,13,Winter
Amritsar,2018-12-14,43.93,100.62,25.34,30.82,44.51,7.94,0.02,6.34,16.43,6.22,0.97,5.19,99.0,Satisfactory,2018,12,14,Winter
Amritsar,2018-12-15,37.55,84.08,23.99,30.34,47.92,7.68,0.0,14.531978,15.08,5.71,1.17,5.52,87.0,Satisfactory,2018,12,15,Winter
Amritsar,2018-12-16,49.82,120.8,24.1,31.61,49.1,7.89,0.0,14.531978,15.12,6.21,1.29,5.91,102.0,Moderate,2018,12,16,Winter
Amritsar,2018-12-17,61.91,138.56,24.94,31.59,53.92,7.86,0.02,4.16,15.63,6.76,2.0,7.42,118.0,Moderate,2018,12,17,Winter
Amritsar,2018-12-18,72.97,163.05,30.79,35.39,64.18,9.06,0.01,4.08,13.45,6.28,2.81,9.47,138.0,Moderate,2018,12,18,Winter
Amritsar,2018-12-19,81.51,181.02,35.66,37.44,71.01,10.04,0.01,2.73,15.76,6.88,3.4,11.26,160.0,Moderate,2018,12,19,Winter
Amritsar,2018-12-20,56.93,126.56,33.91,35.26,67.16,9.44,0.02,4.48,15.72,12.51,2.61,9.35,143.0,Moderate,2018,12,20,Winter
Amritsar,2018-12-21,56.6,125.74,32.79,37.83,68.56,9.47,0.0,14.531978,13.44,6.18,2.12,9.05,110.0,Moderate,2018,12,21,Winter
Amritsar,2018-12-22,62.09,138.1,30.94,29.75,56.49,8.44,0.02,2.4,16.41,7.86,2.59,8.49,126.0,Moderate,2018,12,22,Winter
Amritsar,2018-12-23,75.18,166.81,27.1,20.86,47.96,7.31,0.0,14.531978,7.26,6.22,2.12,7.06,127.0,Moderate,2018,12,23,Winter
Amritsar,2018-12-24,64.23,141.23,24.99,22.13,47.12,7.2,0.01,2.07,9.64,7.54,2.0,6.72,149.0,Moderate,2018,12,24,Winter
Amritsar,2018-12-25,68.66,152.5,22.67,22.59,45.26,6.71,0.0,14.531978,8.62,6.28,2.36,6.83,137.0,Moderate,2018,12,25,Winter
Amritsar,2018-12-26,74.91,178.86,23.65,24.35,45.11,7.13,0.01,1.32,10.14,7.1,2.57,7.22,144.0,Moderate,2018,12,26,Winter
Amritsar,2018-12-27,72.08,160.38,26.59,27.11,53.7,8.02,0.01,1.97,9.16,11.8,2.76,8.33,154.0,Moderate,2018,12,27,Winter
Amritsar,2018-12-28,70.27,155.08,25.57,27.48,53.03,7.86,0.01,4.17,4.93,6.92,2.19,6.44,131.0,Moderate,2018,12,28,Winter
Amritsar,2018-12-29,98.32,218.44,35.3,37.03,72.33,10.92,0.0,14.531978,4.3,26.09,3.82,11.8,200.0,Moderate,2018,12,29,Winter
Amritsar,2018-12-30,78.83,175.0,30.13,32.62,62.66,9.42,0.0,14.531978,6.46,8.48,2.38,9.25,174.0,Moderate,2018,12,30,Winter
Amritsar,2018-12-31,78.42,186.41,31.71,33.79,59.08,9.96,0.05,2.98,5.43,9.62,2.41,9.09,184.0,Moderate,2018,12,31,Winter
Amritsar,2019-01-01,92.38,205.42,21.66,21.67,44.01,6.61,0.17,2.87,9.65,10.0,2.81,6.66,170.0,Moderate,2019,1,1,Winter
Amritsar,2019-01-02,77.42,171.98,38.64,19.65,55.01,9.43,0.05,3.41,6.05,5.49,2.78,9.93,176.0,Moderate,2019,1,2,Winter
Amritsar,2019-01-03,45.44,100.89,31.86,27.8,59.66,9.29,0.01,3.54,5.79,6.53,2.44,8.12,131.0,Moderate,2019,1,3,Winter
Amritsar,2019-01-04,34.45,76.48,30.01,32.28,62.28,9.37,0.0,3.49,5.19,6.94,1.74,8.44,81.0,Satisfactory,2019,1,4,Winter
Amritsar,2019-01-05,28.29,62.82,26.76,29.28,56.04,8.38,0.0,2.33,5.0,7.48,1.6,7.0,77.0,Satisfactory,2019,1,5,Winter
Amritsar,2019-01-06,14.54,32.35,27.74,31.28,59.01,8.89,0.0,1.61,5.47,7.69,0.76,6.12,70.0,Satisfactory,2019,1,6,Winter
Amritsar,2019-01-07,24.39,55.75,25.4,27.86,46.04,8.11,0.0,1.83,5.24,6.69,1.05,5.53,69.0,Satisfactory,2019,1,7,Winter
Amritsar,2019-01-08,27.89,61.97,22.75,25.9,47.27,7.37,0.02,2.92,8.92,6.38,1.26,5.34,64.0,Satisfactory,2019,1,8,Winter
Amritsar,2019-01-09,37.34,88.8,16.81,21.51,32.36,5.7,0.04,3.2,9.01,5.14,1.19,4.32,75.0,Satisfactory,2019,1,9,Winter
Amritsar,2019-01-10,45.99,102.22,19.81,25.32,44.54,6.57,0.03,2.85,8.68,6.08,1.8,6.18,98.0,Satisfactory,2019,1,10,Winter
Amritsar,2019-01-11,69.5,159.89,25.14,28.99,45.0,7.93,0.0,3.76,4.87,5.05,1.9,7.25,101.0,Moderate,2019,1,11,Winter
Amritsar,2019-01-12,52.22,115.98,22.07,24.15,45.96,8.42,0.0,3.48,8.24,5.84,1.44,4.91,118.0,Moderate,2019,1,12,Winter
Amritsar,2019-01-13,27.56,61.73,33.82,36.82,66.33,15.16,0.0,2.83,5.6,7.21,0.76,5.02,83.0,Satisfactory,2019,1,13,Winter
Amritsar,2019-01-14,28.1,73.28,24.32,28.07,45.63,12.34,0.0,14.531978,7.37,6.41,0.77,3.56,80.0,Satisfactory,2019,1,14,Winter
Amritsar,2019-01-15,47.88,114.7,25.43,30.98,48.25,12.91,0.0,14.531978,5.09,6.32,1.13,5.08,73.0,Satisfactory,2019,1,15,Winter
Amritsar,2019-01-16,70.18,163.27,30.51,35.91,63.7,14.45,0.0,14.531978,4.91,8.92,1.77,6.95,133.0,Moderate,2019,1,16,Winter
Amritsar,2019-01-17,64.8,148.01,24.63,28.05,50.91,9.91,0.0,14.531978,8.02,7.04,1.91,6.77,135.0,Moderate,2019,1,17,Winter
Amritsar,2019-01-18,34.37,82.02,17.31,25.3,37.45,6.53,0.0,14.531978,8.96,5.7,1.39,5.41,131.0,Moderate,2019,1,18,Winter
Amritsar,2019-01-19,2.85,11.43,17.77,26.75,41.86,6.53,0.0,14.531978,6.11,7.34,1.47,6.21,56.0,Satisfactory,2019,1,19,Winter
Amritsar,2019-01-20,15.53,54.85,19.33,26.29,42.17,7.2,0.0,14.531978,5.23,7.84,1.47,5.76,54.0,Satisfactory,2019,1,20,Winter
Amritsar,2019-01-21,14.88,35.71,18.18,18.29,32.3,9.36,0.0,14.531978,6.58,4.95,0.52,2.56,50.0,Good,2019,1,21,Winter
Amritsar,2019-01-22,9.17,25.17,19.78,18.35,38.13,6.91,0.0,14.531978,9.17,6.1,0.35,2.36,48.0,Good,2019,1,22,Winter
Amritsar,2019-01-23,10.42,29.31,17.8,20.46,38.27,4.58,0.0,14.531978,5.93,6.12,0.37,2.76,42.0,Good,2019,1,23,Winter
Amritsar,2019-01-24,39.63,71.3,14.74,20.8,35.54,6.73,0.0,14.531978,9.45,5.33,4.04,0.0,166.46358,Moderate,2019,1,24,Winter
Amritsar,2019-01-25,73.78,119.03,16.16,23.99,40.15,6.75,0.0,14.531978,5.35,5.39,2.96,0.23,142.0,Moderate,2019,1,25,Winter
Amritsar,2019-01-26,44.72,98.2,16.8,26.97,43.77,6.84,0.0,14.531978,4.54,9.18,2.46,0.01,122.0,Moderate,2019,1,26,Winter
Amritsar,2019-01-27,34.14,73.32,13.76,24.26,38.02,6.8,0.0,14.531978,4.84,5.36,3.03,1.0,76.0,Satisfactory,2019,1,27,Winter
Amritsar,2019-01-28,58.49,104.54,14.92,21.57,36.4,6.01,0.0,14.531978,8.94,5.27,3.41,2.71,90.0,Satisfactory,2019,1,28,Winter
Amritsar,2019-01-29,56.89,94.19,16.31,22.23,38.57,6.6,0.0,14.531978,5.5,5.39,2.87,3.49,98.0,Satisfactory,2019,1,29,Winter
Amritsar,2019-01-30,70.78,114.9,19.24,22.67,41.92,6.33,0.0,14.531978,4.99,5.63,2.74,0.64,113.0,Moderate,2019,1,30,Winter
Amritsar,2019-01-31,33.66,52.12,16.11,16.6,32.73,5.05,0.0,14.531978,6.87,5.32,2.02,0.38,83.0,Satisfactory,2019,1,31,Winter
Amritsar,2019-02-01,34.5,50.39,11.47,13.56,24.78,3.98,0.0,14.531978,7.77,5.26,1.24,0.22,58.0,Satisfactory,2019,2,1,Winter
Amritsar,2019-02-02,40.16,68.34,11.01,15.32,26.34,1.55,0.0,14.531978,4.31,5.3,0.26,0.08,62.0,Satisfactory,2019,2,2,Winter
Amritsar,2019-02-03,47.96,88.1,15.4,13.39,28.79,2.18,0.0,14.531978,8.42,5.3,0.0,0.0,84.0,Satisfactory,2019,2,3,Winter
Amritsar,2019-02-04,67.94,156.16,18.46,14.99,33.44,2.33,0.0,14.531978,9.61,5.08,0.49,1.1,113.0,Moderate,2019,2,4,Winter
Amritsar,2019-02-05,48.54,154.64,18.18,15.21,31.56,3.36,0.0,14.531978,12.19,4.02,2.11,4.79,146.0,Moderate,2019,2,5,Winter
Amritsar,2019-02-06,82.06,113.3,16.11,14.76,30.87,4.22,0.0,14.531978,7.35,4.29,2.25,5.11,154.0,Moderate,2019,2,6,Winter
Amritsar,2019-02-07,45.96,60.92,15.23,14.65,29.88,4.11,0.0,14.531978,8.81,4.29,2.25,5.11,98.0,Satisfactory,2019,2,7,Winter
Amritsar,2019-02-08,30.86,53.32,11.87,12.28,24.14,3.83,0.0,14.531978,18.45,3.52,2.05,3.51,71.0,Satisfactory,2019,2,8,Winter
Amritsar,2019-02-09,36.56,73.1,12.28,15.88,28.16,4.63,0.0,14.531978,8.52,2.56,1.81,1.52,59.0,Satisfactory,2019,2,9,Winter
Amritsar,2019-02-10,72.25,152.76,14.04,18.54,32.58,5.45,0.0,14.531978,9.73,2.56,1.81,1.52,126.0,Moderate,2019,2,10,Winter
Amritsar,2019-02-11,41.63,133.64,14.03,18.15,32.18,5.83,0.01,4.66,16.8,2.56,1.81,1.52,132.0,Moderate,2019,2,11,Winter
Amritsar,2019-02-12,72.66,138.2,16.61,19.13,35.75,7.3,0.01,7.15,12.12,3.44,2.75,4.54,121.0,Moderate,2019,2,12,Winter
Amritsar,2019-02-13,77.14,132.69,18.51,19.67,38.19,7.32,0.0,14.531978,13.82,3.64,2.97,6.46,164.0,Moderate,2019,2,13,Winter
Amritsar,2019-02-14,47.29,84.07,19.34,16.36,33.57,6.89,0.01,3.85,9.04,2.93,2.24,5.26,119.0,Moderate,2019,2,14,Winter
Amritsar,2019-02-15,16.68,45.69,17.87,14.11,31.98,5.34,0.0,14.531978,10.45,3.19,2.44,5.73,51.0,Satisfactory,2019,2,15,Winter
Amritsar,2019-02-16,34.55,73.44,16.61,13.75,30.37,5.4,0.0,14.531978,20.75,3.19,2.44,5.73,62.0,Satisfactory,2019,2,16,Winter
Amritsar,2019-02-17,61.25,130.3,14.68,15.41,30.1,5.38,0.0,14.531978,27.31,3.19,2.44,5.73,99.0,Satisfactory,2019,2,17,Winter
Amritsar,2019-02-18,21.95,46.79,13.04,15.49,28.53,6.76,0.01,10.4,26.48,4.12,1.56,5.21,85.0,Satisfactory,2019,2,18,Winter
Amritsar,2019-02-19,25.43,54.23,11.04,17.56,28.61,5.87,0.0,14.531978,24.43,5.41,0.75,4.26,44.0,Good,2019,2,19,Winter
Amritsar,2019-02-20,36.81,81.97,12.33,17.47,28.03,4.93,0.0,14.531978,20.42,5.7,2.0,3.92,79.0,Satisfactory,2019,2,20,Winter
Amritsar,2019-02-21,44.38,41.67,16.52,16.96,33.48,5.01,0.0,14.531978,14.83,3.51,4.59,2.91,60.0,Satisfactory,2019,2,21,Winter
Amritsar,2019-02-22,41.11,64.08,15.11,18.64,33.76,5.01,0.0,14.531978,16.15,4.3,5.47,3.33,92.0,Satisfactory,2019,2,22,Winter
Amritsar,2019-02-23,40.75,90.57,12.45,20.52,32.97,4.98,0.0,14.531978,19.68,4.99,8.43,4.56,78.0,Satisfactory,2019,2,23,Winter
Amritsar,2019-02-24,63.67,141.48,12.75,22.04,34.8,4.97,0.0,14.531978,18.78,6.89,8.85,4.75,120.0,Moderate,2019,2,24,Winter
Amritsar,2019-02-25,63.92,144.54,12.67,22.06,34.37,5.07,0.0,14.531978,17.68,7.21,8.33,4.47,128.0,Moderate,2019,2,25,Winter
Amritsar,2019-02-26,36.2,75.43,8.77,15.32,27.56,7.37,0.5,14.531978,27.49,3.24,6.98,3.79,96.0,Satisfactory,2019,2,26,Winter
Amritsar,2019-02-27,35.6,79.37,6.31,13.73,20.04,8.96,0.36,2.58,23.62,3.62,7.03,3.38,74.0,Satisfactory,2019,2,27,Winter
Amritsar,2019-02-28,37.12,80.11,6.09,9.66,15.73,8.61,0.86,14.531978,25.86,3.49,6.14,2.54,82.0,Satisfactory,2019,2,28,Winter
Amritsar,2019-03-01,57.28,122.07,10.4,10.54,20.93,9.16,0.51,14.531978,21.55,4.57,6.41,2.65,109.0,Moderate,2019,3,1,Spring
Amritsar,2019-03-02,19.68,52.76,9.33,9.87,19.2,9.03,0.0,14.531978,19.45,4.3,6.12,2.56,76.0,Satisfactory,2019,3,2,Spring
Amritsar,2019-03-03,19.43,42.71,10.75,12.18,22.94,7.85,0.1,14.531978,20.07,3.52,6.03,2.52,46.0,Good,2019,3,3,Spring
Amritsar,2019-03-04,23.77,56.26,8.52,16.42,24.89,6.13,0.21,14.531978,17.42,4.41,6.03,2.57,48.0,Good,2019,3,4,Spring
Amritsar,2019-03-05,37.84,82.52,12.44,18.54,28.68,11.75,0.5,14.531978,33.85,1.52,2.17,3.56,166.46358,Moderate,2019,3,5,Spring
Amritsar,2019-03-06,46.13,113.27,13.2,19.22,32.1,11.89,0.43,14.531978,31.78,1.27,1.73,4.28,111.0,Moderate,2019,3,6,Spring
Amritsar,2019-03-07,74.7,125.2,11.29,13.91,22.8,10.05,0.46,14.531978,30.3,1.43,1.76,4.76,135.0,Moderate,2019,3,7,Spring
Amritsar,2019-03-08,44.85,82.82,7.37,7.4,12.9,18.93,0.72,14.531978,21.07,1.05,1.74,4.26,96.0,Satisfactory,2019,3,8,Spring
Amritsar,2019-03-09,37.6,67.05,56.64,24.41,46.82,36.48,0.6,14.531978,33.0,1.3,1.84,4.39,77.0,Satisfactory,2019,3,9,Spring
Amritsar,2019-03-10,67.44,106.6,11.1,7.98,19.05,12.04,0.86,14.531978,32.44,2.62,2.15,5.84,99.0,Satisfactory,2019,3,10,Spring
Amritsar,2019-03-11,37.63,63.42,11.26,10.68,21.68,8.38,0.67,2.35,27.01,2.14,2.1,5.47,85.0,Satisfactory,2019,3,11,Spring
Amritsar,2019-03-12,37.63,77.26,12.21,11.79,23.62,9.69,0.8,14.531978,32.35,2.7,2.1,7.53,60.0,Satisfactory,2019,3,12,Spring
Amritsar,2019-03-13,69.9,115.62,19.65,20.84,39.47,12.98,0.72,14.531978,36.71,4.05,2.15,11.08,114.0,Moderate,2019,3,13,Spring
Amritsar,2019-03-14,49.28,78.65,12.11,12.85,24.78,10.83,0.43,14.531978,27.47,4.07,2.19,10.09,106.0,Moderate,2019,3,14,Spring
Amritsar,2019-03-15,43.24,71.85,11.8,11.91,23.47,11.21,0.57,14.531978,32.28,4.4,2.2,12.65,74.0,Satisfactory,2019,3,15,Spring
Amritsar,2019-03-16,43.63,68.04,11.74,10.72,22.26,10.45,0.6,14.531978,36.99,4.25,2.19,13.13,71.0,Satisfactory,2019,3,16,Spring
Amritsar,2019-03-17,74.37,112.38,10.84,10.48,21.32,10.15,0.86,14.531978,36.2,5.63,2.22,14.22,119.0,Moderate,2019,3,17,Spring
Amritsar,2019-03-18,70.64,116.4,12.84,11.9,24.51,9.6,0.62,14.531978,33.02,5.03,2.23,11.72,136.0,Moderate,2019,3,18,Spring
Amritsar,2019-03-19,71.22,113.04,18.58,24.78,41.14,17.76,0.67,14.531978,24.12,4.93,2.23,9.83,142.0,Moderate,2019,3,19,Spring
Amritsar,2019-03-20,30.74,55.69,11.71,16.47,27.48,8.25,0.33,14.531978,26.54,2.97,2.09,7.95,86.0,Satisfactory,2019,3,20,Spring
Amritsar,2019-03-21,40.85,59.79,12.13,16.42,27.64,8.96,0.5,14.531978,22.98,3.55,2.16,11.45,61.0,Satisfactory,2019,3,21,Spring
Amritsar,2019-03-22,36.84,66.44,11.88,19.48,30.17,11.02,0.42,14.531978,28.92,3.76,2.15,9.46,69.0,Satisfactory,2019,3,22,Spring
Amritsar,2019-03-23,54.1,82.51,10.36,16.2,26.41,10.61,0.67,14.531978,19.14,5.12,2.2,12.51,82.0,Satisfactory,2019,3,23,Spring
Amritsar,2019-03-24,43.03,66.96,10.08,14.85,24.93,9.38,0.61,14.531978,15.38,4.77,2.18,12.22,71.0,Satisfactory,2019,3,24,Spring
Amritsar,2019-03-25,52.6,85.3,10.05,14.9,24.95,9.26,0.76,14.531978,20.49,5.26,2.16,12.59,89.0,Satisfactory,2019,3,25,Spring
Amritsar,2019-03-26,66.24,97.35,12.44,15.14,27.57,9.54,0.76,14.531978,23.32,5.35,2.23,10.25,95.0,Satisfactory,2019,3,26,Spring
Amritsar,2019-03-27,88.86,143.79,24.35,26.09,37.5,27.77,0.88,14.531978,20.32,7.79,2.36,12.0,148.0,Moderate,2019,3,27,Spring
Amritsar,2019-03-28,86.36,127.89,20.67,26.89,37.36,25.56,0.72,14.531978,23.48,7.4,2.33,9.69,230.0,Poor,2019,3,28,Spring
Amritsar,2019-03-29,73.09,113.95,15.57,16.56,26.54,15.67,0.74,14.531978,22.04,6.44,2.23,10.15,139.0,Moderate,2019,3,29,Spring
Amritsar,2019-03-30,60.48,106.94,9.9,10.8,19.4,5.71,0.47,14.531978,24.02,4.97,2.1,7.92,135.0,Moderate,2019,3,30,Spring
Amritsar,2019-03-31,28.25,67.71,11.09,13.03,23.98,10.74,0.42,14.531978,19.17,3.8,2.16,11.82,83.0,Satisfactory,2019,3,31,Spring
Amritsar,2019-04-01,43.8,95.73,39.15,35.03,44.67,25.8,0.75,14.531978,18.12,4.69,1.96,8.73,87.0,Satisfactory,2019,4,1,Spring
Amritsar,2019-04-02,71.36,120.11,85.38,81.76,70.69,92.54,0.53,14.531978,24.38,5.9,2.24,11.17,118.0,Moderate,2019,4,2,Spring
Amritsar,2019-04-03,54.24,94.69,87.13,138.35,132.09,126.12,0.76,14.531978,27.24,5.81,2.22,13.28,139.0,Moderate,2019,4,3,Spring
Amritsar,2019-04-04,66.98,111.23,23.01,66.24,78.47,42.74,0.73,14.531978,29.25,5.57,2.19,10.8,110.0,Moderate,2019,4,4,Spring
Amritsar,2019-04-05,84.64,139.75,26.32,66.81,88.46,32.63,0.83,14.531978,25.79,7.19,2.33,12.88,167.0,Moderate,2019,4,5,Spring
Amritsar,2019-04-06,92.19,167.42,9.8,22.71,32.14,9.58,0.77,14.531978,26.43,6.33,2.22,10.46,182.0,Moderate,2019,4,6,Spring
Amritsar,2019-04-07,28.98,72.15,9.91,20.28,30.18,9.14,0.56,14.531978,13.72,4.41,2.18,9.02,122.0,Moderate,2019,4,7,Spring
Amritsar,2019-04-08,34.9,94.52,12.05,22.68,34.11,10.6,0.32,14.531978,15.59,3.76,2.12,7.3,90.0,Satisfactory,2019,4,8,Spring
Amritsar,2019-04-09,70.98,129.01,13.6,19.69,33.29,10.49,0.98,14.531978,25.69,5.12,2.21,7.33,122.0,Moderate,2019,4,9,Spring
Amritsar,2019-04-10,53.72,112.19,14.37,17.95,32.32,10.73,0.76,14.531978,28.67,4.41,2.18,7.89,114.0,Moderate,2019,4,10,Spring
Amritsar,2019-04-11,53.68,81.89,16.13,17.4,32.6,11.7,0.94,14.531978,31.66,4.25,2.14,7.71,97.0,Satisfactory,2019,4,11,Spring
Amritsar,2019-04-12,35.58,83.38,15.88,15.89,31.36,12.46,0.61,14.531978,24.17,3.7,2.13,8.04,89.0,Satisfactory,2019,4,12,Spring
Amritsar,2019-04-13,33.04,85.15,15.38,17.82,30.08,10.67,0.82,14.531978,20.66,3.86,1.98,6.49,78.0,Satisfactory,2019,4,13,Spring
Amritsar,2019-04-14,43.46,90.03,17.36,19.46,36.82,12.85,1.11,14.531978,17.91,4.5,2.24,8.05,93.0,Satisfactory,2019,4,14,Spring
Amritsar,2019-04-15,49.03,122.91,15.45,18.11,32.28,11.81,0.62,14.531978,22.24,4.71,2.12,7.05,111.0,Moderate,2019,4,15,Spring
Amritsar,2019-04-16,38.2,105.68,12.61,14.0,26.07,9.8,0.69,14.531978,26.08,2.72,2.06,7.45,126.0,Moderate,2019,4,16,Spring
Amritsar,2019-04-17,30.8,54.33,12.33,12.97,23.63,8.87,0.59,14.531978,19.07,2.57,1.97,7.02,65.0,Satisfactory,2019,4,17,Spring
Amritsar,2019-04-18,31.83,60.62,14.63,16.91,25.02,10.11,0.62,14.531978,23.27,3.07,1.7,7.17,58.0,Satisfactory,2019,4,18,Spring
Amritsar,2019-04-19,43.3,81.48,17.41,19.0,36.61,12.32,0.93,14.531978,27.6,4.32,2.21,9.54,87.0,Satisfactory,2019,4,19,Spring
Amritsar,2019-04-20,47.63,96.05,17.24,15.44,31.27,12.44,1.21,14.531978,26.86,5.28,2.23,10.68,101.0,Moderate,2019,4,20,Spring
Amritsar,2019-04-21,64.79,125.99,17.26,15.45,32.71,12.46,1.02,14.531978,28.61,6.52,2.39,12.83,124.0,Moderate,2019,4,21,Spring
Amritsar,2019-04-22,79.94,147.5,17.26,15.45,32.71,12.46,0.93,14.531978,27.8,6.43,2.33,14.66,158.0,Moderate,2019,4,22,Spring
Amritsar,2019-04-23,62.45,130.58,17.26,15.45,32.71,12.46,1.52,14.531978,35.21,5.83,2.36,10.89,129.0,Moderate,2019,4,23,Spring
Amritsar,2019-04-24,35.46,150.77,14.97,17.48,30.51,11.09,0.39,14.531978,28.05,4.38,2.08,9.15,149.0,Moderate,2019,4,24,Spring
Amritsar,2019-04-25,36.93,76.91,14.29,16.89,30.26,9.5,1.04,14.531978,25.33,3.58,2.09,9.04,91.0,Satisfactory,2019,4,25,Spring
Amritsar,2019-04-26,38.07,79.67,15.37,13.76,29.13,8.41,0.8,14.531978,30.27,3.33,2.17,11.01,82.0,Satisfactory,2019,4,26,Spring
Amritsar,2019-04-27,60.35,110.87,15.37,13.76,29.13,8.41,0.78,14.531978,28.28,4.16,2.18,12.91,93.0,Satisfactory,2019,4,27,Spring
Amritsar,2019-04-28,61.59,151.49,15.37,13.76,29.13,8.41,0.96,14.531978,25.11,4.21,2.19,12.61,125.0,Moderate,2019,4,28,Spring
Amritsar,2019-04-29,58.58,131.1,19.03,16.09,35.12,10.79,1.0,14.531978,23.26,4.49,2.23,9.75,129.0,Moderate,2019,4,29,Spring
Amritsar,2019-04-30,47.27,135.19,22.64,18.39,41.03,13.15,0.63,14.531978,25.34,4.05,2.21,6.79,124.0,Moderate,2019,4,30,Spring
Amritsar,2019-05-01,43.45,95.71,18.09,17.41,35.08,11.63,1.0,14.531978,31.28,3.96,2.19,7.32,106.0,Moderate,2019,5,1,Spring
Amritsar,2019-05-02,38.35,110.64,14.47,16.64,30.1,10.42,0.5,51.84,33.26,3.74,2.13,10.26,109.0,Moderate,2019,5,2,Spring
Amritsar,2019-05-03,30.74,80.8,14.47,16.64,31.11,10.42,0.89,62.24,37.59,3.24,2.17,8.21,97.0,Satisfactory,2019,5,3,Spring
Amritsar,2019-05-04,43.75,100.92,34.72,28.21,57.07,34.44,0.87,36.35,30.69,3.87,2.05,8.83,97.0,Satisfactory,2019,5,4,Spring
Amritsar,2019-05-05,74.98,145.44,103.44,69.8,44.3,62.39,0.94,7.94,33.14,4.78,2.2,10.98,114.0,Moderate,2019,5,5,Spring
Amritsar,2019-05-06,59.63,118.65,33.67,64.12,48.79,43.0,1.03,14.18,27.67,5.02,2.3,10.06,147.0,Moderate,2019,5,6,Spring
Amritsar,2019-05-07,65.93,129.11,33.11,38.61,54.08,50.39,0.97,45.27,29.9,6.59,2.31,10.58,119.0,Moderate,2019,5,7,Spring
Amritsar,2019-05-08,54.21,110.82,73.43,72.44,95.37,129.46,1.29,67.26,29.01,4.83,2.2,9.16,120.0,Moderate,2019,5,8,Spring
Amritsar,2019-05-09,84.41,144.68,24.93,29.71,45.5,67.89,0.83,32.97,27.53,5.9,2.32,12.03,147.0,Moderate,2019,5,9,Spring
Amritsar,2019-05-10,97.06,176.04,40.72,31.61,60.06,78.96,0.96,14.65,33.36,3.95,2.07,8.36,198.0,Moderate,2019,5,10,Spring
Amritsar,2019-05-11,93.87,135.68,13.96,15.08,25.84,30.65,1.07,27.27,19.58,4.58,2.21,9.82,244.0,Poor,2019,5,11,Spring
Amritsar,2019-05-12,37.95,76.21,22.15,18.64,35.84,49.09,0.79,26.86,20.99,4.89,2.25,13.61,116.0,Moderate,2019,5,12,Spring
Amritsar,2019-05-13,90.72,142.79,10.98,12.11,21.62,18.23,1.03,26.99,19.67,5.46,2.22,10.66,174.0,Moderate,2019,5,13,Spring
Amritsar,2019-05-14,36.44,63.95,12.05,10.57,22.38,7.22,0.82,4.84,25.14,4.05,2.19,8.65,99.0,Satisfactory,2019,5,14,Spring
Amritsar,2019-05-15,69.3,135.22,12.01,9.09,21.09,6.89,0.8,26.79,19.53,4.88,2.25,9.3,112.0,Moderate,2019,5,15,Spring
Amritsar,2019-05-16,34.17,70.38,71.16,39.57,81.04,76.27,0.66,11.66,18.37,3.76,2.12,8.13,101.0,Moderate,2019,5,16,Spring
Amritsar,2019-05-17,38.31,96.81,20.38,14.91,34.47,11.92,0.73,16.1,12.17,4.09,2.22,9.45,99.0,Satisfactory,2019,5,17,Spring
Amritsar,2019-05-18,31.87,61.91,15.01,9.74,24.64,7.88,1.06,20.38,19.92,3.72,2.19,11.06,76.0,Satisfactory,2019,5,18,Spring
Amritsar,2019-05-19,49.54,105.25,14.5,9.31,23.29,7.51,0.9,22.3,26.86,4.09,2.13,9.87,100.0,Satisfactory,2019,5,19,Spring
Amritsar,2019-05-20,37.44,95.69,13.83,10.04,22.93,6.88,0.84,13.1,26.11,3.22,2.08,8.32,102.0,Moderate,2019,5,20,Spring
Amritsar,2019-05-21,46.62,98.1,33.16,30.3,54.34,37.7,0.76,23.13,25.32,3.44,1.91,7.14,90.0,Satisfactory,2019,5,21,Spring
Amritsar,2019-05-22,58.24,114.75,61.77,47.67,67.32,52.8,1.09,25.23,26.95,4.66,2.16,8.64,106.0,Moderate,2019,5,22,Spring
Amritsar,2019-05-23,38.7,93.26,73.32,63.38,95.71,50.53,0.76,12.84,19.33,3.53,2.12,7.57,108.0,Moderate,2019,5,23,Spring
Amritsar,2019-05-24,26.47,62.35,15.67,11.18,23.35,14.65,0.91,17.6,20.92,3.16,1.97,6.72,79.0,Satisfactory,2019,5,24,Spring
Amritsar,2019-05-25,22.15,55.39,13.77,8.36,21.59,9.65,0.89,16.45,25.08,3.14,2.16,8.45,71.0,Satisfactory,2019,5,25,Spring
Amritsar,2019-05-26,34.8,75.58,14.26,8.64,22.57,9.16,1.0,17.25,25.44,4.38,2.2,9.71,77.0,Satisfactory,2019,5,26,Spring
Amritsar,2019-05-27,32.11,71.02,18.58,13.58,30.02,12.53,0.99,15.4,25.75,3.86,1.97,8.95,77.0,Satisfactory,2019,5,27,Spring
Amritsar,2019-05-28,38.02,79.34,34.12,32.18,53.48,36.31,0.86,25.47,26.91,4.16,1.98,9.36,81.0,Satisfactory,2019,5,28,Spring
Amritsar,2019-05-29,43.03,101.54,28.09,22.68,42.36,33.68,1.42,24.33,26.36,5.25,2.14,7.03,100.0,Satisfactory,2019,5,29,Spring
Amritsar,2019-05-30,57.3,130.38,45.29,27.38,48.35,36.81,0.94,33.42,30.14,6.64,2.34,11.0,123.0,Moderate,2019,5,30,Spring
Amritsar,2019-05-31,55.89,132.32,32.08,20.02,42.14,26.23,1.19,21.88,31.89,6.19,2.23,10.94,122.0,Moderate,2019,5,31,Spring
Amritsar,2019-06-01,58.44,141.53,23.22,13.55,30.28,22.5,0.84,25.04,31.93,6.41,2.27,13.48,121.0,Moderate,2019,6,1,Summer
Amritsar,2019-06-02,49.65,120.56,17.6,11.27,24.49,16.26,1.2,19.91,22.67,6.29,2.33,13.2,124.0,Moderate,2019,6,2,Summer
Amritsar,2019-06-03,63.82,181.11,17.18,10.54,23.38,14.2,0.39,14.4,24.17,6.36,2.26,11.55,135.0,Moderate,2019,6,3,Summer
Amritsar,2019-06-04,38.14,123.69,14.94,7.91,16.64,17.73,0.58,6.54,31.2,3.88,1.8,8.7,148.0,Moderate,2019,6,4,Summer
Amritsar,2019-06-05,51.45,115.44,16.52,9.43,17.31,19.86,0.68,16.63,27.17,4.76,1.81,10.42,104.0,Moderate,2019,6,5,Summer
Amritsar,2019-06-06,46.72,88.35,18.38,9.22,21.0,21.43,0.53,12.95,40.67,4.4,2.03,11.59,103.0,Moderate,2019,6,6,Summer
Amritsar,2019-06-07,35.52,68.81,16.51,9.41,20.08,18.25,0.7,22.39,38.58,3.81,1.93,8.94,79.0,Satisfactory,2019,6,7,Summer
Amritsar,2019-06-08,39.76,97.33,14.99,9.65,21.39,14.95,0.86,19.92,28.88,5.35,2.21,10.58,90.0,Satisfactory,2019,6,8,Summer
Amritsar,2019-06-09,39.17,86.77,16.07,10.66,19.45,11.16,1.09,20.21,25.17,4.65,1.92,9.68,94.0,Satisfactory,2019,6,9,Summer
Amritsar,2019-06-10,34.67,95.14,17.29,10.5,20.93,12.81,0.73,21.96,31.75,5.31,1.89,8.38,98.0,Satisfactory,2019,6,10,Summer
Amritsar,2019-06-11,50.27,146.22,53.67,22.83,64.27,39.57,0.69,22.77,24.11,5.44,2.23,9.93,113.0,Moderate,2019,6,11,Summer
Amritsar,2019-06-12,52.25,116.06,24.07,13.75,30.02,20.25,0.62,9.37,30.66,3.58,2.02,7.28,122.0,Moderate,2019,6,12,Summer
Amritsar,2019-06-13,40.12,96.78,15.33,11.14,18.0,14.48,0.55,15.21,30.7,3.24,1.82,6.81,101.0,Moderate,2019,6,13,Summer
Amritsar,2019-06-14,41.37,96.26,12.73,10.38,13.38,10.57,0.61,35.25,32.36,3.22,1.55,6.45,98.0,Satisfactory,2019,6,14,Summer
Amritsar,2019-06-15,71.78,157.84,16.8,11.13,22.12,13.4,1.17,33.19,19.86,6.78,2.22,11.36,126.0,Moderate,2019,6,15,Summer
Amritsar,2019-06-16,44.71,79.43,13.34,10.76,16.12,10.13,0.79,9.81,26.84,4.48,1.84,8.94,106.0,Moderate,2019,6,16,Summer
Amritsar,2019-06-17,62.47,113.81,16.54,11.16,20.55,13.83,0.78,9.02,22.76,4.23,2.03,8.09,104.0,Moderate,2019,6,17,Summer
Amritsar,2019-06-18,52.47,124.04,16.64,9.73,16.56,14.85,0.56,5.29,23.74,3.01,1.66,5.28,91.0,Satisfactory,2019,6,18,Summer
Amritsar,2019-06-19,55.22,177.85,11.61,8.66,16.39,11.57,0.76,18.32,24.29,3.52,1.97,7.14,153.0,Moderate,2019,6,19,Summer
Amritsar,2019-06-20,31.45,79.17,12.1,8.29,16.71,13.32,0.84,6.59,19.06,3.77,1.95,7.62,121.0,Moderate,2019,6,20,Summer
Amritsar,2019-06-21,22.63,78.34,21.12,11.89,22.7,19.54,1.01,13.58,23.74,4.25,2.0,9.01,81.0,Satisfactory,2019,6,21,Summer
Amritsar,2019-06-22,30.66,93.25,31.34,16.42,33.89,38.17,0.77,13.33,25.78,5.12,2.14,10.41,94.0,Satisfactory,2019,6,22,Summer
Amritsar,2019-06-23,30.83,111.52,14.72,8.14,19.02,38.58,0.75,12.05,18.98,5.03,1.92,9.24,100.0,Satisfactory,2019,6,23,Summer
Amritsar,2019-06-24,20.91,79.27,13.98,8.09,17.35,38.81,0.77,9.28,9.78,4.81,1.86,6.2,96.0,Satisfactory,2019,6,24,Summer
Amritsar,2019-06-25,16.57,50.38,13.54,7.71,19.39,33.5,0.59,6.39,15.03,3.47,2.1,7.87,65.0,Satisfactory,2019,6,25,Summer
Amritsar,2019-06-26,24.92,72.1,13.23,8.78,19.14,30.49,0.42,5.53,22.65,3.59,1.92,8.02,66.0,Satisfactory,2019,6,26,Summer
Amritsar,2019-06-27,22.93,102.56,18.58,10.12,20.53,32.47,0.29,11.97,32.73,3.73,1.83,8.68,100.0,Satisfactory,2019,6,27,Summer
Amritsar,2019-06-28,39.66,110.23,12.71,10.55,20.67,19.73,0.72,12.92,25.16,5.22,2.06,9.38,94.0,Satisfactory,2019,6,28,Summer
Amritsar,2019-06-29,39.39,148.72,12.05,10.47,21.7,19.41,0.43,9.23,23.02,4.41,2.18,10.21,127.0,Moderate,2019,6,29,Summer
Amritsar,2019-06-30,34.2,121.47,11.64,10.6,20.98,19.41,0.37,10.98,31.58,4.1,2.09,9.86,126.0,Moderate,2019,6,30,Summer
Amritsar,2019-07-01,38.51,95.89,11.8,10.58,21.27,19.43,0.49,12.69,25.22,4.52,2.12,10.62,93.0,Satisfactory,2019,7,1,Summer
Amritsar,2019-07-02,35.45,85.48,11.67,10.73,21.03,19.23,0.46,7.28,28.92,3.99,2.05,9.95,86.0,Satisfactory,2019,7,2,Summer
Amritsar,2019-07-03,39.52,101.22,11.6,10.62,17.19,19.09,0.38,6.6,17.15,3.67,1.7,9.08,98.0,Satisfactory,2019,7,3,Summer
Amritsar,2019-07-04,39.29,104.66,11.42,10.8,16.89,19.43,0.38,6.95,15.28,3.71,1.61,6.96,105.0,Moderate,2019,7,4,Summer
Amritsar,2019-07-05,15.97,45.06,11.65,10.65,17.36,18.97,0.47,5.66,14.08,5.15,1.7,6.22,77.0,Satisfactory,2019,7,5,Summer
Amritsar,2019-07-06,33.24,67.52,12.19,10.16,19.89,19.88,0.37,6.76,15.75,4.6,2.08,9.27,73.0,Satisfactory,2019,7,6,Summer
Amritsar,2019-07-07,23.68,49.41,14.59,8.8,18.37,18.25,0.59,2.13,17.59,4.11,1.79,8.63,59.0,Satisfactory,2019,7,7,Summer
Amritsar,2019-07-08,38.8,110.12,13.85,9.07,15.9,16.02,0.47,5.1,25.15,3.47,1.9,8.07,67.0,Satisfactory,2019,7,8,Summer
Amritsar,2019-07-09,25.52,67.57,12.78,9.21,10.32,3.77,0.45,1.71,36.79,3.0,1.26,6.12,69.0,Satisfactory,2019,7,9,Summer
Amritsar,2019-07-10,52.38,135.9,22.33,16.7,25.97,11.78,0.34,7.4,23.79,2.27,0.86,5.37,89.0,Satisfactory,2019,7,10,Summer
Amritsar,2019-07-11,60.87,154.12,49.82,27.4,42.48,24.11,0.24,7.78,23.29,3.11,0.82,10.43,146.0,Moderate,2019,7,11,Summer
Amritsar,2019-07-12,48.44,135.54,41.18,25.05,47.83,33.67,0.48,4.99,21.32,3.19,1.09,9.54,110.0,Moderate,2019,7,12,Summer
Amritsar,2019-07-13,50.87,122.29,25.26,15.78,23.76,49.94,0.3,5.78,28.65,2.94,0.87,10.68,142.0,Moderate,2019,7,13,Summer
Amritsar,2019-07-14,24.63,44.26,40.95,26.07,35.88,83.09,0.2,4.37,26.3,3.32,0.84,10.17,60.0,Satisfactory,2019,7,14,Summer
Amritsar,2019-07-15,41.52,67.16,35.12,18.92,32.67,63.6,0.32,5.2,22.48,2.22,0.81,9.36,51.0,Satisfactory,2019,7,15,Summer
Amritsar,2019-07-16,32.36,55.29,17.81,10.18,25.52,14.76,0.3,7.66,16.87,3.19,1.08,9.33,73.0,Satisfactory,2019,7,16,Summer
Amritsar,2019-07-17,24.46,48.21,16.32,10.4,25.54,11.47,0.29,8.03,19.29,3.32,1.11,6.4,52.0,Satisfactory,2019,7,17,Summer
Amritsar,2019-07-18,31.59,62.79,31.8,20.49,41.64,22.79,0.39,5.37,18.33,3.13,1.08,8.1,53.0,Satisfactory,2019,7,18,Summer
Amritsar,2019-07-19,29.65,57.49,17.25,14.02,26.67,13.26,0.4,4.57,20.27,3.68,1.13,7.96,64.0,Satisfactory,2019,7,19,Summer
Amritsar,2019-07-20,36.65,64.81,13.68,11.3,21.67,12.08,0.53,8.0,18.76,3.59,1.14,9.62,61.0,Satisfactory,2019,7,20,Summer
Amritsar,2019-07-21,34.1,60.06,11.67,10.68,20.93,11.57,0.47,17.74,22.13,4.25,1.14,7.74,60.0,Satisfactory,2019,7,21,Summer
Amritsar,2019-07-22,43.15,76.76,14.02,10.4,17.86,11.33,0.31,11.1,16.24,3.4,1.25,13.71,71.0,Satisfactory,2019,7,22,Summer
Amritsar,2019-07-23,48.85,74.56,7.77,9.49,17.26,10.22,0.17,12.12,22.14,4.4,1.15,14.56,75.0,Satisfactory,2019,7,23,Summer
Amritsar,2019-07-24,43.72,69.77,7.82,9.53,17.1,10.2,0.38,15.18,27.31,4.18,1.14,13.14,79.0,Satisfactory,2019,7,24,Summer
Amritsar,2019-07-25,28.22,53.0,8.29,9.31,16.63,10.16,0.27,12.54,21.49,3.5,1.06,10.07,70.0,Satisfactory,2019,7,25,Summer
Amritsar,2019-07-26,24.73,49.38,9.45,9.94,18.63,10.66,0.5,11.8,14.03,3.7,1.12,13.25,46.0,Good,2019,7,26,Summer
Amritsar,2019-07-27,27.5,48.96,9.94,10.97,18.41,10.72,0.43,15.86,16.11,3.91,1.14,12.61,55.0,Satisfactory,2019,7,27,Summer
Amritsar,2019-07-28,26.73,47.19,13.19,13.84,21.83,11.87,0.63,16.16,7.2,5.0,1.15,11.83,55.0,Satisfactory,2019,7,28,Summer
Amritsar,2019-07-29,29.12,48.46,12.49,14.06,20.12,11.88,0.26,14.42,9.09,4.03,1.1,12.32,51.0,Satisfactory,2019,7,29,Summer
Amritsar,2019-07-30,25.95,51.61,16.38,14.3,23.36,13.78,0.08,11.39,13.14,4.32,1.18,13.25,48.0,Good,2019,7,30,Summer
Amritsar,2019-07-31,17.41,41.49,9.36,9.96,17.13,10.51,0.35,12.07,14.03,3.58,1.09,8.2,47.0,Good,2019,7,31,Summer
Amritsar,2019-08-01,23.92,45.63,8.83,10.22,17.6,10.46,0.51,21.06,11.71,3.73,1.13,5.79,47.0,Good,2019,8,1,Summer
Amritsar,2019-08-02,16.58,37.38,9.06,9.41,17.4,10.23,0.1,9.62,18.66,3.33,1.12,4.83,42.0,Good,2019,8,2,Summer
Amritsar,2019-08-03,24.34,49.36,9.15,9.82,17.87,10.23,0.54,5.44,16.52,3.32,1.11,8.31,45.0,Good,2019,8,3,Summer
Amritsar,2019-08-04,41.6,63.19,7.75,9.07,16.81,10.07,0.54,5.36,13.28,4.21,1.16,3.18,67.0,Satisfactory,2019,8,4,Summer
Amritsar,2019-08-05,31.11,54.02,8.11,9.13,15.87,10.09,0.24,4.81,10.51,3.88,1.09,8.74,59.0,Satisfactory,2019,8,5,Summer
Amritsar,2019-08-06,33.02,56.3,8.78,9.18,17.56,10.12,0.28,5.25,16.48,3.67,1.15,12.32,56.0,Satisfactory,2019,8,6,Summer
Amritsar,2019-08-07,27.95,50.61,7.85,8.96,16.73,10.06,0.5,5.53,17.22,3.35,1.13,12.05,52.0,Satisfactory,2019,8,7,Summer
Amritsar,2019-08-08,27.18,64.55,8.85,8.96,16.41,10.13,0.48,2.96,14.03,3.75,1.11,13.8,61.0,Satisfactory,2019,8,8,Summer
Amritsar,2019-08-09,21.42,44.31,8.6,9.28,17.6,10.27,0.15,5.62,12.0,3.85,1.16,4.09,54.0,Satisfactory,2019,8,9,Summer
Amritsar,2019-08-10,21.94,49.35,8.25,9.3,17.08,10.06,0.51,7.89,13.87,3.59,1.13,2.47,43.0,Good,2019,8,10,Summer
Amritsar,2019-08-11,27.52,52.67,8.47,9.0,16.78,10.12,0.49,4.6,14.89,3.32,1.11,3.37,53.0,Satisfactory,2019,8,11,Summer
Amritsar,2019-08-12,32.26,59.32,7.63,9.02,16.62,10.05,0.27,7.12,12.27,3.51,1.14,3.88,54.0,Satisfactory,2019,8,12,Summer
Amritsar,2019-08-13,20.54,44.11,9.32,8.87,18.19,10.08,0.28,6.38,14.61,2.8,1.12,4.31,53.0,Satisfactory,2019,8,13,Summer
Amritsar,2019-08-14,23.62,49.13,12.23,9.02,21.25,10.42,0.76,5.33,10.8,2.93,1.13,2.0,50.0,Good,2019,8,14,Summer
Amritsar,2019-08-15,23.28,50.89,13.5,9.19,22.46,10.72,0.62,5.42,10.12,3.24,1.13,1.98,58.0,Satisfactory,2019,8,15,Summer
Amritsar,2019-08-16,22.43,46.17,13.5,9.19,22.22,10.72,0.57,5.57,10.14,3.0,1.1,2.7,50.0,Good,2019,8,16,Summer
Amritsar,2019-08-17,19.43,39.75,13.5,9.19,22.69,10.72,0.42,6.13,14.29,3.16,1.13,2.0,44.0,Good,2019,8,17,Summer
Amritsar,2019-08-18,11.69,37.87,13.5,9.19,22.69,10.72,0.56,9.05,16.87,2.86,1.13,2.15,39.0,Good,2019,8,18,Summer
Amritsar,2019-08-19,16.58,35.71,13.46,9.16,21.71,10.68,0.29,6.64,18.05,2.74,1.06,2.92,45.0,Good,2019,8,19,Summer
Amritsar,2019-08-20,25.06,53.57,13.5,9.19,22.69,10.72,0.53,6.39,24.63,3.15,1.14,2.0,48.0,Good,2019,8,20,Summer
Amritsar,2019-08-21,42.78,75.93,13.3,9.07,22.38,10.76,0.29,6.24,25.9,3.16,1.14,2.0,68.0,Satisfactory,2019,8,21,Summer
Amritsar,2019-08-22,34.69,70.15,12.91,8.91,21.82,10.92,0.22,6.12,22.01,2.63,1.13,2.0,77.0,Satisfactory,2019,8,22,Summer
Amritsar,2019-08-23,34.9,72.3,13.1,8.83,21.94,11.05,0.24,9.0,28.31,2.25,1.02,2.0,69.0,Satisfactory,2019,8,23,Summer
Amritsar,2019-08-24,42.01,80.46,13.17,8.87,22.01,11.03,0.28,5.79,24.41,2.43,1.12,2.0,77.0,Satisfactory,2019,8,24,Summer
Amritsar,2019-08-25,67.45058,118.127106,17.57473,28.56066,32.309124,23.483477,2.248598,14.531978,34.491432,3.2808404,8.700972,3.0701277,80.0,Satisfactory,2019,8,25,Summer
Amritsar,2019-08-26,36.18,45.75,14.23,10.58,21.59,10.75,0.45,9.77,15.82,1.74,0.98,1.87,166.46358,Moderate,2019,8,26,Summer
Amritsar,2019-08-27,36.3,63.21,14.22,9.14,22.63,11.17,0.55,6.49,18.33,2.49,1.13,2.0,68.0,Satisfactory,2019,8,27,Summer
Amritsar,2019-08-28,44.57,73.97,13.1,8.95,21.55,11.12,0.18,8.7,19.26,2.76,1.12,1.98,84.0,Satisfactory,2019,8,28,Summer
Amritsar,2019-08-29,35.47,62.21,14.53,9.47,22.6,11.18,0.3,5.48,20.87,2.2,1.1,1.98,64.0,Satisfactory,2019,8,29,Summer
Amritsar,2019-08-30,37.27,62.08,22.98,11.54,31.46,12.7,0.47,6.96,18.45,2.12,1.11,2.0,60.0,Satisfactory,2019,8,30,Summer
Amritsar,2019-08-31,42.27,66.27,21.96,19.49,37.54,11.58,0.61,6.46,19.43,2.34,1.12,2.0,70.0,Satisfactory,2019,8,31,Summer
Amritsar,2019-09-01,41.31,67.58,13.2,8.82,21.98,11.05,0.38,5.8,17.12,2.5,1.12,2.0,80.0,Satisfactory,2019,9,1,Autumn
Amritsar,2019-09-02,29.85,53.6,13.17,8.92,22.06,11.09,0.57,9.33,15.45,2.21,1.11,2.0,54.0,Satisfactory,2019,9,2,Autumn
Amritsar,2019-09-03,41.67,71.05,13.23,8.81,21.81,11.06,1.49,21.08,29.75,2.45,1.42,1.96,79.0,Satisfactory,2019,9,3,Autumn
Amritsar,2019-09-04,43.4,142.24,13.25,8.81,22.06,11.07,0.82,5.98,34.02,1.99,1.11,2.0,144.0,Moderate,2019,9,4,Autumn
Amritsar,2019-09-05,20.82,36.97,13.25,8.81,22.06,11.07,0.68,5.7,21.35,1.72,1.1,2.0,64.0,Satisfactory,2019,9,5,Autumn
Amritsar,2019-09-06,32.17,53.74,13.24,8.81,21.81,11.07,0.94,6.19,13.45,1.79,1.09,1.98,55.0,Satisfactory,2019,9,6,Autumn
Amritsar,2019-09-07,32.83,58.77,13.26,8.77,22.03,11.08,1.0,6.3,13.84,1.97,1.11,2.0,70.0,Satisfactory,2019,9,7,Autumn
Amritsar,2019-09-08,28.54,56.86,16.3,12.06,25.35,11.66,0.84,5.78,14.57,2.03,1.11,2.0,68.0,Satisfactory,2019,9,8,Autumn
Amritsar,2019-09-09,38.61,76.3,22.78,16.01,32.96,12.24,1.17,7.33,17.04,2.06,1.1,1.98,70.0,Satisfactory,2019,9,9,Autumn
Amritsar,2019-09-10,39.22,75.57,14.89,11.7,24.65,9.68,0.94,9.5,14.2,2.08,1.13,2.0,81.0,Satisfactory,2019,9,10,Autumn
Amritsar,2019-09-11,41.36,79.85,13.16,11.2,23.58,9.48,0.3,9.68,15.6,2.04,1.11,2.0,77.0,Satisfactory,2019,9,11,Autumn
Amritsar,2019-09-12,40.96,75.26,13.75,10.7,23.86,9.46,0.86,9.26,19.2,1.9,1.11,2.0,79.0,Satisfactory,2019,9,12,Autumn
Amritsar,2019-09-13,35.44,63.1,13.54,10.91,23.88,9.48,1.13,12.01,29.03,1.74,1.1,2.0,84.0,Satisfactory,2019,9,13,Autumn
Amritsar,2019-09-14,45.56,70.58,17.74,14.37,30.73,9.51,1.52,16.32,19.24,1.92,1.18,1.98,103.0,Moderate,2019,9,14,Autumn
Amritsar,2019-09-15,42.86,69.71,16.53,10.58,23.69,9.61,0.67,7.64,22.4,2.07,1.1,1.98,85.0,Satisfactory,2019,9,15,Autumn
Amritsar,2019-09-16,33.95,61.35,18.8,17.21,28.34,10.34,0.47,12.85,24.2,1.92,1.08,1.96,79.0,Satisfactory,2019,9,16,Autumn
Amritsar,2019-09-17,37.32,65.85,15.01,11.66,25.01,9.59,0.09,15.59,28.21,2.02,1.11,2.0,56.0,Satisfactory,2019,9,17,Autumn
Amritsar,2019-09-18,43.51,74.09,13.95,10.94,24.26,9.55,0.35,12.01,26.59,2.04,1.22,2.0,75.0,Satisfactory,2019,9,18,Autumn
Amritsar,2019-09-19,31.24,54.09,14.64,11.3,24.58,9.65,1.37,15.55,23.48,1.78,1.1,2.0,91.0,Satisfactory,2019,9,19,Autumn
Amritsar,2019-09-20,27.76,52.71,14.0,11.15,24.29,9.29,1.29,20.75,24.46,1.85,1.11,2.0,97.0,Satisfactory,2019,9,20,Autumn
Amritsar,2019-09-21,33.91,61.33,13.95,11.05,23.54,9.45,1.42,43.86,21.75,1.93,1.08,1.95,90.0,Satisfactory,2019,9,21,Autumn
Amritsar,2019-09-22,46.92,76.58,13.6,10.93,23.48,9.62,0.69,41.56,36.57,2.25,1.11,2.0,87.0,Satisfactory,2019,9,22,Autumn
Amritsar,2019-09-23,29.63,55.14,13.39,10.91,23.32,9.5,0.51,6.26,32.18,1.83,1.15,1.98,66.0,Satisfactory,2019,9,23,Autumn
Amritsar,2019-09-24,29.2,55.32,13.75,10.56,23.89,9.34,0.6,10.52,27.3,1.96,1.11,2.0,61.0,Satisfactory,2019,9,24,Autumn
Amritsar,2019-09-25,60.23,82.57,13.29,10.91,23.27,9.46,1.17,20.53,25.56,2.18,1.11,2.0,87.0,Satisfactory,2019,9,25,Autumn
Amritsar,2019-09-26,78.08,97.22,13.34,10.88,23.3,9.51,0.96,10.46,13.97,2.18,1.08,1.95,146.0,Moderate,2019,9,26,Autumn
Amritsar,2019-09-27,35.0,62.07,13.04,10.44,23.08,9.32,0.81,13.46,11.17,1.94,1.1,1.98,96.0,Satisfactory,2019,9,27,Autumn
Amritsar,2019-09-28,21.75,50.58,13.42,10.49,23.87,9.41,0.68,8.25,11.7,1.81,1.11,2.0,60.0,Satisfactory,2019,9,28,Autumn
Amritsar,2019-09-29,12.58,41.81,12.94,10.51,23.2,9.34,0.57,9.96,14.39,1.68,1.09,1.98,63.0,Satisfactory,2019,9,29,Autumn
Amritsar,2019-09-30,16.26,48.02,13.12,10.54,23.63,9.32,0.56,16.98,11.52,1.66,1.1,2.0,48.0,Good,2019,9,30,Autumn
Amritsar,2019-10-01,18.15,51.03,13.16,10.58,23.71,9.36,0.62,21.48,15.92,1.72,1.11,2.0,57.0,Satisfactory,2019,10,1,Autumn
Amritsar,2019-10-02,27.76,65.44,13.38,10.66,23.26,9.41,0.82,49.41,18.07,1.88,1.07,1.99,67.0,Satisfactory,2019,10,2,Autumn
Amritsar,2019-10-03,28.07,69.46,12.93,10.32,22.75,9.29,0.58,10.21,21.01,2.58,1.09,2.93,84.0,Satisfactory,2019,10,3,Autumn
Amritsar,2019-10-04,24.0,51.78,13.19,10.56,23.62,9.32,0.09,6.6,15.08,3.58,1.18,2.91,55.0,Satisfactory,2019,10,4,Autumn
Amritsar,2019-10-05,30.18,54.28,12.51,10.3,22.68,8.98,0.21,4.8,27.04,4.02,1.19,2.15,60.0,Satisfactory,2019,10,5,Autumn
Amritsar,2019-10-06,66.88,95.67,11.96,12.09,20.86,30.09,0.32,4.7,39.06,5.13,1.2,1.98,86.0,Satisfactory,2019,10,6,Autumn
Amritsar,2019-10-07,34.53,75.78,10.57,11.41,20.97,30.69,0.23,3.05,36.75,3.45,1.15,2.0,94.0,Satisfactory,2019,10,7,Autumn
Amritsar,2019-10-08,48.2,73.6,12.29,11.35,21.7,31.13,0.28,1.51,35.6,4.2,1.18,2.0,132.0,Moderate,2019,10,8,Autumn
Amritsar,2019-10-09,47.82,71.06,27.37,12.56,25.77,37.76,0.33,4.19,32.11,3.2,1.07,2.48,81.0,Satisfactory,2019,10,9,Autumn
Amritsar,2019-10-10,36.76,64.47,10.5,11.64,20.98,30.77,0.31,1.64,42.89,3.24,1.15,2.0,77.0,Satisfactory,2019,10,10,Autumn
Amritsar,2019-10-11,67.93,112.42,12.37,12.05,20.91,30.03,0.33,7.35,34.491432,4.06,1.11,1.83,154.0,Moderate,2019,10,11,Autumn
Amritsar,2019-10-12,80.09,134.52,10.82,11.5,20.77,34.63,0.2,2.59,34.491432,4.72,1.2,2.11,155.0,Moderate,2019,10,12,Autumn
Amritsar,2019-10-13,89.61,136.04,12.1,11.33,22.42,29.97,0.28,5.1,34.491432,4.56,1.22,2.0,179.0,Moderate,2019,10,13,Autumn
Amritsar,2019-10-14,76.11,136.64,12.66,12.01,22.6,30.9,0.4,4.86,34.491432,4.08,2.2,2.0,205.0,Poor,2019,10,14,Autumn
Amritsar,2019-10-15,45.01,102.57,11.17,11.41,21.58,30.38,0.48,7.11,34.491432,3.29,4.19,2.0,104.0,Moderate,2019,10,15,Autumn
Amritsar,2019-10-16,60.98,88.71,11.89,11.4,21.93,30.31,0.34,10.91,34.491432,2.98,4.01,1.99,117.0,Moderate,2019,10,16,Autumn
Amritsar,2019-10-17,58.05,81.17,12.25,11.65,21.66,30.47,0.47,16.53,34.491432,2.53,3.64,1.95,95.0,Satisfactory,2019,10,17,Autumn
Amritsar,2019-10-18,38.85,74.0,11.12,11.53,20.3,30.37,0.39,11.45,18.75,1.84,2.59,1.88,94.0,Satisfactory,2019,10,18,Autumn
Amritsar,2019-10-19,22.66,54.08,11.13,11.53,21.65,30.36,0.63,9.21,20.6,2.01,3.51,2.0,58.0,Satisfactory,2019,10,19,Autumn
Amritsar,2019-10-20,42.86,107.14,11.16,11.51,21.67,30.36,0.52,7.06,24.61,2.21,3.67,2.0,87.0,Satisfactory,2019,10,20,Autumn
Amritsar,2019-10-21,62.48,136.27,11.15,11.51,21.67,30.36,0.54,7.47,27.11,2.31,3.76,2.0,110.0,Moderate,2019,10,21,Autumn
Amritsar,2019-10-22,80.27,181.64,11.27,14.51,24.08,29.79,0.54,12.37,22.51,2.36,3.33,1.96,147.0,Moderate,2019,10,22,Autumn
Amritsar,2019-10-23,96.33,172.08,11.63,18.14,28.97,28.99,0.46,13.85,16.81,2.9,3.57,1.96,227.0,Poor,2019,10,23,Autumn
Amritsar,2019-10-24,84.31,132.9,11.04,11.56,21.66,31.4,0.36,13.78,22.45,2.49,3.3,1.92,179.0,Moderate,2019,10,24,Autumn
Amritsar,2019-10-25,90.71,135.6,12.5,13.12,23.71,31.44,0.87,15.28,19.52,3.07,3.83,1.96,198.0,Moderate,2019,10,25,Autumn
Amritsar,2019-10-26,107.98,161.15,11.28,8.57,19.43,32.46,0.56,15.87,19.54,3.09,3.77,1.98,234.0,Poor,2019,10,26,Autumn
Amritsar,2019-10-27,116.05,181.67,13.78,9.11,22.22,32.83,0.79,17.71,19.78,3.39,3.83,2.03,212.0,Poor,2019,10,27,Autumn
Amritsar,2019-10-30,127.13,245.27,17.07,9.78,21.98,13.16,0.57,13.88,21.7,2.92,2.91,1.64,247.0,Poor,2019,10,30,Autumn
Amritsar,2019-11-03,155.83,305.4,17.13,10.98,27.05,13.26,0.34,9.75,14.51,2.75,3.41,2.0,302.0,Very Poor,2019,11,3,Autumn
Amritsar,2019-11-04,104.21,207.47,18.27,10.64,24.48,12.38,0.71,12.97,12.72,1.79,2.42,1.84,288.0,Poor,2019,11,4,Autumn
Amritsar,2019-11-05,97.09,186.99,41.45,32.85,51.49,24.67,0.53,10.5,16.23,2.2,2.58,1.98,261.0,Poor,2019,11,5,Autumn
Amritsar,2019-11-06,137.13,221.46,16.97,9.95,26.71,12.99,0.48,10.68,18.85,2.14,2.49,2.0,254.0,Poor,2019,11,6,Autumn
Amritsar,2019-11-07,34.94,71.87,17.16,9.95,26.82,13.01,0.55,8.74,15.72,1.59,1.94,1.98,212.0,Poor,2019,11,7,Autumn
Amritsar,2019-11-08,24.18,61.24,17.21,10.04,27.25,13.03,0.8,10.71,16.33,1.56,1.99,2.0,54.0,Satisfactory,2019,11,8,Autumn
Amritsar,2019-11-09,42.84,81.33,17.28,10.04,27.28,13.0,0.78,9.2,12.92,2.02,2.7,2.0,72.0,Satisfactory,2019,11,9,Autumn
Amritsar,2019-11-10,84.92,143.08,17.28,10.24,27.46,13.05,0.41,10.17,22.42,2.18,2.92,2.0,140.0,Moderate,2019,11,10,Autumn
Amritsar,2019-11-11,84.63,158.85,17.16,10.25,27.34,13.06,0.8,11.04,27.87,2.16,2.65,2.0,160.0,Moderate,2019,11,11,Autumn
Amritsar,2019-11-12,168.71,313.31,17.19,10.31,27.43,12.92,0.78,12.55,19.71,2.74,3.16,2.0,285.0,Poor,2019,11,12,Autumn
Amritsar,2019-11-16,86.49,164.0,17.17,9.91,27.08,13.0,0.36,13.01,11.08,2.31,3.22,2.0,259.0,Poor,2019,11,16,Autumn
Amritsar,2019-11-17,42.18,105.92,17.22,10.01,27.23,12.99,0.66,7.93,16.02,1.92,3.16,2.0,110.0,Moderate,2019,11,17,Autumn
Amritsar,2019-11-18,101.44,190.56,17.24,10.01,26.96,13.01,0.65,11.37,20.02,2.12,2.83,1.98,162.0,Moderate,2019,11,18,Autumn
Amritsar,2019-11-20,91.41,253.95,17.22,9.98,27.2,13.0,0.47,13.04,13.14,3.38,4.5,2.01,235.0,Poor,2019,11,20,Autumn
Amritsar,2019-11-21,112.55,180.08,13.18,9.99,23.17,12.99,0.66,18.42,10.24,2.55,2.93,2.0,280.0,Poor,2019,11,21,Autumn
Amritsar,2019-11-22,57.31,122.03,9.51,10.01,19.52,13.0,0.59,13.92,7.19,2.37,2.96,2.0,157.0,Moderate,2019,11,22,Autumn
Amritsar,2019-11-23,24.07,59.83,9.5,9.99,19.5,13.0,0.67,8.75,13.37,1.91,2.89,2.0,85.0,Satisfactory,2019,11,23,Autumn
Amritsar,2019-11-24,32.98,88.49,9.5,9.99,19.49,13.01,0.67,10.45,16.72,2.24,3.26,2.0,74.0,Satisfactory,2019,11,24,Autumn
Amritsar,2019-11-25,39.29,146.1,9.5,9.99,19.49,13.0,0.48,10.74,16.08,2.83,3.9,2.01,108.0,Moderate,2019,11,25,Autumn
Amritsar,2019-11-26,30.77,80.76,9.53,10.03,19.56,13.08,0.48,16.2,13.5,2.42,3.18,1.98,113.0,Moderate,2019,11,26,Autumn
Amritsar,2019-11-27,31.91,46.08,9.51,10.02,19.54,13.0,0.63,14.87,11.14,1.81,2.17,2.0,64.0,Satisfactory,2019,11,27,Autumn
Amritsar,2019-11-28,25.36,39.49,9.52,9.85,19.31,13.04,0.65,12.42,11.47,1.7,2.08,2.0,44.0,Good,2019,11,28,Autumn
Amritsar,2019-11-29,26.37,51.37,9.83,10.32,19.82,9.12,0.74,13.18,15.19,1.84,2.44,2.0,47.0,Good,2019,11,29,Autumn
Amritsar,2019-11-30,41.64,69.84,9.6,10.15,19.52,5.02,0.64,8.22,19.66,1.99,2.77,2.0,60.0,Satisfactory,2019,11,30,Autumn
Amritsar,2019-12-01,60.29,99.83,9.54,10.06,19.6,4.93,0.71,8.9,24.19,2.41,3.08,2.0,89.0,Satisfactory,2019,12,1,Winter
Amritsar,2019-12-02,84.89,137.8,9.65,9.93,19.5,5.01,0.5,9.17,26.53,2.93,3.45,2.0,145.0,Moderate,2019,12,2,Winter
Amritsar,2019-12-03,87.69,140.27,9.51,10.05,19.2,5.1,0.59,10.68,22.89,3.1,3.37,1.98,183.0,Moderate,2019,12,3,Winter
Amritsar,2019-12-04,90.75,145.52,10.45,10.6,19.15,5.34,0.16,13.24,23.74,2.99,3.19,1.96,220.0,Poor,2019,12,4,Winter
Amritsar,2019-12-05,66.85,103.82,11.81,13.89,20.33,5.53,0.5,9.82,21.56,2.38,2.82,1.9,147.0,Moderate,2019,12,5,Winter
Amritsar,2019-12-06,54.62,84.09,10.47,11.54,20.38,5.25,0.24,11.64,17.87,2.42,2.96,2.0,106.0,Moderate,2019,12,6,Winter
Amritsar,2019-12-07,74.16,111.95,10.88,10.78,18.86,5.19,0.82,18.45,17.24,2.74,3.28,1.85,121.0,Moderate,2019,12,7,Winter
Amritsar,2019-12-08,67.0,114.79,11.94,12.9,21.4,5.63,0.74,12.39,20.02,3.23,3.99,1.98,123.0,Moderate,2019,12,8,Winter
Amritsar,2019-12-09,103.57,162.16,14.29,15.08,23.71,6.76,0.7,12.35,19.0,3.15,3.69,2.0,187.0,Moderate,2019,12,9,Winter
Amritsar,2019-12-10,128.64,202.77,11.96,14.02,21.02,6.05,0.66,10.06,19.17,2.99,3.0,2.0,291.0,Poor,2019,12,10,Winter
Amritsar,2019-12-11,86.0,132.04,11.49,12.72,20.34,5.63,0.54,13.79,17.99,2.62,2.7,2.0,245.0,Poor,2019,12,11,Winter
Amritsar,2019-12-12,28.77,44.31,11.17,12.31,17.56,5.95,0.72,4.02,13.14,1.61,1.62,1.93,186.0,Moderate,2019,12,12,Winter
Amritsar,2019-12-13,24.95,35.96,12.59,14.74,22.04,6.11,0.77,4.81,16.97,1.6,1.8,1.98,43.0,Good,2019,12,13,Winter
Amritsar,2019-12-14,39.26,47.36,12.76,13.75,21.92,6.29,0.71,7.47,16.45,1.77,2.09,2.0,59.0,Satisfactory,2019,12,14,Winter
Amritsar,2019-12-15,30.72,38.24,10.88,11.28,20.2,5.37,0.64,6.67,22.0,1.76,2.1,1.96,58.0,Satisfactory,2019,12,15,Winter
Amritsar,2019-12-16,41.03,51.31,12.58,12.41,21.73,5.8,0.81,5.42,24.54,1.74,1.98,1.98,55.0,Satisfactory,2019,12,16,Winter
Amritsar,2019-12-17,49.45,64.66,13.29,13.0,21.65,6.2,0.65,5.64,23.2,1.89,1.81,1.98,74.0,Satisfactory,2019,12,17,Winter
Amritsar,2019-12-18,58.96,85.25,13.08,14.96,21.71,6.77,0.72,6.09,24.27,2.1,2.03,1.98,95.0,Satisfactory,2019,12,18,Winter
Amritsar,2019-12-19,63.18,80.52,12.08,12.09,21.16,5.65,0.68,5.98,19.51,1.68,1.58,1.93,107.0,Moderate,2019,12,19,Winter
Amritsar,2019-12-20,108.34,125.24,11.99,11.94,21.0,5.61,0.62,7.66,20.05,2.09,1.91,2.0,171.0,Moderate,2019,12,20,Winter
Amritsar,2019-12-21,52.95,69.41,13.13,13.09,21.88,5.98,0.63,6.56,26.89,2.08,2.13,2.0,184.0,Moderate,2019,12,21,Winter
Amritsar,2019-12-22,62.11,84.25,11.19,12.12,20.52,5.7,0.61,5.04,23.21,2.0,2.0,2.0,96.0,Satisfactory,2019,12,22,Winter
Amritsar,2019-12-23,69.27,101.77,12.78,13.24,21.79,5.93,0.53,7.18,23.26,2.02,1.84,1.98,108.0,Moderate,2019,12,23,Winter
Amritsar,2019-12-24,97.42,128.35,9.53,9.83,18.23,5.18,0.64,7.05,32.52,1.78,1.63,1.9,210.0,Poor,2019,12,24,Winter
Amritsar,2019-12-25,52.73,76.1,10.3,10.53,19.5,5.3,0.74,6.27,48.65,1.72,1.74,2.0,141.0,Moderate,2019,12,25,Winter
Amritsar,2019-12-26,58.57,84.32,10.44,10.62,20.2,4.87,0.8,6.96,46.13,1.69,1.65,1.96,91.0,Satisfactory,2019,12,26,Winter
Amritsar,2019-12-27,77.3,105.41,10.48,10.73,19.7,5.17,0.73,11.3,53.99,1.68,1.62,1.98,126.0,Moderate,2019,12,27,Winter
Amritsar,2019-12-28,80.31,106.95,9.62,10.78,19.14,5.07,0.64,11.47,66.65,1.59,1.57,1.96,156.0,Moderate,2019,12,28,Winter
Amritsar,2019-12-29,80.8,107.95,10.05,10.88,19.25,5.15,0.75,10.01,66.7,1.62,1.62,1.98,193.0,Moderate,2019,12,29,Winter
Amritsar,2019-12-30,71.17,97.83,9.78,10.78,17.36,4.97,0.4,7.65,31.33,1.56,1.34,1.75,155.0,Moderate,2019,12,30,Winter
Amritsar,2019-12-31,71.0,98.3,9.93,10.0,19.75,5.04,0.59,8.42,24.9,1.75,1.47,2.0,111.0,Moderate,2019,12,31,Winter
Amritsar,2020-01-01,94.38,137.93,9.91,10.38,18.95,5.1,0.42,15.79,40.21,2.62,2.4,1.98,184.0,Moderate,2020,1,1,Winter
Amritsar,2020-01-02,80.8,115.13,9.91,10.44,18.85,8.93,0.3,12.54,7.82,2.77,2.78,1.9,196.0,Moderate,2020,1,2,Winter
Amritsar,2020-01-03,78.22,110.89,9.63,10.03,18.02,11.99,0.62,11.43,27.0,2.61,2.97,1.82,160.0,Moderate,2020,1,3,Winter
Amritsar,2020-01-04,96.86,134.78,9.35,10.02,19.27,11.99,0.11,8.12,36.13,3.43,3.81,2.0,221.0,Poor,2020,1,4,Winter
Amritsar,2020-01-05,65.12,95.22,9.51,9.67,17.61,12.16,0.28,11.92,32.48,2.25,2.44,1.85,156.0,Moderate,2020,1,5,Winter
Amritsar,2020-01-06,33.39,47.36,10.21,10.43,20.35,11.87,0.6,6.75,38.56,1.74,1.8,2.0,88.0,Satisfactory,2020,1,6,Winter
Amritsar,2020-01-07,36.74,46.3,9.75,9.77,19.28,11.99,0.57,7.53,8.63,1.76,1.7,2.0,58.0,Satisfactory,2020,1,7,Winter
Amritsar,2020-01-08,24.14,31.7,9.89,10.12,18.84,12.01,0.62,6.32,22.11,1.51,1.52,1.9,46.0,Good,2020,1,8,Winter
Amritsar,2020-01-09,56.17,80.34,9.68,10.05,19.07,11.94,0.68,20.5,23.77,2.11,1.84,1.92,66.0,Satisfactory,2020,1,9,Winter
Amritsar,2020-01-10,55.79,76.73,9.78,9.74,19.48,12.02,0.47,6.87,39.56,2.14,2.09,2.0,103.0,Moderate,2020,1,10,Winter
Amritsar,2020-01-11,55.64,80.28,9.37,10.19,19.5,11.99,0.73,10.87,36.72,2.02,2.14,2.0,87.0,Satisfactory,2020,1,11,Winter
Amritsar,2020-01-12,44.56,73.05,9.55,9.99,18.76,12.1,0.8,17.99,17.71,2.29,2.78,1.94,87.0,Satisfactory,2020,1,12,Winter
Amritsar,2020-01-13,47.0,61.51,9.67,10.01,19.68,12.06,0.4,6.24,25.62,1.83,2.09,2.0,74.0,Satisfactory,2020,1,13,Winter
Amritsar,2020-01-14,31.25,83.72,9.17,9.89,17.82,11.99,0.66,6.54,20.19,1.45,1.55,1.86,64.0,Satisfactory,2020,1,14,Winter
Amritsar,2020-01-15,54.01,187.66,9.84,9.78,19.38,12.02,0.72,7.23,34.491432,1.99,1.86,1.94,166.0,Moderate,2020,1,15,Winter
Amritsar,2020-01-16,45.32,81.67,9.43,9.85,19.25,12.0,0.91,7.72,34.491432,2.27,2.14,2.0,85.0,Satisfactory,2020,1,16,Winter
Amritsar,2020-01-17,77.37,110.41,9.63,10.03,19.65,12.06,0.89,7.44,34.491432,2.55,2.49,2.0,121.0,Moderate,2020,1,17,Winter
Amritsar,2020-01-18,68.12,98.08,9.46,9.98,18.75,12.01,0.61,6.68,34.491432,2.13,2.24,1.93,153.0,Moderate,2020,1,18,Winter
Amritsar,2020-01-19,57.46,82.99,9.3,10.02,19.25,11.94,0.63,6.57,34.491432,2.07,2.2,2.0,111.0,Moderate,2020,1,19,Winter
Amritsar,2020-01-20,64.93,108.1,9.57,10.17,19.06,11.96,0.68,7.84,15.94,2.09,2.01,1.94,111.0,Moderate,2020,1,20,Winter
Amritsar,2020-01-21,37.05,69.74,9.44,10.04,19.14,12.0,0.63,15.16,22.56,1.87,1.92,1.95,98.0,Satisfactory,2020,1,21,Winter
Amritsar,2020-01-22,21.05,40.05,9.72,10.07,19.58,11.92,0.8,7.78,39.9,1.59,1.84,2.0,63.0,Satisfactory,2020,1,22,Winter
Amritsar,2020-01-23,27.42,50.66,9.68,10.01,17.86,11.99,0.73,7.05,40.09,1.5,1.54,1.83,63.0,Satisfactory,2020,1,23,Winter
Amritsar,2020-01-24,43.96,77.9,9.54,9.93,19.14,12.01,0.6,8.46,43.35,1.85,1.82,2.0,70.0,Satisfactory,2020,1,24,Winter
Amritsar,2020-01-25,71.6,130.66,10.19,10.17,20.05,11.96,0.7,11.04,43.22,2.35,2.3,2.0,108.0,Moderate,2020,1,25,Winter
Amritsar,2020-01-26,45.03,82.9,9.88,10.69,18.16,11.83,0.73,15.78,38.27,1.88,2.08,1.83,107.0,Moderate,2020,1,26,Winter
Amritsar,2020-01-27,61.56,94.0,10.19,10.77,19.76,12.31,0.64,11.17,32.32,2.11,2.12,2.0,90.0,Satisfactory,2020,1,27,Winter
Amritsar,2020-01-28,42.4,55.89,10.76,10.82,20.45,11.96,0.64,10.61,23.37,1.66,1.67,2.0,96.0,Satisfactory,2020,1,28,Winter
Amritsar,2020-01-29,20.48,36.13,9.53,10.7,19.55,11.84,0.98,6.87,28.73,1.64,1.87,2.0,55.0,Satisfactory,2020,1,29,Winter
Amritsar,2020-01-30,27.36,57.69,10.0,10.35,19.39,11.8,0.55,6.8,31.21,1.69,1.81,1.96,60.0,Satisfactory,2020,1,30,Winter
Amritsar,2020-01-31,21.43,139.43,10.12,10.15,19.02,12.09,0.47,9.95,27.1,1.96,1.7,1.93,102.0,Moderate,2020,1,31,Winter
Amritsar,2020-02-01,67.45058,118.127106,17.57473,28.56066,32.309124,23.483477,2.248598,14.531978,34.491432,3.2808404,8.700972,3.0701277,127.0,Moderate,2020,2,1,Winter
Amritsar,2020-02-02,67.45058,118.127106,17.57473,28.56066,32.309124,23.483477,2.248598,14.531978,34.491432,3.2808404,8.700972,3.0701277,166.46358,Moderate,2020,2,2,Winter
Amritsar,2020-02-03,13.46,29.6,59.14,92.98,67.48,21.41,1.44,13.67,16.71,2.97,3.4,1.71,166.46358,Moderate,2020,2,3,Winter
Amritsar,2020-02-04,67.56,103.84,27.82,21.0,36.62,14.74,0.49,6.95,37.74,2.09,2.14,2.0,111.0,Moderate,2020,2,4,Winter
Amritsar,2020-02-05,55.53,94.4,17.32,12.2,26.8,12.12,0.54,7.43,33.11,1.74,1.7,2.05,99.0,Satisfactory,2020,2,5,Winter
Amritsar,2020-02-06,74.16,128.7,18.61,11.48,27.36,12.04,0.46,8.99,39.2,1.85,1.76,1.94,121.0,Moderate,2020,2,6,Winter
Amritsar,2020-02-07,62.25,102.49,17.94,13.47,28.51,12.09,0.33,7.3,41.35,1.83,1.85,2.0,124.0,Moderate,2020,2,7,Winter
Amritsar,2020-02-08,92.15,166.94,17.97,11.59,26.63,12.4,0.9,9.69,43.9,2.15,2.14,1.95,152.0,Moderate,2020,2,8,Winter
Amritsar,2020-02-09,113.54,160.38,17.18,11.18,27.37,11.99,0.21,10.05,42.74,2.99,2.63,2.0,282.0,Poor,2020,2,9,Winter
Amritsar,2020-02-10,63.68,115.75,17.14,10.13,26.59,12.03,1.03,7.86,42.74,1.94,2.09,1.98,144.0,Moderate,2020,2,10,Winter
Amritsar,2020-02-11,84.93,187.15,17.48,10.4,26.72,12.02,0.3,9.07,35.77,2.31,2.22,2.0,190.0,Moderate,2020,2,11,Winter
Amritsar,2020-02-12,38.88,136.28,18.01,13.17,27.73,12.36,0.5,2.5,37.25,1.71,1.79,2.0,133.0,Moderate,2020,2,12,Winter
Amritsar,2020-02-13,42.33,117.43,17.64,11.27,26.66,12.13,0.76,10.04,35.09,1.63,1.63,2.05,112.0,Moderate,2020,2,13,Winter
Amritsar,2020-02-14,33.14,100.08,16.9,10.48,27.0,11.82,0.66,8.33,39.73,1.58,1.68,2.0,107.0,Moderate,2020,2,14,Winter
Amritsar,2020-02-15,41.33,123.92,17.35,10.41,27.39,11.92,0.78,10.64,43.24,1.91,2.19,2.0,106.0,Moderate,2020,2,15,Winter
Amritsar,2020-02-16,69.4,154.93,17.22,10.43,26.33,12.04,0.44,10.13,45.83,2.41,2.76,1.98,132.0,Moderate,2020,2,16,Winter
Amritsar,2020-02-17,66.39,145.96,18.06,11.42,27.62,12.09,0.87,9.98,45.62,2.11,2.42,1.96,139.0,Moderate,2020,2,17,Winter
Amritsar,2020-02-18,59.59,144.61,17.56,11.48,27.13,12.19,0.74,11.15,50.25,2.0,2.07,2.0,128.0,Moderate,2020,2,18,Winter
Amritsar,2020-02-19,57.33,142.11,16.93,10.83,27.02,11.95,0.53,10.47,34.491432,1.9,2.09,2.0,127.0,Moderate,2020,2,19,Winter
Amritsar,2020-02-20,49.81,123.28,18.38,10.75,27.53,12.12,0.76,14.83,34.491432,1.75,1.97,1.98,124.0,Moderate,2020,2,20,Winter
Amritsar,2020-02-21,16.41,73.67,17.35,11.36,27.52,12.0,0.81,10.72,34.491432,1.5,1.82,2.0,92.0,Satisfactory,2020,2,21,Winter
Amritsar,2020-02-22,34.54,101.2,28.08,25.44,38.34,16.9,0.68,10.19,34.491432,1.65,2.12,1.88,94.0,Satisfactory,2020,2,22,Winter
Amritsar,2020-02-23,42.49,109.4,24.45,19.65,35.85,14.03,0.72,9.64,34.491432,1.76,2.06,2.0,101.0,Moderate,2020,2,23,Winter
Amritsar,2020-02-24,54.38,132.54,19.87,12.86,27.54,12.57,0.63,14.43,34.491432,1.73,2.05,1.9,113.0,Moderate,2020,2,24,Winter
Amritsar,2020-02-25,58.55,134.7,19.04,13.05,29.17,12.23,0.76,9.63,32.13,1.8,1.93,2.0,121.0,Moderate,2020,2,25,Winter
Amritsar,2020-02-26,71.27,156.66,21.07,14.77,29.73,12.55,0.31,9.85,30.07,1.79,1.9,1.9,134.0,Moderate,2020,2,26,Winter
Amritsar,2020-02-27,58.17,133.37,19.01,13.89,27.62,12.37,1.33,7.4,27.53,1.72,2.12,2.0,127.0,Moderate,2020,2,27,Winter
Amritsar,2020-02-28,67.24,142.34,17.4,11.73,26.33,12.18,0.64,11.92,29.72,1.7,1.97,1.96,128.0,Moderate,2020,2,28,Winter
Amritsar,2020-02-29,26.4,83.14,19.15,12.31,29.03,12.12,0.62,11.35,30.35,1.53,1.92,2.0,108.0,Moderate,2020,2,29,Winter
Amritsar,2020-03-01,22.15,83.69,17.9,12.55,27.8,12.16,0.83,21.92,29.65,1.44,1.86,1.98,76.0,Satisfactory,2020,3,1,Spring
Amritsar,2020-03-02,32.33,97.38,17.54,11.96,27.44,12.02,0.78,9.91,29.66,1.55,1.83,1.98,92.0,Satisfactory,2020,3,2,Spring
Amritsar,2020-03-03,33.46,103.81,18.06,11.38,27.5,11.77,0.61,10.78,30.09,1.61,1.81,1.98,101.0,Moderate,2020,3,3,Spring
Amritsar,2020-03-04,55.5,135.96,17.43,10.82,26.5,11.8,0.44,13.85,32.2,1.81,1.85,1.94,118.0,Moderate,2020,3,4,Spring
Amritsar,2020-03-05,22.09,74.89,17.71,11.96,28.12,11.84,0.72,14.65,30.07,1.44,1.56,2.0,97.0,Satisfactory,2020,3,5,Spring
Amritsar,2020-03-06,17.61,61.51,17.42,11.14,26.82,12.0,0.74,11.49,27.23,1.38,1.47,1.98,68.0,Satisfactory,2020,3,6,Spring
Amritsar,2020-03-07,17.0,61.08,17.79,11.2,27.07,12.16,0.82,8.51,29.45,1.39,1.51,1.98,59.0,Satisfactory,2020,3,7,Spring
Amritsar,2020-03-08,25.44,77.68,17.05,11.41,26.88,12.1,0.82,11.62,30.24,1.46,1.76,2.0,70.0,Satisfactory,2020,3,8,Spring
Amritsar,2020-03-09,20.71,72.89,17.35,11.81,26.87,12.14,0.82,6.74,32.77,1.43,1.75,2.0,75.0,Satisfactory,2020,3,9,Spring
Amritsar,2020-03-10,43.24,115.85,18.82,12.66,28.37,12.29,0.73,9.44,34.08,1.66,2.02,2.0,96.0,Satisfactory,2020,3,10,Spring
Amritsar,2020-03-11,40.15,107.64,18.14,13.18,28.04,11.88,0.62,8.1,30.16,1.65,1.99,1.96,107.0,Moderate,2020,3,11,Spring
Amritsar,2020-03-12,18.34,74.72,17.92,10.99,27.31,12.21,0.71,7.79,35.57,1.3,1.37,1.89,166.46358,Moderate,2020,3,12,Spring
Amritsar,2020-03-13,17.08,70.36,17.22,11.62,26.98,11.8,0.78,8.52,36.31,1.39,1.59,2.0,72.0,Satisfactory,2020,3,13,Spring
Amritsar,2020-03-14,21.05,70.22,18.49,11.98,28.28,11.71,0.7,12.75,32.14,1.38,1.7,1.98,69.0,Satisfactory,2020,3,14,Spring
Amritsar,2020-03-15,25.65,83.27,17.4,12.99,27.07,12.15,0.73,21.74,32.95,1.47,1.87,2.0,79.0,Satisfactory,2020,3,15,Spring
Amritsar,2020-03-16,38.07,106.34,17.57,12.39,27.5,11.97,0.68,9.82,33.3,1.57,1.94,1.98,95.0,Satisfactory,2020,3,16,Spring
Amritsar,2020-03-17,41.78,109.94,18.18,10.31,27.98,12.02,0.72,9.56,31.27,1.57,1.84,2.0,106.0,Moderate,2020,3,17,Spring
Amritsar,2020-03-18,45.62,118.05,17.72,10.48,25.35,11.93,0.64,9.77,30.51,1.46,1.71,1.83,110.0,Moderate,2020,3,18,Spring
Amritsar,2020-03-19,39.08,107.8,17.38,10.28,27.28,11.98,0.62,16.11,30.29,1.58,1.94,2.0,107.0,Moderate,2020,3,19,Spring
Amritsar,2020-03-20,40.61,110.94,17.07,10.97,27.42,12.0,0.48,27.59,31.58,1.8,2.12,2.0,111.0,Moderate,2020,3,20,Spring
Amritsar,2020-03-21,33.78,100.73,17.69,11.47,27.21,12.03,0.68,23.06,26.71,1.55,2.03,1.98,96.0,Satisfactory,2020,3,21,Spring
Amritsar,2020-03-22,24.57,77.22,17.13,11.39,26.89,11.98,0.7,19.46,31.11,1.48,2.01,2.0,93.0,Satisfactory,2020,3,22,Spring
Amritsar,2020-03-23,30.12,85.69,17.86,10.34,27.64,11.93,0.84,9.34,31.26,1.43,1.88,2.0,78.0,Satisfactory,2020,3,23,Spring
Amritsar,2020-03-24,26.35,75.6,18.2,10.94,27.27,12.09,1.27,7.73,29.78,1.43,1.69,1.98,86.0,Satisfactory,2020,3,24,Spring
Amritsar,2020-03-25,15.6,61.47,18.43,10.79,27.91,11.96,0.86,6.41,28.07,1.36,1.67,2.0,64.0,Satisfactory,2020,3,25,Spring
Amritsar,2020-03-26,22.63,72.7,17.79,11.82,27.96,11.84,0.73,7.16,32.26,1.41,1.72,2.0,66.0,Satisfactory,2020,3,26,Spring
Amritsar,2020-03-27,20.29,60.78,21.42,13.83,29.21,12.79,0.73,6.22,25.63,1.35,1.62,1.94,71.0,Satisfactory,2020,3,27,Spring
Amritsar,2020-03-28,12.03,54.63,19.93,12.76,30.41,12.33,0.76,6.2,22.84,1.34,1.53,2.01,54.0,Satisfactory,2020,3,28,Spring
Amritsar,2020-03-29,17.74,63.75,17.36,11.56,27.43,12.19,0.76,6.7,22.1,1.37,1.67,1.98,60.0,Satisfactory,2020,3,29,Spring
Amritsar,2020-03-30,21.35,68.57,17.8,11.05,26.97,12.07,0.71,7.21,22.14,1.37,1.66,1.98,67.0,Satisfactory,2020,3,30,Spring
Amritsar,2020-03-31,21.91,70.76,17.8,10.68,27.51,11.97,0.78,6.82,22.14,1.38,1.54,2.0,69.0,Satisfactory,2020,3,31,Spring
Amritsar,2020-04-01,14.18,60.07,18.48,10.29,27.96,12.1,0.77,6.3,22.14,1.32,1.59,1.98,65.0,Satisfactory,2020,4,1,Spring
Amritsar,2020-04-02,13.97,63.92,17.69,10.82,27.94,11.74,0.78,6.22,22.14,1.34,1.58,2.01,63.0,Satisfactory,2020,4,2,Spring
Amritsar,2020-04-03,17.52,61.42,17.88,10.69,26.99,12.16,0.76,6.57,22.14,1.34,1.61,1.98,61.0,Satisfactory,2020,4,3,Spring
Amritsar,2020-04-04,22.8,50.68,17.62,10.84,27.79,12.01,0.69,7.4,22.14,1.42,1.78,2.0,58.0,Satisfactory,2020,4,4,Spring
Amritsar,2020-04-05,34.73,68.87,16.81,10.78,25.99,11.93,0.69,8.68,22.14,1.52,1.89,1.94,60.0,Satisfactory,2020,4,5,Spring
Amritsar,2020-04-06,67.45058,118.127106,17.57473,28.56066,32.309124,23.483477,2.248598,14.531978,34.491432,3.2808404,8.700972,3.0701277,166.46358,Moderate,2020,4,6,Spring
Amritsar,2020-04-07,67.45058,118.127106,17.57473,28.56066,32.309124,23.483477,2.248598,14.531978,34.491432,3.2808404,8.700972,3.0701277,166.46358,Moderate,2020,4,7,Spring
Amritsar,2020-04-08,67.45058,118.127106,17.57473,28.56066,32.309124,23.483477,2.248598,14.531978,34.491432,3.2808404,8.700972,3.0701277,166.46358,Moderate,2020,4,8,Spring
Amritsar,2020-04-09,67.45058,118.127106,17.57473,28.56066,32.309124,23.483477,2.248598,14.531978,34.491432,3.2808404,8.700972,3.0701277,166.46358,Moderate,2020,4,9,Spring
Amritsar,2020-04-10,67.45058,118.127106,17.57473,28.56066,32.309124,23.483477,2.248598,14.531978,34.491432,3.2808404,8.700972,3.0701277,166.46358,Moderate,2020,4,10,Spring
Amritsar,2020-04-11,16.56,25.76,18.57,13.16,31.0,10.78,0.4,7.07,22.14,0.68,0.69,1.0,166.46358,Moderate,2020,4,11,Spring
Amritsar,2020-04-12,20.09,34.55,18.33,11.21,28.01,12.03,0.85,8.49,22.14,1.4,1.55,2.0,45.0,Good,2020,4,12,Spring
Amritsar,2020-04-13,29.47,59.84,17.65,11.55,27.61,12.12,0.59,9.63,22.14,1.65,1.98,2.0,52.0,Satisfactory,2020,4,13,Spring
Amritsar,2020-04-14,22.37,50.46,17.34,10.67,23.17,12.09,0.64,6.33,22.14,1.21,1.4,1.79,59.0,Satisfactory,2020,4,14,Spring
Amritsar,2020-04-15,32.05,75.31,20.86,18.96,28.66,15.16,0.73,6.55,23.62,1.26,1.5,1.83,68.0,Satisfactory,2020,4,15,Spring
Amritsar,2020-04-16,22.61,48.2,23.03,17.01,33.2,14.86,0.73,7.65,36.07,1.39,1.75,2.0,61.0,Satisfactory,2020,4,16,Spring
Amritsar,2020-04-17,17.45,38.01,18.7,11.4,28.05,12.66,0.7,7.76,42.81,1.38,1.47,1.98,45.0,Good,2020,4,17,Spring
Amritsar,2020-04-18,8.8,18.03,21.51,11.43,31.09,12.4,0.8,5.88,43.02,1.32,1.42,2.0,43.0,Good,2020,4,18,Spring
Amritsar,2020-04-19,11.33,30.5,18.12,11.33,27.79,12.74,0.82,8.85,43.02,1.35,1.54,2.0,44.0,Good,2020,4,19,Spring
Amritsar,2020-04-20,16.35,56.92,17.86,12.25,28.27,11.95,0.68,9.64,43.02,1.37,1.54,2.0,51.0,Satisfactory,2020,4,20,Spring
Amritsar,2020-04-21,9.84,39.79,19.48,13.03,29.25,12.24,0.79,13.02,43.02,1.33,1.43,2.0,47.0,Good,2020,4,21,Spring
Amritsar,2020-04-22,13.72,51.33,21.63,14.02,31.4,12.69,0.74,9.17,43.02,1.36,1.6,2.0,48.0,Good,2020,4,22,Spring
Amritsar,2020-04-23,14.67,59.48,23.49,16.84,33.39,12.8,0.84,8.59,43.02,1.31,1.15,2.0,56.0,Satisfactory,2020,4,23,Spring
Amritsar,2020-04-24,20.68,78.36,20.44,16.25,32.22,12.53,0.67,8.94,43.02,1.3,1.1,2.0,68.0,Satisfactory,2020,4,24,Spring
Amritsar,2020-04-25,15.74,67.22,22.04,16.48,30.38,13.38,0.77,17.19,43.02,1.29,1.09,1.98,74.0,Satisfactory,2020,4,25,Spring
Amritsar,2020-04-26,14.78,54.18,19.74,15.44,29.59,12.11,0.69,11.17,43.02,1.3,1.1,5.05,60.0,Satisfactory,2020,4,26,Spring
Amritsar,2020-04-27,11.2,42.21,38.1,32.33,46.31,19.36,0.75,6.42,44.12,1.25,1.06,8.48,51.0,Satisfactory,2020,4,27,Spring
Amritsar,2020-04-28,13.63,52.77,28.22,21.57,37.97,14.54,0.79,7.08,43.57,1.3,1.1,8.81,56.0,Satisfactory,2020,4,28,Spring
Amritsar,2020-04-29,24.61,86.73,26.75,19.19,36.02,14.53,0.76,9.0,43.57,1.3,1.1,8.72,72.0,Satisfactory,2020,4,29,Spring
Amritsar,2020-04-30,23.98,112.59,25.07,17.26,34.95,13.57,0.76,8.5,43.57,1.3,1.1,8.81,102.0,Moderate,2020,4,30,Spring
Amritsar,2020-05-01,32.01,141.16,20.93,14.93,30.16,12.8,0.78,9.5,43.57,1.3,1.1,8.72,118.0,Moderate,2020,5,1,Spring
Amritsar,2020-05-02,28.37,114.11,20.75,16.36,29.69,12.73,0.63,8.45,43.57,1.29,1.09,8.72,118.0,Moderate,2020,5,2,Spring
Amritsar,2020-05-03,15.46,65.47,23.93,18.66,35.6,13.06,0.78,7.07,26.82,1.29,1.09,8.72,91.0,Satisfactory,2020,5,3,Spring
Amritsar,2020-05-04,19.64,72.31,19.2,16.05,28.92,12.8,0.81,8.64,27.11,1.29,1.09,8.67,61.0,Satisfactory,2020,5,4,Spring
Amritsar,2020-05-05,18.81,74.73,19.59,14.69,29.97,12.13,0.73,7.44,27.1,1.3,1.1,8.72,77.0,Satisfactory,2020,5,5,Spring
Amritsar,2020-05-06,23.32,76.19,19.26,12.39,28.6,12.35,0.82,10.3,27.11,1.3,1.1,8.72,75.0,Satisfactory,2020,5,6,Spring
Amritsar,2020-05-07,18.39,48.21,33.61,26.95,39.88,18.62,0.73,8.99,37.82,1.23,1.04,8.23,60.0,Satisfactory,2020,5,7,Spring
Amritsar,2020-05-08,34.0,83.68,30.38,24.27,39.73,15.15,0.83,10.06,43.77,1.3,1.1,8.81,71.0,Satisfactory,2020,5,8,Spring
Amritsar,2020-05-09,37.31,87.52,22.45,18.78,31.81,13.86,0.75,10.47,43.73,1.29,1.09,8.72,87.0,Satisfactory,2020,5,9,Spring
Amritsar,2020-05-10,39.62,91.93,20.3,13.69,30.2,12.41,0.7,10.16,43.77,1.3,1.1,8.82,94.0,Satisfactory,2020,5,10,Spring
Amritsar,2020-05-11,32.14,70.6,20.67,15.65,30.08,12.66,0.67,7.82,43.77,1.3,1.1,8.72,75.0,Satisfactory,2020,5,11,Spring
Amritsar,2020-05-12,24.59,49.58,21.79,16.79,30.38,13.27,0.82,9.74,43.77,1.3,1.1,8.82,61.0,Satisfactory,2020,5,12,Spring
Amritsar,2020-05-13,44.76,86.65,19.55,15.63,30.07,12.96,0.74,9.08,43.77,1.27,1.08,8.63,67.0,Satisfactory,2020,5,13,Spring
Amritsar,2020-05-14,42.22,78.34,21.56,15.84,32.32,12.57,0.61,9.03,43.77,1.3,1.1,8.81,95.0,Satisfactory,2020,5,14,Spring
Amritsar,2020-05-15,21.61,43.74,22.88,15.94,32.43,12.76,0.91,9.9,43.77,1.3,1.1,8.72,52.0,Satisfactory,2020,5,15,Spring
Amritsar,2020-05-16,35.91,69.27,20.01,14.83,29.75,12.49,0.75,9.26,43.77,1.3,1.1,8.81,61.0,Satisfactory,2020,5,16,Spring
Amritsar,2020-05-17,39.96,77.29,20.35,15.98,30.7,12.66,0.75,11.8,43.77,1.3,1.1,8.81,75.0,Satisfactory,2020,5,17,Spring
Amritsar,2020-05-18,44.56,76.97,22.31,17.48,27.56,12.49,0.67,26.68,43.77,1.06,0.89,6.88,76.0,Satisfactory,2020,5,18,Spring
Amritsar,2020-05-19,34.55,59.21,21.5,14.96,30.21,12.55,0.69,22.25,52.91,1.3,1.1,8.81,65.0,Satisfactory,2020,5,19,Spring
Amritsar,2020-05-20,43.35,68.58,21.26,15.0,30.04,12.84,0.69,11.86,64.78,1.3,1.1,8.72,68.0,Satisfactory,2020,5,20,Spring
Amritsar,2020-05-21,52.58,81.31,20.08,15.55,30.04,12.53,0.68,10.76,64.78,1.3,1.1,8.82,80.0,Satisfactory,2020,5,21,Spring
Amritsar,2020-05-22,68.2,113.31,19.12,13.29,29.59,12.35,0.62,23.16,41.89,1.29,1.09,8.72,115.0,Moderate,2020,5,22,Spring
Amritsar,2020-05-23,54.78,96.64,18.45,12.8,28.26,11.97,0.48,18.35,17.0,1.3,1.1,8.82,106.0,Moderate,2020,5,23,Spring
Amritsar,2020-05-24,29.01,55.05,18.64,11.41,26.45,12.15,0.61,19.01,17.0,1.22,1.03,8.26,74.0,Satisfactory,2020,5,24,Spring
Amritsar,2020-05-25,16.29,72.17,17.69,10.6,27.18,12.27,0.76,17.75,17.0,1.3,1.1,8.82,69.0,Satisfactory,2020,5,25,Spring
Amritsar,2020-05-26,51.47,90.41,18.07,10.31,27.12,12.29,0.97,34.05,17.0,1.29,1.09,8.63,81.0,Satisfactory,2020,5,26,Spring
Amritsar,2020-05-27,37.21,66.23,16.63,10.97,26.78,11.95,0.56,14.45,17.0,1.3,1.1,8.81,77.0,Satisfactory,2020,5,27,Spring
Amritsar,2020-05-28,43.68,108.29,17.75,10.33,27.66,12.14,0.49,10.98,17.0,1.3,1.1,8.72,81.0,Satisfactory,2020,5,28,Spring
Amritsar,2020-05-29,29.99,77.22,19.41,11.22,28.95,11.92,0.73,12.3,17.0,1.3,1.1,8.72,67.0,Satisfactory,2020,5,29,Spring
Amritsar,2020-05-30,24.14,51.65,20.17,14.87,31.03,12.57,0.66,6.28,17.0,1.3,1.1,8.82,63.0,Satisfactory,2020,5,30,Spring
Amritsar,2020-05-31,13.33,25.58,27.84,22.14,37.92,14.22,0.63,8.09,17.0,1.3,1.1,8.72,48.0,Good,2020,5,31,Spring
Amritsar,2020-06-01,19.12,33.74,30.02,39.8,34.58,17.15,0.71,11.8,22.8,1.23,1.04,8.33,43.0,Good,2020,6,1,Summer
Amritsar,2020-06-02,26.84,152.97,23.06,21.62,34.76,13.99,0.68,17.71,28.48,1.3,1.1,8.81,65.0,Satisfactory,2020,6,2,Summer
Amritsar,2020-06-04,30.13,167.85,20.82,15.08,28.88,13.01,0.74,16.68,33.88,1.22,1.03,8.27,193.0,Moderate,2020,6,4,Summer
Amritsar,2020-06-05,20.75,29.73,24.69,21.48,34.62,14.25,0.72,10.49,40.04,1.3,1.1,8.82,56.0,Satisfactory,2020,6,5,Summer
Amritsar,2020-06-06,15.5,24.76,21.22,15.84,30.45,13.12,0.77,8.67,39.85,1.3,1.1,8.72,41.0,Good,2020,6,6,Summer
Amritsar,2020-06-07,26.99,43.07,21.13,15.1,30.36,12.77,0.59,6.56,40.04,1.3,1.1,8.81,42.0,Good,2020,6,7,Summer
Amritsar,2020-06-08,27.07,59.04,19.32,13.52,27.74,12.57,0.59,8.56,39.64,1.29,1.09,8.63,51.0,Satisfactory,2020,6,8,Summer
Amritsar,2020-06-09,29.6,84.35,17.94,11.23,25.93,12.1,0.57,12.01,34.491432,1.3,1.1,8.82,77.0,Satisfactory,2020,6,9,Summer
Amritsar,2020-06-10,28.73,76.37,17.59,10.65,25.98,12.21,0.55,13.47,34.491432,1.3,1.1,8.72,80.0,Satisfactory,2020,6,10,Summer
Amritsar,2020-06-11,31.56,87.65,16.76,9.4,25.22,11.99,0.72,11.08,34.491432,1.3,1.1,8.82,79.0,Satisfactory,2020,6,11,Summer
Amritsar,2020-06-12,27.87,96.72,16.68,9.17,24.32,12.01,0.71,12.02,30.79,1.29,1.09,8.53,89.0,Satisfactory,2020,6,12,Summer
Amritsar,2020-06-13,24.76,93.78,16.61,8.31,24.6,11.93,0.65,10.76,32.52,1.3,1.1,8.82,104.0,Moderate,2020,6,13,Summer
Amritsar,2020-06-14,31.92,96.98,15.92,8.01,23.81,12.06,0.69,10.86,32.52,1.3,1.1,8.72,87.0,Satisfactory,2020,6,14,Summer
Amritsar,2020-06-15,28.49,108.35,16.93,7.97,24.78,12.0,0.75,16.73,32.52,1.3,1.1,8.81,103.0,Moderate,2020,6,15,Summer
Amritsar,2020-06-16,37.0,119.96,19.94,16.04,26.67,13.83,0.68,13.24,31.49,1.21,1.02,8.08,110.0,Moderate,2020,6,16,Summer
Amritsar,2020-06-17,40.46,131.87,31.85,26.2,42.08,15.21,0.73,9.2,16.56,1.3,1.1,8.82,117.0,Moderate,2020,6,17,Summer
Amritsar,2020-06-18,34.6,123.23,21.98,18.43,30.65,13.91,0.74,12.51,16.48,1.3,1.1,8.72,117.0,Moderate,2020,6,18,Summer
Amritsar,2020-06-19,47.94,169.06,19.11,12.63,27.07,12.34,0.62,10.92,16.48,1.3,1.1,8.82,131.0,Moderate,2020,6,19,Summer
Amritsar,2020-06-20,55.58,88.74,58.55,53.34,77.94,23.22,0.71,5.53,16.48,1.3,1.1,8.72,120.0,Moderate,2020,6,20,Summer
Amritsar,2020-06-21,60.73,118.127106,40.01,33.92,51.61,17.99,0.7,4.72,16.48,1.3,1.1,8.82,120.0,Moderate,2020,6,21,Summer
Amritsar,2020-06-22,39.81,95.02,23.84,18.72,32.27,14.43,0.68,4.64,16.48,1.3,1.1,8.72,72.0,Satisfactory,2020,6,22,Summer
Amritsar,2020-06-23,68.81,312.18,18.9,12.03,25.83,12.64,0.67,4.36,16.48,1.3,1.1,8.82,125.0,Moderate,2020,6,23,Summer
Amritsar,2020-06-24,23.77,69.62,17.0,9.97,23.17,12.08,0.59,7.21,16.48,1.2,1.02,7.97,130.0,Moderate,2020,6,24,Summer
Amritsar,2020-06-25,31.68,57.96,18.0,10.71,25.96,11.94,0.74,5.83,16.48,1.3,1.1,8.82,59.0,Satisfactory,2020,6,25,Summer
Amritsar,2020-06-26,32.85,151.19,23.35,18.01,31.94,13.71,0.66,4.79,16.48,1.29,1.08,8.54,83.0,Satisfactory,2020,6,26,Summer
Amritsar,2020-06-27,51.1,118.127106,25.25,20.8,35.75,14.07,0.66,4.55,16.48,1.3,1.1,8.82,74.0,Satisfactory,2020,6,27,Summer
Amritsar,2020-06-28,45.24,40.0,23.11,17.9,27.47,13.25,0.63,5.22,16.48,1.16,0.98,7.85,85.0,Satisfactory,2020,6,28,Summer
Amritsar,2020-06-29,26.77,60.69,26.99,19.83,34.03,14.94,0.67,4.89,16.48,1.3,1.1,8.81,49.0,Good,2020,6,29,Summer
Amritsar,2020-06-30,41.64,76.49,22.03,15.97,30.6,13.29,0.69,4.67,16.48,1.3,1.1,8.72,66.0,Satisfactory,2020,6,30,Summer
Amritsar,2020-07-01,57.67,100.99,32.81,15.11,30.2,17.73,0.59,3.48,16.48,1.3,1.1,8.82,78.0,Satisfactory,2020,7,1,Summer
Bengaluru,2015-01-01,67.45058,118.127106,3.26,17.33,10.88,20.36,0.33,3.54,10.73,0.56,4.64,3.0701277,166.46358,Moderate,2015,1,1,Winter
Bengaluru,2015-01-02,67.45058,118.127106,6.05,19.73,14.14,23.74,1.35,3.97,22.77,0.65,5.31,3.0701277,166.46358,Moderate,2015,1,2,Winter
Bengaluru,2015-01-03,67.45058,118.127106,11.91,19.88,20.72,4.32,17.4,13.61,12.03,0.53,19.25,3.0701277,166.46358,Moderate,2015,1,3,Winter
Bengaluru,2015-01-04,67.45058,118.127106,7.45,21.61,16.88,0.87,5.05,6.52,17.7,0.55,7.47,3.0701277,166.46358,Moderate,2015,1,4,Winter
Bengaluru,2015-01-05,67.45058,118.127106,9.52,22.17,21.76,31.38,1.83,4.71,12.72,0.4,4.36,3.0701277,166.46358,Moderate,2015,1,5,Winter
Bengaluru,2015-01-06,67.45058,118.127106,6.6,23.2,16.24,26.35,0.52,4.42,13.82,22.68,4.11,3.0701277,166.46358,Moderate,2015,1,6,Winter
Bengaluru,2015-01-07,67.45058,118.127106,22.6,28.66,30.84,22.73,1.46,5.13,16.98,34.66,8.65,3.0701277,166.46358,Moderate,2015,1,7,Winter
Bengaluru,2015-01-08,67.45058,118.127106,7.5,31.1,21.16,38.67,2.3,7.07,17.35,31.0,8.6,3.0701277,166.46358,Moderate,2015,1,8,Winter
Bengaluru,2015-01-09,67.45058,118.127106,6.75,25.98,15.03,23.48,0.54,12.84,16.27,30.51,8.44,3.0701277,166.46358,Moderate,2015,1,9,Winter
Bengaluru,2015-01-10,67.45058,118.127106,3.38,29.23,16.76,34.17,1.69,3.08,25.01,36.42,13.41,3.0701277,166.46358,Moderate,2015,1,10,Winter
Bengaluru,2015-01-11,67.45058,118.127106,3.97,29.84,17.49,29.74,2.59,8.2,16.07,44.91,27.67,3.0701277,166.46358,Moderate,2015,1,11,Winter
Bengaluru,2015-01-12,67.45058,118.127106,10.85,28.4,21.85,41.39,0.61,7.16,16.41,38.04,41.87,3.0701277,166.46358,Moderate,2015,1,12,Winter
Bengaluru,2015-01-13,67.45058,118.127106,10.65,30.56,22.9,35.34,0.63,6.51,10.34,39.44,14.6,3.0701277,166.46358,Moderate,2015,1,13,Winter
Bengaluru,2015-01-14,67.45058,118.127106,9.09,25.94,19.43,39.82,1.83,8.66,16.47,27.38,8.7,3.0701277,166.46358,Moderate,2015,1,14,Winter
Bengaluru,2015-01-15,67.45058,118.127106,6.79,20.64,15.92,21.43,3.29,6.24,19.35,25.84,15.67,3.0701277,166.46358,Moderate,2015,1,15,Winter
Bengaluru,2015-01-16,67.45058,118.127106,10.74,18.51,22.36,10.27,16.41,19.28,16.02,25.14,36.72,3.0701277,166.46358,Moderate,2015,1,16,Winter
Bengaluru,2015-01-17,67.45058,118.127106,8.17,17.37,21.64,11.05,15.98,24.91,14.33,24.29,21.54,3.0701277,166.46358,Moderate,2015,1,17,Winter
Bengaluru,2015-01-18,67.45058,118.127106,6.16,17.2,18.79,14.23,9.04,22.18,22.48,23.23,20.05,3.0701277,166.46358,Moderate,2015,1,18,Winter
Bengaluru,2015-01-19,67.45058,118.127106,7.83,16.74,19.44,13.47,8.09,27.99,23.34,21.14,14.85,3.0701277,166.46358,Moderate,2015,1,19,Winter
Bengaluru,2015-01-20,67.45058,118.127106,10.44,7.24,22.66,7.29,4.05,92.66,103.68,36.25,9.93,3.0701277,166.46358,Moderate,2015,1,20,Winter
Bengaluru,2015-01-21,67.45058,118.127106,7.02,5.45,18.26,5.07,18.3,82.07,34.491432,3.2808404,8.700972,3.0701277,166.46358,Moderate,2015,1,21,Winter
Bengaluru,2015-01-22,67.45058,118.127106,17.15,13.57,29.6,3.65,3.32,57.51,41.95,23.36,39.25,3.0701277,166.46358,Moderate,2015,1,22,Winter
Bengaluru,2015-01-23,67.45058,118.127106,3.8,12.82,12.0,10.06,5.04,27.33,17.78,22.15,14.52,3.0701277,166.46358,Moderate,2015,1,23,Winter
Bengaluru,2015-01-24,67.45058,118.127106,4.77,16.27,9.73,14.88,2.42,6.47,14.72,19.86,8.48,3.0701277,166.46358,Moderate,2015,1,24,Winter
Bengaluru,2015-01-25,67.45058,118.127106,3.19,16.32,8.72,15.42,3.39,3.32,16.27,19.21,7.37,3.0701277,166.46358,Moderate,2015,1,25,Winter
Bengaluru,2015-01-26,67.45058,118.127106,2.27,13.85,8.43,16.63,5.39,2.95,21.35,18.29,9.1,3.0701277,166.46358,Moderate,2015,1,26,Winter
Bengaluru,2015-01-27,67.45058,118.127106,10.92,16.71,15.67,18.57,1.71,3.09,27.37,17.69,5.15,3.0701277,166.46358,Moderate,2015,1,27,Winter
Bengaluru,2015-01-28,67.45058,118.127106,6.31,14.85,11.58,16.15,4.87,6.53,17.05,21.78,9.43,3.0701277,166.46358,Moderate,2015,1,28,Winter
Bengaluru,2015-01-29,67.45058,118.127106,86.9,10.45,49.95,16.4,2.26,3.03,18.78,17.3,5.42,3.0701277,166.46358,Moderate,2015,1,29,Winter
Bengaluru,2015-01-30,67.45058,118.127106,62.22,4.93,51.53,13.32,1.06,24.31,19.51,14.55,3.54,3.0701277,166.46358,Moderate,2015,1,30,Winter
Bengaluru,2015-01-31,67.45058,118.127106,36.24,11.11,30.07,7.77,0.46,29.18,23.21,17.23,2.92,3.0701277,166.46358,Moderate,2015,1,31,Winter
Bengaluru,2015-02-01,67.45058,118.127106,2.99,22.14,13.01,7.48,0.36,7.36,20.75,12.01,2.2,3.0701277,166.46358,Moderate,2015,2,1,Winter
Bengaluru,2015-02-02,67.45058,118.127106,5.83,19.19,13.06,11.33,0.46,6.14,19.75,14.08,3.76,3.0701277,166.46358,Moderate,2015,2,2,Winter
Bengaluru,2015-02-03,67.45058,118.127106,4.56,18.47,12.44,11.78,0.59,5.02,20.64,16.08,3.41,3.0701277,166.46358,Moderate,2015,2,3,Winter
Bengaluru,2015-02-04,67.45058,118.127106,5.92,22.46,15.19,11.88,1.08,4.46,18.62,14.9,3.43,3.0701277,166.46358,Moderate,2015,2,4,Winter
Bengaluru,2015-02-05,67.45058,118.127106,12.17,26.36,20.48,11.11,0.59,7.65,16.06,6.53,16.08,3.0701277,166.46358,Moderate,2015,2,5,Winter
Bengaluru,2015-02-06,67.45058,118.127106,5.04,25.98,16.42,11.71,0.5,3.12,13.76,19.99,13.55,3.0701277,166.46358,Moderate,2015,2,6,Winter
Bengaluru,2015-02-07,67.45058,118.127106,10.59,22.46,18.41,12.88,1.45,5.51,20.96,17.83,3.94,3.0701277,166.46358,Moderate,2015,2,7,Winter
Bengaluru,2015-02-08,67.45058,118.127106,7.18,26.06,16.75,8.84,0.45,7.25,22.81,18.69,4.67,3.0701277,166.46358,Moderate,2015,2,8,Winter
Bengaluru,2015-02-09,67.45058,118.127106,3.78,22.48,13.7,13.61,0.64,3.37,31.01,0.9,11.86,3.0701277,166.46358,Moderate,2015,2,9,Winter
Bengaluru,2015-02-10,67.45058,118.127106,4.97,20.18,13.54,13.04,0.77,1.04,39.86,3.2808404,1.68,3.0701277,166.46358,Moderate,2015,2,10,Winter
Bengaluru,2015-02-11,67.45058,118.127106,10.52,26.52,20.81,12.44,0.57,1.64,32.19,0.6,2.44,3.0701277,166.46358,Moderate,2015,2,11,Winter
Bengaluru,2015-02-12,67.45058,118.127106,10.1,21.47,18.0,26.22,0.96,12.98,44.15,0.6,2.86,3.0701277,166.46358,Moderate,2015,2,12,Winter
Bengaluru,2015-02-13,67.45058,118.127106,16.74,21.85,23.38,19.31,1.32,7.56,37.79,0.49,2.97,3.0701277,166.46358,Moderate,2015,2,13,Winter
Bengaluru,2015-02-14,67.45058,118.127106,11.29,26.05,21.19,17.14,0.9,5.18,31.76,0.51,3.45,3.0701277,166.46358,Moderate,2015,2,14,Winter
Bengaluru,2015-02-15,67.45058,118.127106,4.71,23.68,15.19,11.14,0.76,4.82,45.16,0.44,1.74,3.0701277,166.46358,Moderate,2015,2,15,Winter
Bengaluru,2015-02-16,67.45058,118.127106,10.65,24.41,19.88,10.67,2.35,3.84,49.3,3.2808404,16.04,3.0701277,166.46358,Moderate,2015,2,16,Winter
Bengaluru,2015-02-17,67.45058,118.127106,15.95,24.68,24.11,4.66,0.83,13.39,44.34,46.44,29.45,3.0701277,166.46358,Moderate,2015,2,17,Winter
Bengaluru,2015-02-18,67.45058,118.127106,17.48,23.38,23.51,6.34,3.23,17.62,28.85,40.42,42.4,3.0701277,166.46358,Moderate,2015,2,18,Winter
Bengaluru,2015-02-19,67.45058,118.127106,14.46,27.71,24.33,19.81,2.18,11.15,31.69,69.69,36.1,3.0701277,166.46358,Moderate,2015,2,19,Winter
Bengaluru,2015-02-20,67.45058,118.127106,10.0,22.83,18.26,31.1,6.95,12.52,33.43,69.54,30.4,3.0701277,166.46358,Moderate,2015,2,20,Winter
Bengaluru,2015-02-21,67.45058,118.127106,4.77,21.34,14.07,12.5,8.98,14.25,39.2,3.2808404,8.98,3.0701277,166.46358,Moderate,2015,2,21,Winter
Bengaluru,2015-02-22,67.45058,118.127106,8.27,24.09,17.26,13.56,6.28,13.11,54.18,3.2808404,6.28,3.0701277,166.46358,Moderate,2015,2,22,Winter
Bengaluru,2015-02-23,67.45058,118.127106,7.39,24.14,16.93,15.44,13.56,11.93,53.97,3.2808404,13.56,3.0701277,166.46358,Moderate,2015,2,23,Winter
Bengaluru,2015-02-24,67.45058,118.127106,13.49,28.8,24.25,17.21,4.78,5.76,40.55,3.2808404,6.43,3.0701277,166.46358,Moderate,2015,2,24,Winter
Bengaluru,2015-02-25,67.45058,118.127106,13.88,29.78,24.83,21.85,1.49,6.5,51.91,3.2808404,1.53,3.0701277,166.46358,Moderate,2015,2,25,Winter
Bengaluru,2015-02-26,67.45058,118.127106,9.7,31.32,22.64,17.22,1.24,7.13,65.41,3.2808404,1.3,3.0701277,166.46358,Moderate,2015,2,26,Winter
Bengaluru,2015-02-27,67.45058,118.127106,6.52,26.9,18.07,20.09,1.14,4.0,66.49,3.2808404,1.09,3.0701277,166.46358,Moderate,2015,2,27,Winter
Bengaluru,2015-02-28,67.45058,118.127106,2.94,19.57,11.15,17.43,1.38,2.82,62.61,3.2808404,1.38,3.0701277,166.46358,Moderate,2015,2,28,Winter
Bengaluru,2015-03-01,67.45058,118.127106,2.52,10.39,10.91,15.23,0.48,6.93,51.37,3.2808404,0.48,3.0701277,166.46358,Moderate,2015,3,1,Spring
Bengaluru,2015-03-02,67.45058,118.127106,4.23,18.06,14.59,33.23,3.56,6.72,58.97,3.2808404,4.06,3.0701277,166.46358,Moderate,2015,3,2,Spring
Bengaluru,2015-03-03,67.45058,118.127106,7.81,19.56,17.16,30.4,14.67,8.6,43.5,3.2808404,14.77,3.0701277,166.46358,Moderate,2015,3,3,Spring
Bengaluru,2015-03-04,67.45058,118.127106,4.75,17.36,12.54,12.44,3.39,5.99,61.8,3.2808404,3.41,3.0701277,166.46358,Moderate,2015,3,4,Spring
Bengaluru,2015-03-05,67.45058,118.127106,11.53,19.94,18.57,6.9,29.33,8.79,45.01,3.2808404,29.33,3.0701277,166.46358,Moderate,2015,3,5,Spring
Bengaluru,2015-03-06,67.45058,118.127106,5.94,15.04,12.71,6.3,23.53,16.03,31.55,282.83,43.33,3.0701277,166.46358,Moderate,2015,3,6,Spring
Bengaluru,2015-03-07,67.45058,118.127106,7.08,15.68,14.94,6.46,25.7,12.69,36.67,296.55,55.15,3.0701277,166.46358,Moderate,2015,3,7,Spring
Bengaluru,2015-03-08,67.45058,118.127106,5.24,11.59,9.48,11.83,16.01,11.89,45.87,298.28,22.96,3.0701277,166.46358,Moderate,2015,3,8,Spring
Bengaluru,2015-03-09,67.45058,118.127106,6.85,20.06,18.5,23.32,25.5,11.47,36.7,307.42,38.84,3.0701277,166.46358,Moderate,2015,3,9,Spring
Bengaluru,2015-03-10,67.45058,118.127106,4.95,26.12,17.58,21.54,1.08,3.17,41.81,3.2808404,0.0,3.0701277,166.46358,Moderate,2015,3,10,Spring
Bengaluru,2015-03-11,67.45058,118.127106,8.59,33.01,23.66,30.29,1.33,2.86,35.98,3.2808404,1.17,3.0701277,166.46358,Moderate,2015,3,11,Spring
Bengaluru,2015-03-12,67.45058,118.127106,5.47,25.29,17.47,23.55,1.9,1.67,37.65,3.2808404,2.8,3.0701277,166.46358,Moderate,2015,3,12,Spring
Bengaluru,2015-03-13,67.45058,118.127106,8.1,20.97,17.24,13.57,13.01,7.84,43.46,3.2808404,18.0,3.0701277,166.46358,Moderate,2015,3,13,Spring
Bengaluru,2015-03-14,67.45058,118.127106,12.44,20.58,19.72,1.12,18.28,19.64,49.53,3.2808404,20.62,3.0701277,166.46358,Moderate,2015,3,14,Spring
Bengaluru,2015-03-15,67.45058,118.127106,9.08,15.12,15.97,3.79,29.93,16.57,48.26,155.68,32.63,3.0701277,166.46358,Moderate,2015,3,15,Spring
Bengaluru,2015-03-16,67.45058,118.127106,12.37,18.67,20.45,4.81,25.25,30.13,47.74,3.2808404,30.81,3.0701277,166.46358,Moderate,2015,3,16,Spring
Bengaluru,2015-03-17,67.45058,118.127106,13.81,31.84,27.25,21.65,17.79,11.89,49.86,3.2808404,28.52,3.0701277,166.46358,Moderate,2015,3,17,Spring
Bengaluru,2015-03-18,67.45058,118.127106,35.23,34.01,40.01,20.82,6.17,3.76,49.27,156.71,39.67,3.0701277,166.46358,Moderate,2015,3,18,Spring
Bengaluru,2015-03-19,67.45058,118.127106,17.05,33.58,29.48,29.11,15.98,47.19,56.32,119.55,30.98,3.0701277,166.46358,Moderate,2015,3,19,Spring
Bengaluru,2015-03-20,30.65,118.127106,3.36,28.48,18.68,27.2,4.55,2.76,43.25,36.0,171.22,3.0701277,166.46358,Moderate,2015,3,20,Spring
Bengaluru,2015-03-21,48.59,118.127106,3.47,27.0,18.04,28.02,3.89,1.94,52.96,21.33,196.72,3.0701277,91.0,Satisfactory,2015,3,21,Spring
Bengaluru,2015-03-22,47.38,118.127106,2.84,22.39,15.33,23.19,11.29,2.05,71.85,14.97,138.2,3.0701277,120.0,Moderate,2015,3,22,Spring
Bengaluru,2015-03-23,65.65,118.127106,3.1,26.35,17.45,27.76,9.95,6.3,72.84,9.88,100.77,3.0701277,154.0,Moderate,2015,3,23,Spring
Bengaluru,2015-03-24,60.47,118.127106,5.39,29.87,20.88,35.1,1.46,6.07,64.12,5.9,61.48,3.0701277,119.0,Moderate,2015,3,24,Spring
Bengaluru,2015-03-25,62.56,118.127106,3.16,23.57,16.39,27.13,10.05,4.98,82.34,4.53,39.99,3.0701277,232.0,Poor,2015,3,25,Spring
Bengaluru,2015-03-26,60.73,118.127106,4.16,32.07,21.03,34.71,1.44,1.67,67.21,1.36,13.28,3.0701277,132.0,Moderate,2015,3,26,Spring
Bengaluru,2015-03-27,42.1,118.127106,4.01,25.55,17.37,30.96,2.85,2.46,51.93,0.14,3.71,3.0701277,123.0,Moderate,2015,3,27,Spring
Bengaluru,2015-03-28,40.0,118.127106,2.93,17.99,11.36,28.74,8.07,2.5,44.65,0.14,8.39,3.0701277,152.0,Moderate,2015,3,28,Spring
Bengaluru,2015-03-29,32.16,118.127106,2.38,12.9,8.3,21.5,8.53,2.08,56.31,0.15,8.53,3.0701277,143.0,Moderate,2015,3,29,Spring
Bengaluru,2015-03-30,30.78,118.127106,2.68,16.23,14.63,26.96,1.46,2.63,49.52,0.14,2.07,3.0701277,80.0,Satisfactory,2015,3,30,Spring
Bengaluru,2015-03-31,38.99,118.127106,2.6,10.97,12.7,27.52,1.79,2.79,47.67,0.14,2.39,3.0701277,90.0,Satisfactory,2015,3,31,Spring
Bengaluru,2015-04-01,36.42,118.127106,2.68,8.83,9.13,31.37,9.6,3.17,48.25,0.14,8.16,3.0701277,151.0,Moderate,2015,4,1,Spring
Bengaluru,2015-04-02,38.15,118.127106,4.24,10.29,9.99,43.09,4.06,7.65,53.26,0.14,5.29,3.0701277,123.0,Moderate,2015,4,2,Spring
Bengaluru,2015-04-03,35.11,118.127106,2.63,5.99,6.82,26.04,5.34,2.32,57.75,0.14,7.4,3.0701277,178.0,Moderate,2015,4,3,Spring
Bengaluru,2015-04-04,36.68,118.127106,3.63,12.89,10.88,40.71,1.47,3.29,76.36,0.13,1.61,3.0701277,101.0,Moderate,2015,4,4,Spring
Bengaluru,2015-04-05,36.92,118.127106,2.2,9.0,7.6,26.22,9.58,4.07,65.62,0.14,12.02,3.0701277,160.0,Moderate,2015,4,5,Spring
Bengaluru,2015-04-06,31.78,118.127106,2.48,8.14,8.06,22.34,0.55,7.22,54.31,0.18,0.28,3.0701277,71.0,Satisfactory,2015,4,6,Spring
Bengaluru,2015-04-07,37.25,118.127106,2.86,7.14,11.25,17.78,2.3,5.88,60.42,0.2,2.3,3.0701277,76.0,Satisfactory,2015,4,7,Spring
Bengaluru,2015-04-08,29.8,118.127106,2.59,9.04,7.52,24.2,6.84,1.84,49.55,0.12,20.68,3.0701277,153.0,Moderate,2015,4,8,Spring
Bengaluru,2015-04-09,25.06,118.127106,3.21,8.72,7.2,29.83,5.82,2.6,42.63,0.13,5.92,3.0701277,80.0,Satisfactory,2015,4,9,Spring
Bengaluru,2015-04-10,24.4,118.127106,6.87,7.46,8.7,23.17,5.19,2.03,44.47,8.64,8.48,3.0701277,129.0,Moderate,2015,4,10,Spring
Bengaluru,2015-04-11,32.08,118.127106,6.6,7.09,8.82,30.95,1.7,3.22,53.91,0.29,1.75,3.0701277,107.0,Moderate,2015,4,11,Spring
Bengaluru,2015-04-12,19.72,118.127106,1.81,4.97,5.51,34.85,2.65,5.16,44.53,0.17,2.65,3.0701277,122.0,Moderate,2015,4,12,Spring
Bengaluru,2015-04-13,17.03,118.127106,2.17,8.53,9.95,34.3,2.23,2.75,39.03,3.2808404,2.62,3.0701277,85.0,Satisfactory,2015,4,13,Spring
Bengaluru,2015-04-14,19.73,118.127106,2.26,6.1,6.13,27.48,1.4,4.66,57.7,0.18,1.71,3.0701277,62.0,Satisfactory,2015,4,14,Spring
Bengaluru,2015-04-15,22.52,118.127106,6.71,4.86,14.02,15.15,5.45,4.9,77.05,0.21,5.37,3.0701277,177.0,Moderate,2015,4,15,Spring
Bengaluru,2015-04-16,21.36,118.127106,2.86,7.98,12.69,16.61,0.97,29.11,96.88,0.16,0.54,3.0701277,152.0,Moderate,2015,4,16,Spring
Bengaluru,2015-04-17,24.35,118.127106,3.06,6.64,7.42,38.54,12.93,2.58,97.2,3.2808404,12.95,3.0701277,210.0,Poor,2015,4,17,Spring
Bengaluru,2015-04-18,18.33,118.127106,2.4,5.98,6.47,21.02,3.84,3.99,101.63,3.2808404,4.51,3.0701277,170.0,Moderate,2015,4,18,Spring
Bengaluru,2015-04-19,17.66,118.127106,1.85,6.58,5.89,21.93,0.48,2.49,81.34,3.2808404,0.48,3.0701277,135.0,Moderate,2015,4,19,Spring
Bengaluru,2015-04-20,27.46,118.127106,2.53,7.91,7.1,24.78,4.58,5.53,37.22,3.2808404,5.17,3.0701277,118.0,Moderate,2015,4,20,Spring
Bengaluru,2015-04-21,27.94,118.127106,3.8,6.45,9.94,17.34,6.14,4.43,34.74,0.23,6.14,3.0701277,127.0,Moderate,2015,4,21,Spring
Bengaluru,2015-04-22,23.81,118.127106,4.01,6.21,13.57,5.42,2.248598,26.42,32.79,0.22,8.700972,3.0701277,47.0,Good,2015,4,22,Spring
Bengaluru,2015-04-23,23.11,118.127106,4.16,6.84,14.07,18.77,3.65,12.35,15.88,3.2808404,12.16,3.0701277,44.0,Good,2015,4,23,Spring
Bengaluru,2015-04-24,15.12,118.127106,4.35,14.96,12.52,35.77,1.13,5.12,109.66,3.2808404,1.27,3.0701277,67.0,Satisfactory,2015,4,24,Spring
Bengaluru,2015-04-25,19.59,118.127106,4.35,8.42,12.28,17.93,3.1,26.92,157.2,3.2808404,2.17,3.0701277,44.0,Good,2015,4,25,Spring
Bengaluru,2015-04-26,69.85,118.127106,8.6,14.35,19.55,15.8,1.22,15.91,123.32,3.2808404,0.77,3.0701277,82.0,Satisfactory,2015,4,26,Spring
Bengaluru,2015-04-27,24.62,118.127106,3.77,7.74,11.71,13.92,1.26,18.89,65.38,3.2808404,1.36,3.0701277,156.0,Moderate,2015,4,27,Spring
Bengaluru,2015-04-28,32.92,118.127106,7.12,12.95,18.7,11.62,2.31,14.79,57.59,43.78,3.7,3.0701277,96.0,Satisfactory,2015,4,28,Spring
Bengaluru,2015-04-29,44.53,118.127106,7.24,17.71,22.68,11.4,1.34,8.34,27.11,47.26,15.45,3.0701277,72.0,Satisfactory,2015,4,29,Spring
Bengaluru,2015-04-30,26.68,118.127106,3.79,16.69,12.64,10.15,2.248598,11.54,51.81,39.43,13.75,3.0701277,117.0,Moderate,2015,4,30,Spring
Bengaluru,2015-05-01,39.06,118.127106,3.45,14.31,12.05,6.09,1.59,4.96,26.93,35.9,11.32,3.0701277,67.0,Satisfactory,2015,5,1,Spring
Bengaluru,2015-05-02,50.83,118.127106,5.74,14.24,14.93,21.03,4.44,2.99,16.83,34.57,9.36,3.0701277,217.0,Poor,2015,5,2,Spring
Bengaluru,2015-05-03,62.58,118.127106,5.03,15.2,10.05,14.62,1.32,7.47,17.81,37.56,11.01,3.0701277,64.0,Satisfactory,2015,5,3,Spring
Bengaluru,2015-05-04,45.26,118.127106,5.21,25.81,15.91,18.09,4.17,6.79,21.39,39.17,12.63,3.0701277,162.0,Moderate,2015,5,4,Spring
Bengaluru,2015-05-05,40.37,118.127106,9.03,20.7,13.3,5.94,0.0,8.6,36.56,37.07,9.99,3.0701277,75.0,Satisfactory,2015,5,5,Spring
Bengaluru,2015-05-06,43.21,118.127106,8.24,17.15,10.79,10.23,28.28,11.77,80.02,33.74,11.02,3.0701277,141.0,Moderate,2015,5,6,Spring
Bengaluru,2015-05-07,41.53,118.127106,5.74,20.41,14.16,15.4,0.5,4.67,31.73,22.24,6.38,3.0701277,70.0,Satisfactory,2015,5,7,Spring
Bengaluru,2015-05-08,27.85,118.127106,5.82,17.29,11.04,14.93,4.82,7.18,88.24,9.51,2.65,3.0701277,142.0,Moderate,2015,5,8,Spring
Bengaluru,2015-05-09,36.83,118.127106,4.6,24.35,13.81,17.12,23.56,6.64,39.61,6.11,3.89,3.0701277,140.0,Moderate,2015,5,9,Spring
Bengaluru,2015-05-10,40.81,118.127106,6.5,29.77,14.91,14.21,2.57,3.46,32.11,5.2,1.96,3.0701277,71.0,Satisfactory,2015,5,10,Spring
Bengaluru,2015-05-11,36.11,118.127106,6.97,29.38,17.29,15.84,0.3,11.84,14.0,4.94,1.55,3.0701277,66.0,Satisfactory,2015,5,11,Spring
Bengaluru,2015-05-12,28.76,118.127106,8.95,29.1,18.34,15.13,2.248598,2.96,15.17,4.67,1.66,3.0701277,56.0,Satisfactory,2015,5,12,Spring
Bengaluru,2015-05-13,40.74,118.127106,8.61,32.27,20.96,14.66,0.0,2.77,7.96,4.9,1.37,3.0701277,45.0,Good,2015,5,13,Spring
Bengaluru,2015-05-14,23.77,118.127106,6.77,33.12,20.16,14.28,1.19,2.83,12.14,4.88,1.84,3.0701277,61.0,Satisfactory,2015,5,14,Spring
Bengaluru,2015-05-15,17.34,118.127106,5.26,22.13,14.1,18.55,2.06,3.08,12.14,5.66,2.25,3.0701277,70.0,Satisfactory,2015,5,15,Spring
Bengaluru,2015-05-16,30.45,118.127106,5.23,32.24,18.53,24.08,1.19,3.9,8.48,4.66,1.45,3.0701277,59.0,Satisfactory,2015,5,16,Spring
Bengaluru,2015-05-17,15.8,118.127106,5.08,22.62,11.25,14.2,12.23,5.8,21.44,4.22,2.05,3.0701277,125.0,Moderate,2015,5,17,Spring
Bengaluru,2015-05-18,20.12,118.127106,6.65,22.49,13.5,13.27,12.77,5.83,32.76,4.24,1.84,3.0701277,106.0,Moderate,2015,5,18,Spring
Bengaluru,2015-05-19,25.27,118.127106,10.97,31.22,20.24,17.26,1.14,3.92,37.13,4.19,1.16,3.0701277,84.0,Satisfactory,2015,5,19,Spring
Bengaluru,2015-05-20,26.7,118.127106,4.76,32.48,16.97,15.5,1.26,4.24,36.42,4.1,1.1,3.0701277,57.0,Satisfactory,2015,5,20,Spring
Bengaluru,2015-05-21,27.84,118.127106,6.01,17.97,9.15,13.64,1.21,4.38,25.96,4.18,1.19,3.0701277,56.0,Satisfactory,2015,5,21,Spring
Bengaluru,2015-05-22,29.52,118.127106,5.09,17.88,8.93,12.62,10.68,4.89,28.02,4.64,2.01,3.0701277,140.0,Moderate,2015,5,22,Spring
Bengaluru,2015-05-23,27.97,118.127106,6.23,23.45,13.42,11.58,17.21,12.38,22.59,5.16,3.92,3.0701277,156.0,Moderate,2015,5,23,Spring
Bengaluru,2015-05-24,28.17,118.127106,4.91,17.13,10.15,5.01,9.13,3.98,23.52,4.39,1.3,3.0701277,156.0,Moderate,2015,5,24,Spring
Bengaluru,2015-05-25,27.71,118.127106,4.01,18.69,10.4,3.25,4.19,4.81,21.85,4.57,1.28,3.0701277,111.0,Moderate,2015,5,25,Spring
Bengaluru,2015-05-26,28.01,118.127106,2.74,12.85,9.33,0.28,4.21,3.92,23.36,4.69,1.44,3.0701277,158.0,Moderate,2015,5,26,Spring
Bengaluru,2015-05-27,31.7,118.127106,2.97,11.83,9.27,2.77,4.79,4.02,27.83,3.77,1.05,3.0701277,93.0,Satisfactory,2015,5,27,Spring
Bengaluru,2015-05-28,48.08,118.127106,12.38,41.16,23.43,4.91,1.22,0.96,42.06,3.54,0.86,3.0701277,97.0,Satisfactory,2015,5,28,Spring
Bengaluru,2015-05-29,30.77,118.127106,6.31,22.5,13.99,4.88,1.4,0.92,31.65,5.05,1.34,3.0701277,94.0,Satisfactory,2015,5,29,Spring
Bengaluru,2015-05-30,26.15,118.127106,0.95,14.82,10.67,5.61,4.52,7.13,54.35,4.81,3.22,3.0701277,147.0,Moderate,2015,5,30,Spring
Bengaluru,2015-05-31,40.71,118.127106,0.75,6.62,5.01,2.89,2.84,4.24,22.32,5.42,3.15,3.0701277,100.0,Satisfactory,2015,5,31,Spring
Bengaluru,2015-06-01,23.69,118.127106,1.65,14.12,7.77,2.34,1.7,6.9,68.17,4.86,1.7,3.0701277,101.0,Moderate,2015,6,1,Summer
Bengaluru,2015-06-02,23.95,118.127106,0.46,9.28,3.25,2.31,1.77,7.93,54.65,4.08,1.68,3.0701277,84.0,Satisfactory,2015,6,2,Summer
Bengaluru,2015-06-03,21.51,118.127106,1.59,19.98,9.87,2.21,1.52,4.44,46.8,4.11,1.39,3.0701277,84.0,Satisfactory,2015,6,3,Summer
Bengaluru,2015-06-04,25.56,118.127106,1.14,6.39,7.52,1.93,1.4,4.47,29.64,3.16,1.3,3.0701277,74.0,Satisfactory,2015,6,4,Summer
Bengaluru,2015-06-05,22.41,118.127106,2.59,14.61,19.41,18.87,5.65,5.85,27.39,2.89,0.84,3.0701277,130.0,Moderate,2015,6,5,Summer
Bengaluru,2015-06-06,16.02,118.127106,4.7,30.73,36.51,30.36,1.78,11.64,20.75,3.2808404,1.72,3.0701277,74.0,Satisfactory,2015,6,6,Summer
Bengaluru,2015-06-07,12.69,118.127106,4.38,25.18,27.39,28.0,4.45,4.22,19.63,2.71,1.93,3.0701277,74.0,Satisfactory,2015,6,7,Summer
Bengaluru,2015-06-08,13.29,118.127106,4.82,22.65,13.65,23.12,3.93,17.45,17.13,2.49,3.93,3.0701277,162.0,Moderate,2015,6,8,Summer
Bengaluru,2015-06-09,12.11,118.127106,6.72,20.8,13.22,25.86,1.4,15.06,20.96,3.13,1.2,3.0701277,55.0,Satisfactory,2015,6,9,Summer
Bengaluru,2015-06-10,13.66,118.127106,3.61,22.16,11.83,21.15,1.96,6.09,24.49,3.13,1.94,3.0701277,72.0,Satisfactory,2015,6,10,Summer
Bengaluru,2015-06-11,14.56,118.127106,3.34,17.32,8.95,20.88,1.54,11.59,15.75,4.79,1.46,3.0701277,66.0,Satisfactory,2015,6,11,Summer
Bengaluru,2015-06-12,14.76,118.127106,3.2,13.35,7.08,5.29,1.89,10.35,20.52,4.35,1.56,3.0701277,81.0,Satisfactory,2015,6,12,Summer
Bengaluru,2015-06-13,12.29,118.127106,2.53,10.75,4.86,7.02,3.21,15.0,19.08,5.46,1.76,3.0701277,94.0,Satisfactory,2015,6,13,Summer
Bengaluru,2015-06-14,11.72,118.127106,1.76,9.61,4.7,7.86,2.36,1.96,20.38,4.56,1.79,3.0701277,128.0,Moderate,2015,6,14,Summer
Bengaluru,2015-06-15,15.7,118.127106,6.3,13.12,10.43,8.92,1.56,5.04,34.42,2.43,1.53,3.0701277,86.0,Satisfactory,2015,6,15,Summer
Bengaluru,2015-06-16,22.94,118.127106,2.88,10.09,5.6,9.22,3.74,1.58,13.24,1.66,1.72,3.0701277,136.0,Moderate,2015,6,16,Summer
Bengaluru,2015-06-17,19.54,118.127106,2.19,11.09,5.01,7.0,2.0,4.12,13.5,2.96,2.08,3.0701277,67.0,Satisfactory,2015,6,17,Summer
Bengaluru,2015-06-18,22.68,118.127106,2.8,18.7,9.83,8.31,1.3,1.35,16.42,5.04,1.3,3.0701277,45.0,Good,2015,6,18,Summer
Bengaluru,2015-06-19,21.86,118.127106,3.91,19.0,11.85,8.08,1.54,4.34,11.12,5.67,1.52,3.0701277,70.0,Satisfactory,2015,6,19,Summer
Bengaluru,2015-06-20,18.74,118.127106,3.9,14.48,9.69,7.31,2.89,1.95,8.62,4.36,1.31,3.0701277,93.0,Satisfactory,2015,6,20,Summer
Bengaluru,2015-06-21,18.81,118.127106,3.01,15.95,8.19,6.89,3.84,2.02,10.31,0.15,3.28,3.0701277,166.0,Moderate,2015,6,21,Summer
Bengaluru,2015-06-22,15.11,118.127106,2.78,16.04,11.71,27.31,4.29,5.53,10.68,3.2808404,5.56,3.0701277,183.0,Moderate,2015,6,22,Summer
Bengaluru,2015-06-23,17.47,118.127106,1.74,7.27,4.01,10.32,2.08,7.51,10.97,0.12,1.56,3.0701277,107.0,Moderate,2015,6,23,Summer
Bengaluru,2015-06-24,15.92,118.127106,0.89,5.61,1.82,8.75,5.48,5.41,21.62,3.2808404,13.45,3.0701277,140.0,Moderate,2015,6,24,Summer
Bengaluru,2015-06-25,13.58,118.127106,2.0,5.38,3.37,7.95,2.83,5.49,11.83,0.13,1.74,3.0701277,107.0,Moderate,2015,6,25,Summer
Bengaluru,2015-06-26,14.52,118.127106,1.14,6.1,3.71,7.5,1.75,4.41,13.27,0.1,1.34,3.0701277,70.0,Satisfactory,2015,6,26,Summer
Bengaluru,2015-06-27,27.25,118.127106,0.86,5.23,2.93,6.4,15.98,10.62,15.2,0.18,14.54,3.0701277,165.0,Moderate,2015,6,27,Summer
Bengaluru,2015-06-28,20.99,118.127106,0.72,4.38,1.91,6.3,2.03,2.53,15.42,0.24,2.47,3.0701277,160.0,Moderate,2015,6,28,Summer
Bengaluru,2015-06-29,22.26,118.127106,1.23,7.02,3.74,7.68,5.28,7.62,10.29,0.13,2.23,3.0701277,209.0,Poor,2015,6,29,Summer
Bengaluru,2015-06-30,23.51,118.127106,2.75,8.39,5.43,8.47,5.01,5.94,6.61,0.16,4.4,3.0701277,166.0,Moderate,2015,6,30,Summer
Bengaluru,2015-07-01,19.76,118.127106,1.24,6.34,3.24,6.34,6.96,6.28,6.45,0.11,4.98,3.0701277,187.0,Moderate,2015,7,1,Summer
Bengaluru,2015-07-02,20.24,118.127106,2.26,11.59,6.83,6.42,2.58,5.12,11.01,0.12,1.38,3.0701277,162.0,Moderate,2015,7,2,Summer
Bengaluru,2015-07-03,17.28,118.127106,1.07,5.11,2.7,5.96,7.52,3.69,8.37,3.2808404,1.35,3.0701277,185.0,Moderate,2015,7,3,Summer
Bengaluru,2015-07-04,21.52,118.127106,1.0,5.99,2.9,5.76,15.9,2.76,9.72,3.2808404,16.86,3.0701277,141.0,Moderate,2015,7,4,Summer
Bengaluru,2015-07-05,19.43,118.127106,1.13,7.66,4.66,4.74,20.81,2.29,7.89,0.16,8.67,3.0701277,225.0,Poor,2015,7,5,Summer
Bengaluru,2015-07-07,23.27,118.127106,1.73,7.83,7.62,10.45,2.86,3.36,9.3,0.14,1.36,3.0701277,136.0,Moderate,2015,7,7,Summer
Bengaluru,2015-07-08,18.63,118.127106,2.96,8.71,6.88,34.37,7.24,6.25,7.27,1.09,6.16,3.0701277,139.0,Moderate,2015,7,8,Summer
Bengaluru,2015-07-09,14.52,118.127106,5.93,10.04,8.43,19.3,3.42,3.89,7.56,0.18,1.47,3.0701277,161.0,Moderate,2015,7,9,Summer
Bengaluru,2015-07-10,12.84,118.127106,7.5,10.1,9.4,21.54,15.1,3.25,5.4,16.71,3.02,3.0701277,160.0,Moderate,2015,7,10,Summer
Bengaluru,2015-07-11,19.08,118.127106,6.5,10.66,9.34,20.9,2.42,2.39,5.06,22.69,2.88,3.0701277,127.0,Moderate,2015,7,11,Summer
Bengaluru,2015-07-12,23.45,118.127106,5.88,9.83,8.64,10.15,2.11,1.86,9.66,20.87,2.47,3.0701277,71.0,Satisfactory,2015,7,12,Summer
Bengaluru,2015-07-13,25.62,118.127106,5.21,12.22,9.75,10.8,27.06,2.84,10.42,21.59,7.32,3.0701277,246.0,Poor,2015,7,13,Summer
Bengaluru,2015-07-14,27.03,118.127106,4.42,11.7,9.3,10.17,10.62,2.78,7.82,24.35,6.14,3.0701277,250.0,Poor,2015,7,14,Summer
Bengaluru,2015-07-15,24.09,118.127106,5.64,17.43,12.1,6.08,9.91,4.49,5.49,23.09,3.81,3.0701277,176.0,Moderate,2015,7,15,Summer
Bengaluru,2015-07-16,23.17,118.127106,4.97,15.73,11.27,10.88,3.56,2.98,8.06,22.44,3.01,3.0701277,176.0,Moderate,2015,7,16,Summer
Bengaluru,2015-07-17,26.84,118.127106,6.18,10.76,9.67,9.89,1.62,3.46,8.48,3.2808404,1.13,3.0701277,55.0,Satisfactory,2015,7,17,Summer
Bengaluru,2015-07-18,19.24,118.127106,3.78,8.46,7.12,11.23,18.69,3.98,10.27,3.2808404,8.700972,3.0701277,156.0,Moderate,2015,7,18,Summer
Bengaluru,2015-07-19,14.46,118.127106,3.76,7.65,6.72,10.88,12.18,1.66,9.43,3.2808404,1.16,3.0701277,195.0,Moderate,2015,7,19,Summer
Bengaluru,2015-07-20,14.3,118.127106,5.1,10.26,8.78,10.46,9.82,2.39,8.67,3.2808404,1.06,3.0701277,197.0,Moderate,2015,7,20,Summer
Bengaluru,2015-07-21,19.29,118.127106,4.45,11.45,8.94,10.76,9.35,1.72,3.62,3.2808404,1.25,3.0701277,223.0,Poor,2015,7,21,Summer
Bengaluru,2015-07-22,21.39,118.127106,4.14,9.91,8.06,9.67,16.7,2.39,3.54,3.2808404,8.700972,3.0701277,182.0,Moderate,2015,7,22,Summer
Bengaluru,2015-07-23,45.86,118.127106,5.98,11.26,9.75,10.06,9.44,3.29,5.13,19.93,2.04,3.0701277,245.0,Poor,2015,7,23,Summer
Bengaluru,2015-07-24,18.38,118.127106,3.82,9.48,7.7,9.15,16.46,10.54,6.49,18.55,3.04,3.0701277,268.0,Poor,2015,7,24,Summer
Bengaluru,2015-07-25,24.44,118.127106,4.63,10.0,8.6,10.06,2.89,15.96,9.61,16.78,2.54,3.0701277,51.0,Satisfactory,2015,7,25,Summer
Bengaluru,2015-07-26,25.14,118.127106,3.59,11.03,7.88,8.39,2.42,2.54,8.9,16.64,1.96,3.0701277,49.0,Good,2015,7,26,Summer
Bengaluru,2015-07-27,13.85,118.127106,5.69,8.83,8.32,8.42,14.36,3.82,8.78,15.28,4.57,3.0701277,157.0,Moderate,2015,7,27,Summer
Bengaluru,2015-07-28,16.63,118.127106,3.66,10.76,8.08,9.14,12.51,5.27,7.16,17.73,4.06,3.0701277,128.0,Moderate,2015,7,28,Summer
Bengaluru,2015-07-29,19.04,118.127106,3.67,12.67,9.08,29.6,1.5,4.9,5.82,18.71,2.1,3.0701277,66.0,Satisfactory,2015,7,29,Summer
Bengaluru,2015-07-30,24.43,118.127106,4.59,11.52,7.93,11.73,1.86,3.15,5.42,19.79,1.96,3.0701277,105.0,Moderate,2015,7,30,Summer
Bengaluru,2015-07-31,19.16,118.127106,5.08,10.27,7.61,11.91,1.09,3.35,3.53,21.09,2.58,3.0701277,49.0,Good,2015,7,31,Summer
Bengaluru,2015-08-01,18.18,118.127106,4.06,20.21,11.77,10.3,9.97,2.43,3.38,16.15,3.28,3.0701277,97.0,Satisfactory,2015,8,1,Summer
Bengaluru,2015-08-02,15.52,118.127106,3.48,9.54,6.15,9.26,37.73,1.86,4.83,13.6,7.99,3.0701277,257.0,Poor,2015,8,2,Summer
Bengaluru,2015-08-03,18.67,118.127106,5.9,11.41,8.58,10.08,25.13,2.13,5.74,13.67,4.26,3.0701277,139.0,Moderate,2015,8,3,Summer
Bengaluru,2015-08-04,15.85,118.127106,5.74,10.66,8.17,10.75,9.92,2.6,5.24,14.1,1.8,3.0701277,95.0,Satisfactory,2015,8,4,Summer
Bengaluru,2015-08-05,18.26,118.127106,4.56,11.85,8.03,10.66,48.07,2.4,3.0,16.28,2.08,3.0701277,106.0,Moderate,2015,8,5,Summer
Bengaluru,2015-08-06,17.94,118.127106,6.02,18.38,13.03,33.49,3.15,5.94,7.21,16.44,1.98,3.0701277,89.0,Satisfactory,2015,8,6,Summer
Bengaluru,2015-08-07,21.86,118.127106,3.06,10.02,6.18,26.16,1.16,3.79,3.29,15.14,1.82,3.0701277,44.0,Good,2015,8,7,Summer
Bengaluru,2015-08-08,46.86,118.127106,2.62,8.46,5.62,23.31,20.25,3.78,3.98,15.6,1.79,3.0701277,97.0,Satisfactory,2015,8,8,Summer
Bengaluru,2015-08-09,54.42,118.127106,1.56,7.32,5.27,18.3,8.78,2.1,4.73,25.0,235.48,3.0701277,187.0,Moderate,2015,8,9,Summer
Bengaluru,2015-08-10,21.02,118.127106,3.65,8.21,6.26,23.95,1.82,5.16,6.23,34.14,162.98,3.0701277,83.0,Satisfactory,2015,8,10,Summer
Bengaluru,2015-08-11,21.1,118.127106,2.56,7.98,5.34,24.12,29.0,2.96,9.86,27.76,411.52,3.0701277,129.0,Moderate,2015,8,11,Summer
Bengaluru,2015-08-12,16.64,118.127106,3.45,7.44,5.58,22.52,29.16,7.22,6.76,9.26,209.77,3.0701277,128.0,Moderate,2015,8,12,Summer
Bengaluru,2015-08-13,14.99,118.127106,4.81,6.61,6.6,22.0,34.69,2.51,6.11,5.02,112.27,3.0701277,217.0,Poor,2015,8,13,Summer
Bengaluru,2015-08-14,20.21,118.127106,4.54,14.73,12.48,23.64,35.05,6.15,5.86,3.15,71.16,3.0701277,277.0,Poor,2015,8,14,Summer
Bengaluru,2015-08-15,18.04,118.127106,1.93,13.63,9.32,18.87,16.67,2.49,10.04,1.89,42.61,3.0701277,176.0,Moderate,2015,8,15,Summer
Bengaluru,2015-08-16,20.8,118.127106,5.06,17.39,10.93,23.05,9.03,1.32,7.48,1.51,26.63,3.0701277,206.0,Poor,2015,8,16,Summer
Bengaluru,2015-08-17,15.35,118.127106,6.56,19.5,13.98,50.58,14.55,2.98,5.93,2.18,21.55,3.0701277,238.0,Poor,2015,8,17,Summer
Bengaluru,2015-08-18,27.31,118.127106,4.58,19.73,12.9,38.79,21.83,2.85,3.75,2.18,23.34,3.0701277,229.0,Poor,2015,8,18,Summer
Bengaluru,2015-08-19,32.13,118.127106,9.89,17.92,15.33,39.19,9.91,7.14,4.3,3.2808404,24.53,3.0701277,236.0,Poor,2015,8,19,Summer
Bengaluru,2015-08-20,23.26,118.127106,7.05,34.35,21.46,30.68,1.31,3.73,3.41,5.55,4.72,3.0701277,92.0,Satisfactory,2015,8,20,Summer
Bengaluru,2015-08-21,17.9,118.127106,3.31,17.51,11.02,33.06,11.68,6.56,3.44,3.2808404,43.3,3.0701277,100.0,Satisfactory,2015,8,21,Summer
Bengaluru,2015-08-22,10.99,118.127106,2.95,15.97,9.93,24.16,1.14,1.07,3.35,3.2808404,1.13,3.0701277,97.0,Satisfactory,2015,8,22,Summer
Bengaluru,2015-08-23,12.9,118.127106,2.79,11.64,7.72,23.28,26.54,0.91,3.86,3.2808404,26.54,3.0701277,59.0,Satisfactory,2015,8,23,Summer
Bengaluru,2015-08-24,22.29,118.127106,4.0,15.11,10.24,27.77,1.16,1.0,4.72,3.2808404,1.13,3.0701277,96.0,Satisfactory,2015,8,24,Summer
Bengaluru,2015-08-25,20.06,118.127106,5.0,16.49,13.5,17.67,4.29,4.38,6.26,3.2808404,1.21,3.0701277,123.0,Moderate,2015,8,25,Summer
Bengaluru,2015-08-26,17.38,118.127106,4.23,12.18,12.33,15.18,1.43,1.1,7.65,3.2808404,8.700972,3.0701277,77.0,Satisfactory,2015,8,26,Summer
Bengaluru,2015-08-27,14.67,118.127106,6.76,20.81,14.62,35.39,2.4,1.13,4.84,3.2808404,8.700972,3.0701277,57.0,Satisfactory,2015,8,27,Summer
Bengaluru,2015-08-28,18.96,118.127106,3.22,21.16,12.18,26.37,1.96,1.42,4.19,3.2808404,8.700972,3.0701277,63.0,Satisfactory,2015,8,28,Summer
Bengaluru,2015-08-29,20.56,118.127106,4.26,13.86,9.92,33.75,9.97,2.56,12.64,3.2808404,40.2,3.0701277,174.0,Moderate,2015,8,29,Summer
Bengaluru,2015-08-30,17.27,118.127106,1.37,5.53,3.77,26.46,2.76,0.73,12.65,3.2808404,1.13,3.0701277,121.0,Moderate,2015,8,30,Summer
Bengaluru,2015-08-31,23.42,118.127106,2.6,6.47,5.25,33.9,5.77,1.24,17.22,3.2808404,8.700972,3.0701277,92.0,Satisfactory,2015,8,31,Summer
Bengaluru,2015-09-01,24.9,118.127106,2.58,7.25,5.57,33.29,5.26,1.67,13.62,3.2808404,1.79,3.0701277,81.0,Satisfactory,2015,9,1,Autumn
Bengaluru,2015-09-02,23.54,118.127106,1.75,9.49,6.09,26.12,1.19,2.18,11.57,3.2808404,1.19,3.0701277,43.0,Good,2015,9,2,Autumn
Bengaluru,2015-09-03,24.49,118.127106,2.5,12.59,8.41,31.79,1.42,2.49,14.5,3.2808404,1.12,3.0701277,52.0,Satisfactory,2015,9,3,Autumn
Bengaluru,2015-09-04,26.16,118.127106,3.72,15.89,10.97,37.51,1.76,2.12,10.98,3.2808404,1.2,3.0701277,72.0,Satisfactory,2015,9,4,Autumn
Bengaluru,2015-09-05,27.38,118.127106,6.79,17.6,14.32,54.9,1.47,2.63,38.49,3.2808404,1.53,3.0701277,73.0,Satisfactory,2015,9,5,Autumn
Bengaluru,2015-09-06,18.38,118.127106,2.41,11.7,7.72,26.75,22.81,1.35,34.491432,3.2808404,22.81,3.0701277,208.0,Poor,2015,9,6,Autumn
Bengaluru,2015-09-07,16.34,118.127106,4.12,12.0,9.25,32.04,9.83,3.08,21.21,3.2808404,48.65,3.0701277,179.0,Moderate,2015,9,7,Autumn
Bengaluru,2015-09-08,22.47,118.127106,6.9,10.95,10.3,37.31,1.78,5.6,12.62,3.2808404,1.35,3.0701277,93.0,Satisfactory,2015,9,8,Autumn
Bengaluru,2015-09-09,29.6,118.127106,6.75,11.14,10.91,36.19,13.22,7.0,5.34,3.2808404,1.04,3.0701277,60.0,Satisfactory,2015,9,9,Autumn
Bengaluru,2015-09-10,15.21,118.127106,6.53,12.29,11.26,36.3,1.2,3.26,5.01,3.2808404,1.2,3.0701277,65.0,Satisfactory,2015,9,10,Autumn
Bengaluru,2015-09-11,18.09,118.127106,5.32,13.42,10.92,34.24,3.19,2.85,5.48,3.2808404,1.07,3.0701277,60.0,Satisfactory,2015,9,11,Autumn
Bengaluru,2015-09-12,16.68,118.127106,4.77,13.1,10.22,30.49,22.32,2.42,17.12,3.2808404,18.37,3.0701277,167.0,Moderate,2015,9,12,Autumn
Bengaluru,2015-09-13,12.24,118.127106,2.59,11.85,7.95,21.98,19.24,2.08,13.22,3.2808404,21.82,3.0701277,141.0,Moderate,2015,9,13,Autumn
Bengaluru,2015-09-14,14.99,118.127106,5.5,12.44,10.43,31.7,18.85,2.19,12.68,3.2808404,24.96,3.0701277,175.0,Moderate,2015,9,14,Autumn
Bengaluru,2015-09-15,11.75,118.127106,3.39,11.66,8.49,23.78,1.06,2.54,5.72,3.2808404,8.700972,3.0701277,41.0,Good,2015,9,15,Autumn
Bengaluru,2015-09-16,11.47,118.127106,3.26,12.06,8.6,24.19,18.66,2.26,14.33,3.2808404,18.66,3.0701277,81.0,Satisfactory,2015,9,16,Autumn
Bengaluru,2015-09-17,10.93,118.127106,2.64,9.78,6.94,19.64,1.7,1.92,10.45,3.2808404,2.95,3.0701277,52.0,Satisfactory,2015,9,17,Autumn
Bengaluru,2015-09-18,13.18,118.127106,2.99,8.71,7.78,23.94,1.01,2.34,21.33,3.2808404,1.01,3.0701277,31.0,Good,2015,9,18,Autumn
Bengaluru,2015-09-19,13.47,118.127106,3.25,8.98,8.24,24.56,8.24,2.85,10.94,3.2808404,6.63,3.0701277,144.0,Moderate,2015,9,19,Autumn
Bengaluru,2015-09-20,7.32,118.127106,3.3,9.42,8.69,20.84,1.27,1.74,11.51,3.2808404,1.27,3.0701277,64.0,Satisfactory,2015,9,20,Autumn
Bengaluru,2015-09-21,16.51,118.127106,3.86,15.32,12.75,36.84,2.15,3.01,15.34,3.2808404,2.21,3.0701277,51.0,Satisfactory,2015,9,21,Autumn
Bengaluru,2015-09-22,28.38,118.127106,6.09,22.83,18.49,35.72,2.21,2.97,20.63,3.2808404,2.3,3.0701277,82.0,Satisfactory,2015,9,22,Autumn
Bengaluru,2015-09-23,27.74,118.127106,3.53,27.93,19.01,37.81,2.13,2.32,21.96,3.2808404,2.21,3.0701277,85.0,Satisfactory,2015,9,23,Autumn
Bengaluru,2015-09-24,29.1,118.127106,3.31,22.47,15.65,34.28,2.39,2.37,16.37,3.2808404,2.26,3.0701277,89.0,Satisfactory,2015,9,24,Autumn
Bengaluru,2015-09-25,17.48,118.127106,3.62,21.03,13.71,30.44,3.05,2.47,49.22,3.2808404,2.27,3.0701277,139.0,Moderate,2015,9,25,Autumn
Bengaluru,2015-09-26,14.95,118.127106,1.98,17.22,10.16,22.01,2.68,1.46,9.51,3.2808404,2.22,3.0701277,157.0,Moderate,2015,9,26,Autumn
Bengaluru,2015-09-27,27.29,118.127106,10.46,20.53,18.34,45.07,2.26,1.7,12.01,3.2808404,2.06,3.0701277,155.0,Moderate,2015,9,27,Autumn
Bengaluru,2015-09-28,19.98,118.127106,21.66,30.35,31.94,76.12,2.0,1.69,18.48,3.2808404,2.31,3.0701277,94.0,Satisfactory,2015,9,28,Autumn
Bengaluru,2015-09-29,31.36,118.127106,5.95,33.02,21.34,41.39,2.09,1.72,20.18,3.2808404,2.23,3.0701277,100.0,Satisfactory,2015,9,29,Autumn
Bengaluru,2015-09-30,35.5,118.127106,6.74,31.34,21.07,29.39,2.71,1.3,14.05,3.2808404,2.05,3.0701277,117.0,Moderate,2015,9,30,Autumn
Bengaluru,2015-10-01,26.25,118.127106,4.82,30.71,19.52,30.38,1.95,1.45,12.61,3.2808404,2.04,3.0701277,136.0,Moderate,2015,10,1,Autumn
Bengaluru,2015-10-02,22.3,118.127106,3.85,26.84,17.13,26.74,1.82,4.18,34.491432,3.2808404,1.82,3.0701277,96.0,Satisfactory,2015,10,2,Autumn
Bengaluru,2015-10-03,13.97,118.127106,2.64,19.24,11.96,19.73,1.67,1.6,18.98,3.2808404,1.68,3.0701277,101.0,Moderate,2015,10,3,Autumn
Bengaluru,2015-10-04,9.63,118.127106,3.75,16.51,11.21,23.54,2.21,1.37,12.67,3.2808404,1.63,3.0701277,128.0,Moderate,2015,10,4,Autumn
Bengaluru,2015-10-05,28.7,118.127106,6.17,23.13,16.54,31.01,1.96,2.64,10.81,3.2808404,2.18,3.0701277,92.0,Satisfactory,2015,10,5,Autumn
Bengaluru,2015-10-06,35.04,118.127106,6.66,19.67,15.11,24.52,1.7,4.52,15.74,3.2808404,1.7,3.0701277,98.0,Satisfactory,2015,10,6,Autumn
Bengaluru,2015-10-07,15.82,118.127106,3.63,19.92,12.95,24.3,1.63,5.29,11.29,3.2808404,1.62,3.0701277,102.0,Moderate,2015,10,7,Autumn
Bengaluru,2015-10-08,12.14,118.127106,5.05,19.19,13.76,27.54,1.21,8.55,12.96,3.2808404,1.23,3.0701277,69.0,Satisfactory,2015,10,8,Autumn
Bengaluru,2015-10-09,14.44,118.127106,5.96,20.31,15.2,26.87,1.54,7.68,14.01,3.2808404,1.52,3.0701277,54.0,Satisfactory,2015,10,9,Autumn
Bengaluru,2015-10-10,12.01,118.127106,6.16,21.36,15.75,27.22,2.66,7.04,10.22,3.2808404,1.72,3.0701277,101.0,Moderate,2015,10,10,Autumn
Bengaluru,2015-10-11,10.02,118.127106,4.91,19.3,13.76,33.5,3.38,2.26,9.49,3.2808404,3.87,3.0701277,110.0,Moderate,2015,10,11,Autumn
Bengaluru,2015-10-12,17.14,118.127106,7.37,27.34,19.63,32.02,1.72,2.61,8.84,3.2808404,1.74,3.0701277,54.0,Satisfactory,2015,10,12,Autumn
Bengaluru,2015-10-13,25.65,118.127106,10.14,38.97,27.72,38.88,1.62,2.54,9.81,3.2808404,1.67,3.0701277,77.0,Satisfactory,2015,10,13,Autumn
Bengaluru,2015-10-14,31.78,118.127106,11.48,58.6,38.5,39.7,2.5,2.57,11.44,3.2808404,4.46,3.0701277,144.0,Moderate,2015,10,14,Autumn
Bengaluru,2015-10-15,46.63,118.127106,7.75,71.63,43.26,44.56,1.47,3.74,11.97,3.2808404,1.52,3.0701277,90.0,Satisfactory,2015,10,15,Autumn
Bengaluru,2015-10-16,49.23,118.127106,13.62,51.64,35.97,42.06,2.12,3.23,11.33,3.2808404,1.43,3.0701277,98.0,Satisfactory,2015,10,16,Autumn
Bengaluru,2015-10-17,40.76,118.127106,5.27,33.93,21.32,27.48,6.11,2.15,13.38,3.2808404,31.62,3.0701277,173.0,Moderate,2015,10,17,Autumn
Bengaluru,2015-10-18,31.18,118.127106,6.97,37.25,21.57,35.87,3.03,2.36,8.33,3.2808404,7.89,3.0701277,140.0,Moderate,2015,10,18,Autumn
Bengaluru,2015-10-19,42.02,118.127106,8.97,27.41,19.27,21.37,1.5,2.71,6.43,3.2808404,1.33,3.0701277,76.0,Satisfactory,2015,10,19,Autumn
Bengaluru,2015-10-20,43.32,118.127106,4.93,22.4,19.72,5.65,3.91,3.1,13.06,3.2808404,5.43,3.0701277,164.0,Moderate,2015,10,20,Autumn
Bengaluru,2015-10-21,42.64,118.127106,2.42,21.57,19.75,20.88,1.14,2.14,14.4,3.2808404,1.12,3.0701277,88.0,Satisfactory,2015,10,21,Autumn
Bengaluru,2015-10-22,55.94,118.127106,1.96,24.25,21.45,33.92,1.31,2.76,33.92,3.2808404,1.22,3.0701277,97.0,Satisfactory,2015,10,22,Autumn
Bengaluru,2015-10-23,51.0,118.127106,3.37,28.3,26.07,33.78,1.12,2.37,42.29,3.2808404,1.16,3.0701277,110.0,Moderate,2015,10,23,Autumn
Bengaluru,2015-10-24,45.13,118.127106,1.73,26.15,22.27,34.86,1.06,2.4,41.37,3.2808404,1.06,3.0701277,89.0,Satisfactory,2015,10,24,Autumn
Bengaluru,2015-10-25,38.26,118.127106,1.74,20.74,17.48,29.89,2.248598,2.05,43.11,3.2808404,8.700972,3.0701277,81.0,Satisfactory,2015,10,25,Autumn
Bengaluru,2015-10-26,47.1,118.127106,3.11,26.73,23.93,37.44,1.19,2.27,32.67,3.2808404,1.19,3.0701277,74.0,Satisfactory,2015,10,26,Autumn
Bengaluru,2015-10-27,42.92,118.127106,3.55,32.0,27.82,51.9,8.22,3.72,32.4,3.2808404,9.93,3.0701277,157.0,Moderate,2015,10,27,Autumn
Bengaluru,2015-10-28,36.44,118.127106,4.58,24.21,24.3,26.15,1.18,1.53,26.35,3.2808404,1.19,3.0701277,95.0,Satisfactory,2015,10,28,Autumn
Bengaluru,2015-10-29,29.17,118.127106,6.15,22.68,22.27,44.06,1.15,1.37,15.59,3.2808404,1.29,3.0701277,70.0,Satisfactory,2015,10,29,Autumn
Bengaluru,2015-10-30,31.78,118.127106,3.59,15.26,14.53,31.65,3.63,1.55,17.27,3.2808404,1.1,3.0701277,110.0,Moderate,2015,10,30,Autumn
Bengaluru,2015-10-31,25.77,118.127106,1.83,23.3,16.35,49.74,2.63,3.37,14.45,3.2808404,10.38,3.0701277,191.0,Moderate,2015,10,31,Autumn
Bengaluru,2015-11-01,29.89,118.127106,2.14,15.14,9.02,18.44,1.13,2.62,11.56,11.14,4.74,3.0701277,49.0,Good,2015,11,1,Autumn
Bengaluru,2015-11-02,28.56,118.127106,6.9,18.2,14.16,23.29,1.36,2.51,12.65,1.95,4.46,3.0701277,54.0,Satisfactory,2015,11,2,Autumn
Bengaluru,2015-11-03,31.05,118.127106,8.92,20.58,16.89,34.87,1.34,2.79,11.62,2.14,5.51,3.0701277,58.0,Satisfactory,2015,11,3,Autumn
Bengaluru,2015-11-04,43.1,118.127106,4.09,12.07,8.88,27.02,3.56,2.44,19.13,2.67,5.73,3.0701277,65.0,Satisfactory,2015,11,4,Autumn
Bengaluru,2015-11-05,30.36,118.127106,8.04,17.33,14.75,61.87,1.24,2.74,10.93,3.94,5.71,3.0701277,70.0,Satisfactory,2015,11,5,Autumn
Bengaluru,2015-11-06,37.22,118.127106,3.66,13.89,9.7,32.2,1.21,2.01,8.07,3.02,14.41,3.0701277,67.0,Satisfactory,2015,11,6,Autumn
Bengaluru,2015-11-07,31.44,70.46,3.03,15.85,10.27,27.73,1.22,1.94,17.98,2.41,17.84,3.0701277,60.0,Satisfactory,2015,11,7,Autumn
Bengaluru,2015-11-08,31.4,118.127106,1.92,15.33,8.96,21.44,2.248598,1.77,23.72,1.5,7.21,3.0701277,56.0,Satisfactory,2015,11,8,Autumn
Bengaluru,2015-11-09,34.92,118.127106,0.87,10.21,5.52,18.46,2.248598,1.72,32.86,1.28,3.29,3.0701277,59.0,Satisfactory,2015,11,9,Autumn
Bengaluru,2015-11-10,12.63,43.64,1.46,6.81,4.75,12.63,1.48,2.05,41.66,1.12,2.07,3.0701277,51.0,Satisfactory,2015,11,10,Autumn
Bengaluru,2015-11-11,48.94,118.127106,3.47,8.59,6.93,22.21,1.07,2.62,23.3,3.26,2.23,3.0701277,49.0,Good,2015,11,11,Autumn
Bengaluru,2015-11-12,63.69,118.127106,5.05,8.2,7.38,21.57,1.82,2.27,18.98,1.07,2.66,3.0701277,146.0,Moderate,2015,11,12,Autumn
Bengaluru,2015-11-13,28.22,153.3,5.8,21.5,21.78,27.79,2.09,2.69,34.32,2.08,4.5,3.0701277,61.0,Satisfactory,2015,11,13,Autumn
Bengaluru,2015-11-14,42.42,156.84,7.25,29.94,31.78,21.94,1.56,2.23,31.35,1.82,4.65,3.0701277,130.0,Moderate,2015,11,14,Autumn
Bengaluru,2015-11-15,42.23,59.94,2.83,18.86,16.26,23.483477,1.64,2.16,34.8,1.48,3.94,3.0701277,99.0,Satisfactory,2015,11,15,Autumn
Bengaluru,2015-11-16,16.03,16.77,3.81,18.34,18.74,23.483477,1.61,2.31,35.48,0.87,1.26,3.0701277,91.0,Satisfactory,2015,11,16,Autumn
Bengaluru,2015-11-17,67.45058,8.22,4.89,16.2,20.54,23.483477,1.6,2.49,34.491432,3.2808404,8.700972,3.0701277,116.0,Moderate,2015,11,17,Autumn
Bengaluru,2015-11-18,19.32,16.42,4.57,15.47,18.77,25.0,1.99,2.75,34.491432,3.2808404,1.15,3.0701277,126.0,Moderate,2015,11,18,Autumn
Bengaluru,2015-11-19,21.99,39.86,7.08,16.44,19.51,41.96,1.73,2.95,9.98,1.52,2.38,3.0701277,103.0,Moderate,2015,11,19,Autumn
Bengaluru,2015-11-20,13.89,31.44,6.84,12.14,15.35,23.93,1.72,2.5,4.56,0.74,1.48,3.0701277,74.0,Satisfactory,2015,11,20,Autumn
Bengaluru,2015-11-21,16.06,24.35,4.57,13.13,16.2,21.28,0.94,3.12,34.491432,3.2808404,1.07,3.0701277,66.0,Satisfactory,2015,11,21,Autumn
Bengaluru,2015-11-22,16.97,15.69,3.07,10.57,12.6,13.92,0.83,2.6,34.491432,3.2808404,1.06,3.0701277,61.0,Satisfactory,2015,11,22,Autumn
Bengaluru,2015-11-23,19.66,36.84,6.47,16.37,20.87,24.04,1.35,2.83,4.09,1.18,2.17,3.0701277,75.0,Satisfactory,2015,11,23,Autumn
Bengaluru,2015-11-24,20.35,33.97,7.76,20.64,24.75,26.98,1.36,2.59,7.77,1.02,1.9,3.0701277,85.0,Satisfactory,2015,11,24,Autumn
Bengaluru,2015-11-25,34.39,36.29,8.38,28.8,32.28,32.75,2.48,3.76,14.63,1.32,3.17,3.0701277,141.0,Moderate,2015,11,25,Autumn
Bengaluru,2015-11-26,43.91,43.65,11.74,29.33,32.78,55.4,1.52,3.44,14.8,1.53,3.59,3.0701277,90.0,Satisfactory,2015,11,26,Autumn
Bengaluru,2015-11-27,44.14,112.78,7.05,26.64,27.06,32.33,2.18,4.3,25.57,1.69,3.36,3.0701277,126.0,Moderate,2015,11,27,Autumn
Bengaluru,2015-11-28,44.94,114.34,8.47,28.1,29.37,32.75,2.3,4.7,29.1,1.56,2.38,3.0701277,147.0,Moderate,2015,11,28,Autumn
Bengaluru,2015-11-29,29.35,75.79,5.72,21.21,21.4,19.08,1.55,4.55,29.03,1.01,1.15,3.0701277,87.0,Satisfactory,2015,11,29,Autumn
Bengaluru,2015-11-30,15.34,53.7,8.46,22.22,24.6,21.4,1.13,4.45,8.84,1.11,2.53,3.0701277,56.0,Satisfactory,2015,11,30,Autumn
Bengaluru,2015-12-01,14.18,55.71,12.9,25.86,27.06,21.81,1.63,5.14,9.89,0.97,2.15,3.0701277,88.0,Satisfactory,2015,12,1,Winter
Bengaluru,2015-12-02,13.36,33.82,8.24,24.04,17.46,22.0,1.7,11.07,8.15,0.73,1.66,3.0701277,67.0,Satisfactory,2015,12,2,Winter
Bengaluru,2015-12-03,19.86,72.72,11.73,33.56,26.85,37.08,1.47,8.32,9.51,0.98,2.6,3.0701277,74.0,Satisfactory,2015,12,3,Winter
Bengaluru,2015-12-04,28.35,102.15,13.06,32.95,24.78,52.45,2.03,6.08,21.38,1.0,3.46,3.0701277,105.0,Moderate,2015,12,4,Winter
Bengaluru,2015-12-05,25.04,89.26,9.79,33.02,22.96,51.77,1.72,5.43,26.44,0.77,1.47,3.0701277,103.0,Moderate,2015,12,5,Winter
Bengaluru,2015-12-06,29.12,118.127106,2.8,25.17,13.66,41.62,2.248598,3.1,43.98,0.71,1.17,3.0701277,54.0,Satisfactory,2015,12,6,Winter
Bengaluru,2015-12-07,41.16,85.25,10.04,34.42,23.91,46.07,1.88,5.24,27.26,0.88,1.7,3.0701277,65.0,Satisfactory,2015,12,7,Winter
Bengaluru,2015-12-08,46.33,82.86,17.24,44.41,34.36,45.43,1.81,5.81,19.1,1.01,1.92,3.0701277,102.0,Moderate,2015,12,8,Winter
Bengaluru,2015-12-09,48.01,78.58,16.65,39.78,31.61,46.15,1.84,4.86,6.32,1.16,1.49,3.0701277,94.0,Satisfactory,2015,12,9,Winter
Bengaluru,2015-12-10,35.48,58.04,25.04,35.58,35.53,51.46,1.92,5.27,3.36,0.99,1.46,3.0701277,86.0,Satisfactory,2015,12,10,Winter
Bengaluru,2015-12-11,32.95,79.07,23.41,41.05,36.25,26.38,2.07,5.94,2.3,1.43,1.63,3.0701277,89.0,Satisfactory,2015,12,11,Winter
Bengaluru,2015-12-12,50.19,73.43,18.73,57.62,31.41,20.93,1.78,5.34,2.33,1.29,1.39,3.0701277,99.0,Satisfactory,2015,12,12,Winter
Bengaluru,2015-12-13,34.57,64.09,15.68,42.88,37.39,12.64,1.68,4.79,2.16,0.91,1.07,3.0701277,92.0,Satisfactory,2015,12,13,Winter
Bengaluru,2015-12-14,52.06,56.71,13.51,27.66,21.45,11.98,1.33,4.38,1.87,1.29,1.6,3.0701277,85.0,Satisfactory,2015,12,14,Winter
Bengaluru,2015-12-15,39.67,100.76,5.93,22.28,13.92,14.1,1.44,2.72,1.83,1.18,1.46,3.0701277,83.0,Satisfactory,2015,12,15,Winter
Bengaluru,2015-12-16,50.47,56.41,4.71,37.1,20.85,20.54,1.93,3.65,6.68,1.22,1.47,3.0701277,92.0,Satisfactory,2015,12,16,Winter
Bengaluru,2015-12-17,41.04,62.41,10.15,40.72,26.28,22.39,1.55,5.21,17.03,0.97,1.28,3.0701277,95.0,Satisfactory,2015,12,17,Winter
Bengaluru,2015-12-18,56.62,85.88,24.29,57.36,45.46,29.2,2.67,6.99,17.28,1.61,1.55,3.0701277,103.0,Moderate,2015,12,18,Winter
Bengaluru,2015-12-19,42.57,78.99,20.49,49.4,39.15,21.95,2.08,5.34,17.37,1.43,1.29,3.0701277,105.0,Moderate,2015,12,19,Winter
Bengaluru,2015-12-20,60.44,65.74,17.24,43.97,33.82,26.04,1.44,5.29,20.05,1.17,1.19,3.0701277,97.0,Satisfactory,2015,12,20,Winter
Bengaluru,2015-12-21,48.4,72.52,18.51,53.53,39.72,30.54,1.18,5.5,21.95,1.33,1.35,3.0701277,102.0,Moderate,2015,12,21,Winter
Bengaluru,2015-12-22,49.54,84.48,22.95,65.66,49.45,34.27,1.32,5.61,20.0,1.96,1.69,3.0701277,104.0,Moderate,2015,12,22,Winter
Bengaluru,2015-12-23,49.42,74.68,20.35,55.38,42.2,36.34,1.62,5.47,24.06,1.58,1.24,3.0701277,96.0,Satisfactory,2015,12,23,Winter
Bengaluru,2015-12-24,61.58,81.49,20.86,56.16,42.26,44.44,1.29,5.38,36.04,1.41,1.22,3.0701277,114.0,Moderate,2015,12,24,Winter
Bengaluru,2015-12-25,68.48,81.97,17.96,51.22,37.33,24.77,1.25,5.66,40.78,1.12,2.26,3.0701277,110.0,Moderate,2015,12,25,Winter
Bengaluru,2015-12-26,57.15,63.84,15.88,42.79,31.61,18.88,1.2,5.44,41.39,1.12,1.16,3.0701277,109.0,Moderate,2015,12,26,Winter
Bengaluru,2015-12-27,76.35,76.37,16.45,42.69,31.61,14.76,1.54,5.71,59.62,1.15,0.94,3.0701277,115.0,Moderate,2015,12,27,Winter
Bengaluru,2015-12-28,85.66,83.91,22.68,56.3,42.44,41.98,1.77,6.01,59.5,1.21,1.05,3.0701277,149.0,Moderate,2015,12,28,Winter
Bengaluru,2015-12-29,49.06,73.13,20.76,54.12,40.51,24.83,1.58,6.39,31.55,1.43,1.12,3.0701277,122.0,Moderate,2015,12,29,Winter
Bengaluru,2015-12-30,48.16,74.0,22.45,59.75,44.59,21.42,0.85,6.94,31.0,1.59,1.44,3.0701277,91.0,Satisfactory,2015,12,30,Winter
Bengaluru,2015-12-31,71.06,74.39,20.87,61.97,44.85,26.49,1.49,7.22,36.94,1.53,1.18,3.0701277,131.0,Moderate,2015,12,31,Winter
Bengaluru,2016-01-01,56.4,95.08,13.8,51.73,34.31,14.68,0.69,7.44,55.96,0.91,0.78,3.0701277,101.0,Moderate,2016,1,1,Winter
Bengaluru,2016-01-02,53.69,93.92,26.49,73.09,54.77,16.05,0.76,8.67,34.06,1.88,1.18,3.0701277,92.0,Satisfactory,2016,1,2,Winter
Bengaluru,2016-01-03,62.35,99.34,24.56,77.77,55.6,16.37,0.96,9.1,47.62,2.36,1.14,3.0701277,108.0,Moderate,2016,1,3,Winter
Bengaluru,2016-01-04,64.96,104.62,18.56,77.07,50.81,14.18,0.89,8.87,50.62,1.95,1.33,3.0701277,109.0,Moderate,2016,1,4,Winter
Bengaluru,2016-01-05,70.15,105.12,23.56,79.43,56.05,16.97,0.85,9.41,36.94,1.92,1.26,3.0701277,114.0,Moderate,2016,1,5,Winter
Bengaluru,2016-01-06,68.22,91.74,29.68,68.5,55.38,16.71,0.93,14.23,45.98,1.25,1.11,3.0701277,121.0,Moderate,2016,1,6,Winter
Bengaluru,2016-01-07,68.74,74.3,42.37,53.25,58.6,26.13,0.79,23.65,23.19,27.62,16.12,3.0701277,116.0,Moderate,2016,1,7,Winter
Bengaluru,2016-01-08,67.9,62.77,46.57,51.09,60.65,22.84,0.66,14.17,8.59,1.01,0.5,3.0701277,117.0,Moderate,2016,1,8,Winter
Bengaluru,2016-01-09,79.8,74.11,57.18,64.04,86.73,21.32,0.79,14.65,10.66,2.62,0.55,3.0701277,143.0,Moderate,2016,1,9,Winter
Bengaluru,2016-01-10,76.18,63.19,38.5,46.46,52.1,11.01,0.8,15.02,14.39,2.29,0.55,3.0701277,168.0,Moderate,2016,1,10,Winter
Bengaluru,2016-01-11,61.48,53.24,23.76,39.43,62.48,10.72,0.78,11.53,19.51,1.67,1.35,3.0701277,122.0,Moderate,2016,1,11,Winter
Bengaluru,2016-01-12,73.5,118.127106,9.37,39.55,27.55,12.27,1.3,4.65,21.45,1.76,0.74,3.0701277,122.0,Moderate,2016,1,12,Winter
Bengaluru,2016-01-13,70.78,160.0,11.43,55.91,37.72,12.06,1.02,10.59,24.48,1.56,0.94,3.0701277,146.0,Moderate,2016,1,13,Winter
Bengaluru,2016-01-14,75.01,172.02,16.92,70.58,49.75,19.63,0.84,13.99,22.94,1.56,0.5,3.0701277,152.0,Moderate,2016,1,14,Winter
Bengaluru,2016-01-15,42.84,160.87,11.69,50.76,34.73,23.483477,0.78,17.8,25.71,1.14,0.28,3.0701277,119.0,Moderate,2016,1,15,Winter
Bengaluru,2016-01-16,77.23,235.32,35.73,83.2,94.37,16.11,1.02,15.22,22.72,1.36,0.69,3.0701277,130.0,Moderate,2016,1,16,Winter
Bengaluru,2016-01-17,68.98,149.82,86.51,110.24,147.06,10.83,0.78,14.5,17.73,0.97,0.37,3.0701277,253.0,Poor,2016,1,17,Winter
Bengaluru,2016-01-18,73.89,133.08,95.19,77.38,110.35,16.09,0.97,18.94,20.92,1.05,0.51,3.0701277,219.0,Poor,2016,1,18,Winter
Bengaluru,2016-01-19,75.45,113.92,44.25,72.62,71.08,20.9,0.98,24.0,23.09,0.67,0.54,3.0701277,146.0,Moderate,2016,1,19,Winter
Bengaluru,2016-01-20,78.07,122.54,43.53,45.06,55.6,28.94,0.97,24.02,17.64,0.95,0.68,3.0701277,170.0,Moderate,2016,1,20,Winter
Bengaluru,2016-01-21,53.45,62.27,44.68,34.63,50.76,43.57,0.93,18.54,20.57,0.62,0.52,3.0701277,117.0,Moderate,2016,1,21,Winter
Bengaluru,2016-01-22,63.58,150.78,48.29,41.69,57.18,26.58,1.15,13.94,22.0,0.84,0.42,3.0701277,113.0,Moderate,2016,1,22,Winter
Bengaluru,2016-01-23,57.91,133.63,33.73,29.72,40.25,16.27,1.08,11.77,11.02,0.81,0.34,3.0701277,146.0,Moderate,2016,1,23,Winter
Bengaluru,2016-01-24,41.36,92.58,24.11,35.97,35.05,14.08,0.99,5.66,15.4,0.76,0.31,3.0701277,102.0,Moderate,2016,1,24,Winter
Bengaluru,2016-01-25,51.7,121.42,15.35,51.13,35.03,19.55,1.23,7.78,18.12,0.64,0.84,3.0701277,98.0,Satisfactory,2016,1,25,Winter
Bengaluru,2016-01-26,54.34,108.47,7.72,45.69,28.2,17.79,1.04,8.68,26.95,0.63,0.59,3.0701277,104.0,Moderate,2016,1,26,Winter
Bengaluru,2016-01-27,54.33,76.37,14.67,41.42,32.76,20.6,1.05,8.73,17.6,0.89,0.7,3.0701277,91.0,Satisfactory,2016,1,27,Winter
Bengaluru,2016-01-28,84.84,50.03,20.32,36.42,34.42,53.81,1.16,2.96,17.21,1.38,0.81,3.0701277,118.0,Moderate,2016,1,28,Winter
Bengaluru,2016-01-29,87.02,83.23,7.3,36.39,23.82,22.43,1.12,3.02,26.32,1.45,0.76,3.0701277,175.0,Moderate,2016,1,29,Winter
Bengaluru,2016-01-30,71.42,130.22,8.62,37.09,25.13,20.22,1.21,4.28,23.31,1.02,0.64,3.0701277,149.0,Moderate,2016,1,30,Winter
Bengaluru,2016-01-31,119.16,218.27,15.82,48.59,36.49,33.27,1.32,6.07,23.3,2.02,0.94,3.0701277,183.0,Moderate,2016,1,31,Winter
Bengaluru,2016-02-01,84.45,158.01,15.81,55.88,40.35,30.23,1.85,6.34,17.17,1.16,1.26,3.0701277,184.0,Moderate,2016,2,1,Winter
Bengaluru,2016-02-02,76.8,159.14,17.4,55.92,41.2,27.39,1.39,5.9,15.86,1.84,0.73,3.0701277,156.0,Moderate,2016,2,2,Winter
Bengaluru,2016-02-03,75.57,193.59,13.74,62.78,41.28,23.28,1.9,5.54,25.77,1.72,0.68,3.0701277,153.0,Moderate,2016,2,3,Winter
Bengaluru,2016-02-04,74.6,152.36,10.79,49.76,32.57,22.79,1.6,5.13,28.21,1.67,0.75,3.0701277,141.0,Moderate,2016,2,4,Winter
Bengaluru,2016-02-05,72.11,121.86,9.3,49.34,31.63,21.72,1.37,4.07,31.13,1.4,0.56,3.0701277,139.0,Moderate,2016,2,5,Winter
Bengaluru,2016-02-06,63.42,169.11,5.2,45.84,25.16,19.25,1.81,3.74,32.4,0.8,0.56,3.0701277,154.0,Moderate,2016,2,6,Winter
Bengaluru,2016-02-07,82.78,351.51,4.31,84.52,35.82,19.97,3.28,2.76,37.66,0.89,0.66,3.0701277,199.0,Moderate,2016,2,7,Winter
Bengaluru,2016-02-08,75.98,154.26,3.23,46.99,21.56,18.87,1.59,3.49,31.18,0.6,0.59,3.0701277,182.0,Moderate,2016,2,8,Winter
Bengaluru,2016-02-09,85.33,223.57,6.7,59.41,30.85,20.89,2.19,9.71,35.63,0.88,0.7,3.0701277,175.0,Moderate,2016,2,9,Winter
Bengaluru,2016-02-10,84.32,256.75,5.88,46.66,26.54,20.63,2.2,14.25,49.77,1.36,0.54,3.0701277,191.0,Moderate,2016,2,10,Winter
Bengaluru,2016-02-11,91.95,190.47,5.85,45.44,25.01,17.12,2.06,23.66,58.94,2.4,0.9,3.0701277,203.0,Poor,2016,2,11,Winter
Bengaluru,2016-02-12,83.66,164.48,6.15,49.77,26.13,19.85,1.7,5.25,67.3,1.67,0.76,3.0701277,154.0,Moderate,2016,2,12,Winter
Bengaluru,2016-02-13,85.96,146.45,8.34,56.54,33.17,17.34,1.69,4.73,63.27,1.21,0.56,3.0701277,160.0,Moderate,2016,2,13,Winter
Bengaluru,2016-02-14,62.08,113.87,20.4,43.41,39.5,15.09,1.46,3.14,57.1,1.47,0.34,3.0701277,136.0,Moderate,2016,2,14,Winter
Bengaluru,2016-02-15,56.57,100.3,10.84,35.08,33.68,40.86,1.73,4.27,37.83,1.19,0.41,3.0701277,107.0,Moderate,2016,2,15,Winter
Bengaluru,2016-02-16,42.58,108.68,9.51,23.5,19.24,27.19,1.51,3.45,31.32,0.68,0.37,3.0701277,88.0,Satisfactory,2016,2,16,Winter
Bengaluru,2016-02-17,49.6,145.32,9.96,24.34,19.72,24.05,1.66,4.46,25.02,0.94,0.34,3.0701277,105.0,Moderate,2016,2,17,Winter
Bengaluru,2016-02-18,54.56,138.17,10.56,19.86,17.74,23.483477,1.51,4.12,29.33,0.74,0.26,3.0701277,111.0,Moderate,2016,2,18,Winter
Bengaluru,2016-02-19,44.26,146.23,10.47,26.16,20.93,25.75,1.51,3.9,42.53,1.22,0.35,3.0701277,117.0,Moderate,2016,2,19,Winter
Bengaluru,2016-02-20,53.12,116.89,9.46,30.94,22.89,29.92,1.47,3.2,36.37,0.98,0.46,3.0701277,113.0,Moderate,2016,2,20,Winter
Bengaluru,2016-02-21,57.32,107.54,10.18,34.98,25.44,29.87,1.45,2.88,49.63,1.16,0.5,3.0701277,115.0,Moderate,2016,2,21,Winter
Bengaluru,2016-02-22,90.07,127.67,7.72,32.23,22.31,29.34,1.57,3.26,38.32,1.01,0.45,3.0701277,145.0,Moderate,2016,2,22,Winter
Bengaluru,2016-02-23,134.69,142.12,4.88,32.14,20.48,30.6,1.12,2.99,42.23,1.08,0.47,3.0701277,177.0,Moderate,2016,2,23,Winter
Bengaluru,2016-02-24,110.05,100.07,11.92,38.67,25.42,28.79,0.94,4.85,59.43,0.89,0.58,3.0701277,198.0,Moderate,2016,2,24,Winter
Bengaluru,2016-02-25,66.98,100.6,9.08,37.3,25.34,27.07,0.73,6.91,64.9,0.89,0.54,3.0701277,165.0,Moderate,2016,2,25,Winter
Bengaluru,2016-02-26,51.96,102.39,10.53,28.51,22.43,24.1,0.94,5.29,37.26,0.51,0.48,3.0701277,124.0,Moderate,2016,2,26,Winter
Bengaluru,2016-02-27,36.28,98.29,12.77,41.88,27.18,5.47,0.81,3.09,30.33,0.45,0.2,3.0701277,88.0,Satisfactory,2016,2,27,Winter
Bengaluru,2016-02-28,35.63,115.9,12.59,47.36,24.09,4.09,0.79,3.52,29.08,0.67,0.27,3.0701277,88.0,Satisfactory,2016,2,28,Winter
Bengaluru,2016-02-29,41.64,144.04,11.73,30.64,23.56,3.83,1.01,3.16,39.28,0.74,0.3,3.0701277,105.0,Moderate,2016,2,29,Winter
Bengaluru,2016-03-01,39.21,154.64,42.33,42.55,51.48,13.53,0.84,3.5,37.68,0.81,0.28,3.0701277,118.0,Moderate,2016,3,1,Spring
Bengaluru,2016-03-02,42.17,134.78,19.36,33.44,29.43,22.47,0.56,2.24,31.99,0.87,0.32,3.0701277,132.0,Moderate,2016,3,2,Spring
Bengaluru,2016-03-03,54.91,148.57,6.3,31.09,18.25,22.73,0.58,1.91,49.42,0.87,0.47,3.0701277,121.0,Moderate,2016,3,3,Spring
Bengaluru,2016-03-04,54.04,137.04,9.52,38.09,25.03,21.95,0.62,2.45,42.21,1.02,0.49,3.0701277,136.0,Moderate,2016,3,4,Spring
Bengaluru,2016-03-05,55.72,132.73,5.47,31.96,18.66,23.49,1.68,2.36,38.54,0.94,0.37,3.0701277,153.0,Moderate,2016,3,5,Spring
Bengaluru,2016-03-06,45.98,120.86,3.63,22.73,12.1,23.84,0.77,2.12,49.65,0.62,0.32,3.0701277,135.0,Moderate,2016,3,6,Spring
Bengaluru,2016-03-07,43.69,120.32,4.16,24.23,13.82,23.77,0.58,2.05,45.07,0.63,0.35,3.0701277,111.0,Moderate,2016,3,7,Spring
Bengaluru,2016-03-08,44.74,122.4,10.23,41.83,24.9,23.93,1.41,2.82,49.67,0.92,0.43,3.0701277,135.0,Moderate,2016,3,8,Spring
Bengaluru,2016-03-09,51.06,150.19,10.44,47.14,30.04,33.25,0.97,4.02,38.62,0.94,0.46,3.0701277,123.0,Moderate,2016,3,9,Spring
Bengaluru,2016-03-10,53.1,161.1,13.13,43.2,34.09,31.23,1.51,3.14,35.52,0.96,0.55,3.0701277,146.0,Moderate,2016,3,10,Spring
Bengaluru,2016-03-11,60.7,173.24,13.82,36.11,33.16,33.7,1.03,3.61,40.0,4.06,1.47,3.0701277,155.0,Moderate,2016,3,11,Spring
Bengaluru,2016-03-12,59.53,163.88,7.19,26.64,19.89,26.04,0.86,3.0,58.17,2.83,1.59,3.0701277,144.0,Moderate,2016,3,12,Spring
Bengaluru,2016-03-13,64.29,144.67,5.68,21.86,14.6,21.27,0.57,2.75,68.09,1.8,1.2,3.0701277,149.0,Moderate,2016,3,13,Spring
Bengaluru,2016-03-14,67.65,148.74,6.95,33.09,20.19,23.37,0.79,2.95,77.42,1.67,1.76,3.0701277,158.0,Moderate,2016,3,14,Spring
Bengaluru,2016-03-15,68.48,144.33,15.88,36.46,25.68,24.7,1.28,2.93,47.78,1.68,1.25,3.0701277,175.0,Moderate,2016,3,15,Spring
Bengaluru,2016-03-16,76.33,144.2,11.08,39.12,26.5,36.52,1.19,2.85,98.66,3.0,2.51,3.0701277,139.0,Moderate,2016,3,16,Spring
Bengaluru,2016-03-17,72.22,151.36,11.89,25.76,18.7,29.15,0.89,3.24,39.82,1.41,1.65,3.0701277,145.0,Moderate,2016,3,17,Spring
Bengaluru,2016-03-18,60.58,194.0,7.91,18.32,15.69,26.55,0.96,2.89,35.81,1.49,1.3,3.0701277,151.0,Moderate,2016,3,18,Spring
Bengaluru,2016-03-19,98.29,206.35,10.49,32.29,24.48,29.65,1.22,2.53,33.32,2.42,1.62,3.0701277,158.0,Moderate,2016,3,19,Spring
Bengaluru,2016-03-20,239.54,189.8,3.12,14.6,9.98,27.35,1.2,1.57,34.491432,3.2808404,1.28,3.0701277,253.0,Poor,2016,3,20,Spring
Bengaluru,2016-03-21,121.43,164.52,8.95,59.53,35.01,32.86,0.91,2.47,56.77,1.91,3.13,3.0701277,264.0,Poor,2016,3,21,Spring
Bengaluru,2016-03-22,66.36,190.04,9.51,62.46,37.08,32.7,0.98,3.93,43.14,1.74,2.25,3.0701277,155.0,Moderate,2016,3,22,Spring
Bengaluru,2016-03-23,29.73,186.28,10.09,46.26,35.81,29.53,0.52,2.38,49.68,1.11,1.05,3.0701277,137.0,Moderate,2016,3,23,Spring
Bengaluru,2016-03-24,34.49,180.42,7.52,34.43,22.68,24.5,0.92,3.92,46.87,1.19,1.06,3.0701277,119.0,Moderate,2016,3,24,Spring
Bengaluru,2016-03-25,32.59,183.03,4.59,28.33,14.13,22.9,0.9,3.22,55.02,1.85,1.27,3.0701277,137.0,Moderate,2016,3,25,Spring
Bengaluru,2016-03-26,56.05,165.97,6.3,29.32,19.1,32.86,2.11,5.56,57.03,2.72,3.04,3.0701277,149.0,Moderate,2016,3,26,Spring
Bengaluru,2016-03-27,63.5,175.45,4.97,30.19,18.63,42.56,0.82,5.39,89.88,2.36,2.12,3.0701277,156.0,Moderate,2016,3,27,Spring
Bengaluru,2016-03-28,57.92,157.8,6.37,35.15,22.21,50.0,0.86,6.06,48.81,1.95,1.18,3.0701277,123.0,Moderate,2016,3,28,Spring
Bengaluru,2016-03-29,48.28,162.1,5.17,23.54,15.33,24.05,0.87,3.42,40.43,1.49,1.17,3.0701277,118.0,Moderate,2016,3,29,Spring
Bengaluru,2016-03-30,42.65,142.17,5.45,25.51,16.91,22.67,0.86,4.7,35.06,1.53,1.93,3.0701277,107.0,Moderate,2016,3,30,Spring
Bengaluru,2016-03-31,50.78,156.52,5.35,32.46,21.42,23.75,0.82,3.72,44.42,1.85,1.42,3.0701277,111.0,Moderate,2016,3,31,Spring
Bengaluru,2016-04-01,49.33,150.05,7.72,35.55,24.09,23.19,0.87,4.51,38.74,2.17,1.61,3.0701277,106.0,Moderate,2016,4,1,Spring
Bengaluru,2016-04-02,51.78,159.41,10.62,36.29,25.48,29.64,0.62,2.51,34.73,3.16,2.03,3.0701277,112.0,Moderate,2016,4,2,Spring
Bengaluru,2016-04-03,53.54,157.92,8.11,26.49,18.69,19.18,1.0,2.97,34.38,3.58,1.85,3.0701277,110.0,Moderate,2016,4,3,Spring
Bengaluru,2016-04-04,54.8,165.25,12.49,39.97,28.58,45.69,0.85,4.65,26.66,4.25,2.3,3.0701277,114.0,Moderate,2016,4,4,Spring
Bengaluru,2016-04-05,49.84,215.52,19.66,50.15,45.68,22.62,1.11,4.27,29.98,3.43,2.08,3.0701277,118.0,Moderate,2016,4,5,Spring
Bengaluru,2016-04-06,63.16,254.77,7.65,52.29,24.61,28.88,1.18,3.67,43.57,2.12,1.84,3.0701277,154.0,Moderate,2016,4,6,Spring
Bengaluru,2016-04-07,46.24,208.97,3.14,17.79,10.68,23.17,1.19,3.17,67.46,3.08,1.81,3.0701277,179.0,Moderate,2016,4,7,Spring
Bengaluru,2016-04-08,34.18,318.02,3.97,17.37,11.52,19.5,1.03,2.2,58.76,1.56,0.9,3.0701277,102.0,Moderate,2016,4,8,Spring
Bengaluru,2016-04-09,33.01,152.78,27.61,38.54,32.63,18.87,1.13,3.61,53.57,1.42,0.94,3.0701277,170.0,Moderate,2016,4,9,Spring
Bengaluru,2016-04-10,31.3,144.68,4.2,19.45,13.01,16.4,1.03,2.75,62.4,1.34,0.99,3.0701277,112.0,Moderate,2016,4,10,Spring
Bengaluru,2016-04-11,31.68,159.23,4.37,19.05,12.52,20.63,1.86,2.87,58.82,1.78,1.32,3.0701277,138.0,Moderate,2016,4,11,Spring
Bengaluru,2016-04-12,36.98,177.82,3.86,14.71,9.61,17.27,1.25,3.1,74.34,2.44,1.9,3.0701277,121.0,Moderate,2016,4,12,Spring
Bengaluru,2016-04-13,36.88,159.45,16.58,30.43,26.02,30.91,0.81,5.44,60.73,1.39,1.14,3.0701277,118.0,Moderate,2016,4,13,Spring
Bengaluru,2016-04-14,35.46,224.24,9.73,31.64,23.58,25.67,1.08,3.19,109.97,0.98,1.14,3.0701277,171.0,Moderate,2016,4,14,Spring
Bengaluru,2016-04-15,35.31,196.65,6.29,18.99,14.15,26.03,1.07,3.9,76.46,1.74,1.19,3.0701277,156.0,Moderate,2016,4,15,Spring
Bengaluru,2016-04-16,34.85,171.26,4.84,10.08,8.09,26.81,1.02,3.06,67.25,1.09,1.14,3.0701277,140.0,Moderate,2016,4,16,Spring
Bengaluru,2016-04-17,36.9,145.98,3.37,9.89,7.11,24.31,0.78,2.36,77.75,2.29,1.41,3.0701277,114.0,Moderate,2016,4,17,Spring
Bengaluru,2016-04-18,38.81,158.75,5.65,16.09,11.74,25.84,1.37,2.74,49.33,3.09,2.52,3.0701277,138.0,Moderate,2016,4,18,Spring
Bengaluru,2016-04-19,34.65,134.47,4.35,12.86,9.5,25.01,1.87,2.71,50.77,2.86,2.91,3.0701277,137.0,Moderate,2016,4,19,Spring
Bengaluru,2016-04-20,31.89,160.06,4.69,19.53,10.82,25.6,1.65,3.82,62.54,6.46,4.3,3.0701277,134.0,Moderate,2016,4,20,Spring
Bengaluru,2016-04-21,33.61,168.98,5.82,13.97,11.33,22.65,0.64,6.92,65.97,9.52,6.04,3.0701277,119.0,Moderate,2016,4,21,Spring
Bengaluru,2016-04-22,34.83,130.54,6.28,10.21,9.96,26.41,0.94,4.09,48.47,9.6,5.93,3.0701277,98.0,Satisfactory,2016,4,22,Spring
Bengaluru,2016-04-23,39.01,107.52,9.13,19.84,18.09,27.43,0.98,3.9,49.78,14.91,7.88,3.0701277,107.0,Moderate,2016,4,23,Spring
Bengaluru,2016-04-24,39.53,92.73,7.26,19.55,15.68,20.86,2.09,4.16,47.44,16.39,8.95,3.0701277,150.0,Moderate,2016,4,24,Spring
Bengaluru,2016-04-25,37.17,103.22,6.77,16.25,13.99,25.49,0.71,3.39,47.77,5.19,4.95,3.0701277,94.0,Satisfactory,2016,4,25,Spring
Bengaluru,2016-04-26,39.88,68.46,7.67,21.35,16.08,24.94,0.72,3.74,56.94,11.29,6.26,3.0701277,85.0,Satisfactory,2016,4,26,Spring
Bengaluru,2016-04-27,32.59,56.09,5.91,22.96,15.81,19.65,1.53,5.23,43.48,3.72,3.43,3.0701277,115.0,Moderate,2016,4,27,Spring
Bengaluru,2016-04-28,47.42,54.05,20.84,22.55,33.44,18.06,0.6,5.65,39.29,7.21,11.94,3.0701277,74.0,Satisfactory,2016,4,28,Spring
Bengaluru,2016-04-29,48.78,58.28,5.64,23.05,16.42,17.12,0.67,4.34,47.83,8.11,5.52,3.0701277,88.0,Satisfactory,2016,4,29,Spring
Bengaluru,2016-04-30,46.6,59.08,9.97,20.19,21.66,17.48,0.82,4.12,53.75,5.29,3.32,3.0701277,86.0,Satisfactory,2016,4,30,Spring
Bengaluru,2016-05-01,35.86,63.4,4.47,23.12,15.99,16.11,0.49,4.17,74.38,5.35,4.4,3.0701277,87.0,Satisfactory,2016,5,1,Spring
Bengaluru,2016-05-02,39.87,63.61,8.72,28.17,18.17,19.71,0.62,5.62,68.49,5.57,4.86,3.0701277,99.0,Satisfactory,2016,5,2,Spring
Bengaluru,2016-05-03,40.79,63.42,6.61,43.48,25.98,20.1,0.6,4.37,46.14,4.44,7.41,3.0701277,80.0,Satisfactory,2016,5,3,Spring
Bengaluru,2016-05-04,57.96,56.57,4.08,32.02,18.21,16.71,0.55,4.58,45.77,3.68,5.24,3.0701277,102.0,Moderate,2016,5,4,Spring
Bengaluru,2016-05-05,46.0,58.14,13.5,34.28,24.08,17.66,0.66,7.17,40.96,6.79,6.71,3.0701277,76.0,Satisfactory,2016,5,5,Spring
Bengaluru,2016-05-06,23.99,35.12,2.85,19.03,11.43,16.79,1.15,4.1,95.21,1.74,2.88,3.0701277,59.0,Satisfactory,2016,5,6,Spring
Bengaluru,2016-05-07,27.21,44.02,26.89,34.02,34.92,17.82,0.69,3.15,53.32,2.45,5.18,3.0701277,67.0,Satisfactory,2016,5,7,Spring
Bengaluru,2016-05-08,26.43,42.02,69.97,75.84,64.74,16.68,0.6,2.89,52.09,1.77,4.01,3.0701277,107.0,Moderate,2016,5,8,Spring
Bengaluru,2016-05-09,20.46,34.82,6.44,26.1,15.86,16.5,0.6,3.66,58.13,3.77,5.69,3.0701277,95.0,Satisfactory,2016,5,9,Spring
Bengaluru,2016-05-10,32.5,230.2,5.74,20.91,14.43,16.75,0.99,4.01,50.62,2.74,6.69,3.0701277,72.0,Satisfactory,2016,5,10,Spring
Bengaluru,2016-05-11,57.81,50.58,4.39,12.56,8.77,16.13,0.88,3.11,45.59,2.98,6.78,3.0701277,91.0,Satisfactory,2016,5,11,Spring
Bengaluru,2016-05-12,31.19,54.8,7.37,14.44,13.47,19.08,0.67,3.77,54.95,2.79,7.96,3.0701277,88.0,Satisfactory,2016,5,12,Spring
Bengaluru,2016-05-13,34.06,45.82,5.54,10.89,8.46,23.06,0.72,4.08,70.86,3.24,5.73,3.0701277,86.0,Satisfactory,2016,5,13,Spring
Bengaluru,2016-05-14,33.05,52.87,22.08,31.46,28.58,23.483477,0.61,2.78,53.86,3.5,5.65,3.0701277,78.0,Satisfactory,2016,5,14,Spring
Bengaluru,2016-05-15,28.39,46.27,4.27,11.86,9.25,23.483477,0.46,2.94,41.46,2.06,3.53,3.0701277,65.0,Satisfactory,2016,5,15,Spring
Bengaluru,2016-05-16,27.01,39.39,6.67,18.35,15.54,19.96,0.91,4.16,22.93,3.3,3.76,3.0701277,50.0,Good,2016,5,16,Spring
Bengaluru,2016-05-17,36.67,42.55,5.28,21.65,15.22,11.28,0.61,3.71,20.18,2.48,4.97,3.0701277,74.0,Satisfactory,2016,5,17,Spring
Bengaluru,2016-05-18,27.51,41.15,11.01,23.46,20.58,36.19,0.47,5.04,20.14,2.43,7.06,3.0701277,47.0,Good,2016,5,18,Spring
Bengaluru,2016-05-19,28.47,29.97,2.66,5.53,4.62,7.22,0.56,4.42,32.59,1.54,2.92,3.0701277,46.0,Good,2016,5,19,Spring
Bengaluru,2016-05-20,22.27,33.48,2.09,10.54,6.35,7.84,0.52,3.81,30.79,1.32,3.34,3.0701277,48.0,Good,2016,5,20,Spring
Bengaluru,2016-05-21,42.52,41.96,1.96,8.91,5.78,8.66,0.42,4.46,29.76,1.35,3.81,3.0701277,35.0,Good,2016,5,21,Spring
Bengaluru,2016-05-22,152.94,43.16,1.41,9.86,5.87,9.56,1.08,3.36,27.96,1.99,12.03,3.0701277,83.0,Satisfactory,2016,5,22,Spring
Bengaluru,2016-05-23,28.65,52.72,1.84,11.01,6.74,9.71,0.78,3.91,32.6,2.03,5.53,3.0701277,173.0,Moderate,2016,5,23,Spring
Bengaluru,2016-05-24,25.75,40.98,1.55,6.83,4.57,10.37,0.42,4.91,31.86,1.28,3.75,3.0701277,50.0,Good,2016,5,24,Spring
Bengaluru,2016-05-25,67.45058,32.45,2.12,8.52,5.85,24.05,0.43,5.53,34.491432,3.2808404,1.29,3.0701277,37.0,Good,2016,5,25,Spring
Bengaluru,2016-05-26,67.45058,34.84,1.87,8.02,5.43,21.54,0.49,7.0,34.491432,3.2808404,1.23,3.0701277,33.0,Good,2016,5,26,Spring
Bengaluru,2016-05-27,67.45058,39.88,1.78,7.12,4.86,21.52,0.43,5.81,34.491432,3.2808404,1.14,3.0701277,38.0,Good,2016,5,27,Spring
Bengaluru,2016-05-28,67.45058,36.26,1.82,7.81,5.28,21.36,0.43,4.2,34.491432,3.2808404,1.15,3.0701277,38.0,Good,2016,5,28,Spring
Bengaluru,2016-05-29,67.45058,19.21,1.69,7.3,4.9,17.98,0.49,2.55,34.491432,3.2808404,1.19,3.0701277,27.0,Good,2016,5,29,Spring
Bengaluru,2016-05-30,35.98,29.59,3.03,14.57,9.75,30.8,0.76,4.5,34.491432,3.2808404,1.93,3.0701277,26.0,Good,2016,5,30,Spring
Bengaluru,2016-05-31,27.6,32.09,5.0,25.1,16.73,56.94,0.65,4.83,34.491432,3.2808404,1.64,3.0701277,47.0,Good,2016,5,31,Spring
Bengaluru,2016-06-01,17.15,26.07,4.41,31.6,19.55,75.14,0.4,4.74,34.491432,3.2808404,1.58,3.0701277,49.0,Good,2016,6,1,Summer
Bengaluru,2016-06-02,17.71,21.58,3.79,18.64,12.31,29.71,0.43,2.68,34.491432,3.2808404,1.14,3.0701277,43.0,Good,2016,6,2,Summer
Bengaluru,2016-06-03,67.45058,33.69,2.59,10.15,6.67,23.483477,0.39,1.9,34.491432,3.2808404,8.700972,3.0701277,29.0,Good,2016,6,3,Summer
Bengaluru,2016-06-04,67.45058,28.67,2.41,10.81,6.86,23.483477,0.41,2.15,34.491432,3.2808404,8.700972,3.0701277,30.0,Good,2016,6,4,Summer
Bengaluru,2016-06-05,67.45058,32.38,2.18,9.08,5.85,23.483477,0.36,2.18,34.491432,3.2808404,8.700972,3.0701277,33.0,Good,2016,6,5,Summer
Bengaluru,2016-06-06,67.45058,21.86,2.14,8.56,5.56,23.483477,0.33,1.82,34.491432,3.2808404,8.700972,3.0701277,26.0,Good,2016,6,6,Summer
Bengaluru,2016-06-07,67.45058,20.31,2.6,11.68,7.43,23.483477,0.36,1.69,34.491432,3.2808404,8.700972,3.0701277,23.0,Good,2016,6,7,Summer
Bengaluru,2016-06-08,67.45058,19.38,2.25,9.28,5.99,23.483477,0.34,2.24,34.491432,3.2808404,8.700972,3.0701277,20.0,Good,2016,6,8,Summer
Bengaluru,2016-06-09,67.45058,20.5,2.23,9.93,6.3,23.483477,0.38,2.14,34.491432,3.2808404,8.700972,3.0701277,166.46358,Moderate,2016,6,9,Summer
Bengaluru,2016-06-10,67.45058,19.97,2.3,10.05,6.41,23.483477,0.37,2.28,34.491432,3.2808404,8.700972,3.0701277,20.0,Good,2016,6,10,Summer
Bengaluru,2016-06-11,67.45058,21.74,2.11,10.14,6.31,23.483477,0.35,2.17,34.491432,3.2808404,8.700972,3.0701277,20.0,Good,2016,6,11,Summer
Bengaluru,2016-06-12,67.45058,24.12,2.01,8.84,5.6,23.483477,0.34,1.99,34.491432,3.2808404,8.700972,3.0701277,23.0,Good,2016,6,12,Summer
Bengaluru,2016-06-13,67.45058,23.79,2.28,9.8,6.27,23.483477,0.34,2.16,34.491432,3.2808404,8.700972,3.0701277,26.0,Good,2016,6,13,Summer
Bengaluru,2016-06-14,67.45058,23.6,2.62,12.82,7.99,23.483477,0.41,2.02,34.491432,3.2808404,8.700972,3.0701277,23.0,Good,2016,6,14,Summer
Bengaluru,2016-06-15,67.45058,38.42,2.47,14.43,8.67,23.483477,0.4,2.09,34.491432,3.2808404,8.700972,3.0701277,26.0,Good,2016,6,15,Summer
Bengaluru,2016-06-16,67.45058,27.07,2.27,10.93,6.81,23.483477,0.34,2.0,34.491432,3.2808404,8.700972,3.0701277,40.0,Good,2016,6,16,Summer
Bengaluru,2016-06-17,33.9,48.51,5.99,18.94,14.16,38.77,0.97,3.39,14.93,1.75,9.06,3.0701277,28.0,Good,2016,6,17,Summer
Bengaluru,2016-06-18,31.98,80.7,7.93,20.46,17.06,34.41,3.8,4.05,9.69,1.59,4.16,3.0701277,156.0,Moderate,2016,6,18,Summer
Bengaluru,2016-06-19,26.77,105.43,6.42,15.29,10.44,31.78,4.02,4.64,11.99,1.01,2.51,3.0701277,195.0,Moderate,2016,6,19,Summer
Bengaluru,2016-06-20,27.61,72.63,9.28,21.69,16.62,37.12,2.12,4.5,10.92,1.16,1.58,3.0701277,137.0,Moderate,2016,6,20,Summer
Bengaluru,2016-06-21,28.24,194.62,6.57,15.81,14.49,36.79,0.47,7.48,34.491432,3.2808404,0.4,3.0701277,71.0,Satisfactory,2016,6,21,Summer
Bengaluru,2016-06-22,29.83,23.86,5.48,17.61,12.97,32.55,0.33,1.79,31.87,1.57,2.94,3.0701277,77.0,Satisfactory,2016,6,22,Summer
Bengaluru,2016-06-23,19.0,15.46,3.39,16.91,9.84,32.35,1.61,1.9,53.33,1.11,2.73,3.0701277,143.0,Moderate,2016,6,23,Summer
Bengaluru,2016-06-24,15.04,23.51,3.91,17.15,9.58,30.59,5.43,1.73,65.62,0.95,1.96,3.0701277,181.0,Moderate,2016,6,24,Summer
Bengaluru,2016-06-25,67.45058,118.127106,17.57473,28.56066,32.309124,23.483477,2.248598,14.531978,34.491432,3.2808404,8.700972,3.0701277,31.0,Good,2016,6,25,Summer
Bengaluru,2016-06-26,67.45058,118.127106,17.57473,28.56066,32.309124,23.483477,2.248598,14.531978,34.491432,3.2808404,8.700972,3.0701277,166.46358,Moderate,2016,6,26,Summer
Bengaluru,2016-06-27,16.54,48.92,9.12,26.15,19.61,43.21,3.02,2.1,45.27,1.27,2.65,3.0701277,33.0,Good,2016,6,27,Summer
Bengaluru,2016-06-28,27.23,34.13,8.54,23.71,21.32,45.56,3.63,1.87,38.45,1.08,2.2,3.0701277,151.0,Moderate,2016,6,28,Summer
Bengaluru,2016-06-29,115.98,17.1,8.59,24.19,19.33,44.18,2.48,1.58,39.09,0.97,2.58,3.0701277,174.0,Moderate,2016,6,29,Summer
Bengaluru,2016-06-30,13.95,48.92,7.33,20.42,16.49,37.66,3.55,1.86,39.53,0.95,1.91,3.0701277,154.0,Moderate,2016,6,30,Summer
Bengaluru,2016-07-01,25.0,35.36,5.42,19.59,17.99,41.94,5.62,1.26,44.86,0.87,1.8,3.0701277,208.0,Poor,2016,7,1,Summer
Bengaluru,2016-07-02,31.8,9.93,3.27,15.96,10.19,35.09,6.28,1.1,51.84,0.79,2.05,3.0701277,192.0,Moderate,2016,7,2,Summer
Bengaluru,2016-07-03,17.36,30.52,10.96,20.82,16.04,29.15,7.87,1.54,42.29,0.77,2.03,3.0701277,238.0,Poor,2016,7,3,Summer
Bengaluru,2016-07-04,19.4,112.27,12.8,23.11,19.0,32.37,4.04,1.86,33.37,1.07,2.26,3.0701277,160.0,Moderate,2016,7,4,Summer
Bengaluru,2016-07-05,18.36,57.25,10.01,19.9,17.76,31.94,2.27,2.18,35.67,0.53,0.53,3.0701277,83.0,Satisfactory,2016,7,5,Summer
Bengaluru,2016-07-06,17.26,42.66,6.0,13.18,13.25,32.42,0.42,1.77,34.491432,3.2808404,0.31,3.0701277,56.0,Satisfactory,2016,7,6,Summer
Bengaluru,2016-07-07,15.02,33.56,3.18,13.05,11.82,35.53,1.28,2.96,34.491432,3.2808404,2.09,3.0701277,141.0,Moderate,2016,7,7,Summer
Bengaluru,2016-07-08,67.45058,49.66,8.12,18.6,16.82,28.85,0.57,5.22,34.491432,3.2808404,0.32,3.0701277,43.0,Good,2016,7,8,Summer
Bengaluru,2016-07-09,67.45058,51.22,7.27,15.69,14.37,28.08,0.46,4.04,34.491432,3.2808404,0.31,3.0701277,65.0,Satisfactory,2016,7,9,Summer
Bengaluru,2016-07-10,8.98,27.9,3.12,8.98,9.0,25.57,0.38,2.23,34.491432,3.2808404,0.34,3.0701277,30.0,Good,2016,7,10,Summer
Bengaluru,2016-07-11,67.45058,51.32,3.64,13.36,10.15,24.14,0.53,3.13,34.491432,3.2808404,0.27,3.0701277,40.0,Good,2016,7,11,Summer
Bengaluru,2016-07-12,67.45058,41.88,3.17,11.15,8.45,17.58,1.51,3.46,34.491432,3.2808404,9.14,3.0701277,54.0,Satisfactory,2016,7,12,Summer
Bengaluru,2016-07-13,67.45058,40.21,3.27,7.84,5.83,14.47,0.55,1.94,34.491432,3.2808404,8.700972,3.0701277,41.0,Good,2016,7,13,Summer
Bengaluru,2016-07-14,67.45058,52.13,6.23,14.43,11.43,18.34,0.61,2.89,34.491432,3.2808404,8.700972,3.0701277,42.0,Good,2016,7,14,Summer
Bengaluru,2016-07-15,67.45058,39.43,9.54,23.36,17.74,15.33,1.48,2.96,34.491432,3.2808404,38.52,3.0701277,54.0,Satisfactory,2016,7,15,Summer
Bengaluru,2016-07-16,67.45058,33.87,13.06,33.33,25.12,23.483477,0.69,2.8,34.491432,3.2808404,8.700972,3.0701277,61.0,Satisfactory,2016,7,16,Summer
Bengaluru,2016-07-17,67.45058,42.24,10.92,20.74,17.38,12.73,0.74,1.84,34.491432,3.2808404,0.0,3.0701277,70.0,Satisfactory,2016,7,17,Summer
Bengaluru,2016-07-18,218.17,30.53,5.39,10.49,8.64,15.8,2.63,3.62,34.491432,3.2808404,15.69,3.0701277,62.0,Satisfactory,2016,7,18,Summer
Bengaluru,2016-07-20,25.56,29.45,5.78,12.58,10.7,14.64,0.46,4.45,31.06,2.88,5.47,3.0701277,166.46358,Moderate,2016,7,20,Summer
Bengaluru,2016-07-21,26.7,21.82,30.59,56.7,44.21,11.35,0.48,2.77,34.491432,3.2808404,8.700972,3.0701277,166.46358,Moderate,2016,7,21,Summer
Bengaluru,2016-07-22,20.15,77.75,19.25,39.62,31.59,17.94,0.75,2.87,34.491432,3.2808404,8.700972,3.0701277,166.46358,Moderate,2016,7,22,Summer
Bengaluru,2016-07-23,67.45058,56.61,11.65,20.88,17.82,23.483477,0.51,2.31,34.491432,3.2808404,8.700972,3.0701277,82.0,Satisfactory,2016,7,23,Summer
Bengaluru,2016-07-24,12.42,118.127106,6.1,5.22,8.97,8.41,5.23,0.87,34.491432,3.2808404,5.23,3.0701277,166.46358,Moderate,2016,7,24,Summer
Bengaluru,2016-07-25,11.01,112.53,11.53,29.17,20.7,8.36,0.64,2.96,43.27,2.13,5.82,3.0701277,166.46358,Moderate,2016,7,25,Summer
Bengaluru,2016-07-26,32.56,118.127106,4.66,4.44,7.48,10.29,1.01,1.39,34.491432,3.2808404,1.01,3.0701277,166.46358,Moderate,2016,7,26,Summer
Bengaluru,2016-07-27,22.79,118.127106,6.29,3.0,7.66,15.69,2.248598,4.7,34.491432,3.2808404,8.700972,3.0701277,36.0,Good,2016,7,27,Summer
Bengaluru,2016-07-28,17.0,97.59,10.12,10.29,12.98,15.8,0.91,1.58,34.491432,3.2808404,8.700972,3.0701277,36.0,Good,2016,7,28,Summer
Bengaluru,2016-07-29,22.19,46.72,11.37,16.14,15.42,10.82,0.53,1.06,34.491432,3.2808404,8.700972,3.0701277,55.0,Satisfactory,2016,7,29,Summer
Bengaluru,2016-07-30,8.74,62.96,9.58,10.3,11.75,13.48,0.47,1.28,34.491432,3.2808404,8.700972,3.0701277,58.0,Satisfactory,2016,7,30,Summer
Bengaluru,2016-07-31,18.9,138.45,24.37,30.71,28.43,21.24,0.83,1.86,34.491432,3.2808404,8.700972,3.0701277,37.0,Good,2016,7,31,Summer
Bengaluru,2016-08-01,17.54,69.17,39.37,30.36,20.54,2.09,0.58,2.44,34.491432,3.2808404,8.700972,3.0701277,72.0,Satisfactory,2016,8,1,Summer
Bengaluru,2016-08-02,20.06,95.02,6.15,9.27,10.25,0.15,0.69,1.53,34.491432,3.2808404,8.700972,3.0701277,33.0,Good,2016,8,2,Summer
Bengaluru,2016-08-03,19.91,77.41,8.17,18.42,14.77,0.68,0.63,1.63,34.491432,3.2808404,8.700972,3.0701277,53.0,Satisfactory,2016,8,3,Summer
Bengaluru,2016-08-04,14.66,51.42,6.68,17.36,13.59,0.33,0.45,1.52,34.491432,3.2808404,8.700972,3.0701277,64.0,Satisfactory,2016,8,4,Summer
Bengaluru,2016-08-05,67.45058,34.42,3.89,12.5,8.79,23.483477,0.61,2.85,34.491432,3.2808404,8.700972,3.0701277,166.46358,Moderate,2016,8,5,Summer
Bengaluru,2016-08-06,67.45058,118.127106,17.57473,28.56066,15.91,23.483477,0.0,14.531978,34.491432,3.2808404,8.700972,3.0701277,166.46358,Moderate,2016,8,6,Summer
Bengaluru,2016-08-07,67.45058,118.127106,17.57473,28.56066,10.86,23.483477,0.0,14.531978,34.491432,3.2808404,0.0,3.0701277,166.46358,Moderate,2016,8,7,Summer
Bengaluru,2016-08-08,67.45058,38.47,2.9,12.73,13.83,23.483477,0.01,3.96,34.491432,3.2808404,0.0,3.0701277,166.46358,Moderate,2016,8,8,Summer
Bengaluru,2016-08-09,67.45058,38.09,2.87,10.08,13.08,23.483477,0.05,4.63,34.491432,3.2808404,0.0,3.0701277,166.46358,Moderate,2016,8,9,Summer
Bengaluru,2016-08-10,67.45058,118.127106,17.57473,28.56066,10.95,23.483477,0.0,14.531978,34.491432,0.0,0.0,3.0701277,166.46358,Moderate,2016,8,10,Summer
Bengaluru,2016-08-11,31.42,60.6,4.21,14.68,7.77,40.48,1.37,2.3,32.72,0.43,0.93,3.0701277,166.46358,Moderate,2016,8,11,Summer
Bengaluru,2016-08-12,25.09,118.127106,5.21,8.97,6.48,40.88,45.96,1.24,16.55,1.44,4.18,3.0701277,46.0,Good,2016,8,12,Summer
Bengaluru,2016-08-13,21.94,118.127106,5.07,8.83,7.15,40.67,47.93,1.37,18.87,1.29,1.75,3.0701277,37.0,Good,2016,8,13,Summer
Bengaluru,2016-08-14,21.57,97.04,5.63,14.87,7.1,40.59,3.59,1.75,19.82,4.29,2.84,3.0701277,38.0,Good,2016,8,14,Summer
Bengaluru,2016-08-15,14.38,61.19,4.9,12.56,6.76,40.86,3.34,2.31,21.54,3.2808404,1.08,3.0701277,49.0,Good,2016,8,15,Summer
Bengaluru,2016-08-16,101.09,55.19,5.23,12.41,7.33,40.69,0.56,3.03,20.49,3.2808404,8.700972,3.0701277,71.0,Satisfactory,2016,8,16,Summer
Bengaluru,2016-08-17,33.05,83.6,6.58,16.2,5.75,40.91,1.59,2.63,20.28,3.2808404,8.700972,3.0701277,229.0,Poor,2016,8,17,Summer
Bengaluru,2016-08-18,39.14,63.13,4.93,15.46,4.7,40.66,0.52,2.72,21.74,3.2808404,8.700972,3.0701277,68.0,Satisfactory,2016,8,18,Summer
Bengaluru,2016-08-19,41.43,18.46,5.95,18.34,1.75,40.69,0.47,2.87,26.26,3.2808404,4.08,3.0701277,64.0,Satisfactory,2016,8,19,Summer
Bengaluru,2016-08-20,100.39,13.98,5.88,21.01,1.98,40.31,0.49,3.66,26.14,3.2808404,8.700972,3.0701277,62.0,Satisfactory,2016,8,20,Summer
Bengaluru,2016-08-21,56.45,11.73,4.82,17.24,3.35,40.82,0.41,2.72,28.1,3.2808404,8.700972,3.0701277,66.0,Satisfactory,2016,8,21,Summer
Bengaluru,2016-08-22,35.4,29.35,4.85,15.82,2.91,40.19,0.22,2.88,22.79,3.2808404,8.700972,3.0701277,45.0,Good,2016,8,22,Summer
Bengaluru,2016-08-23,43.43,77.31,4.74,16.31,3.97,40.51,0.38,3.06,25.25,3.2808404,8.700972,3.0701277,66.0,Satisfactory,2016,8,23,Summer
Bengaluru,2016-08-24,34.99,73.18,4.35,17.43,2.31,40.31,0.41,3.13,23.74,3.2808404,8.700972,3.0701277,71.0,Satisfactory,2016,8,24,Summer
Bengaluru,2016-08-25,15.02,62.79,3.54,18.74,0.59,41.23,0.59,4.94,26.6,3.2808404,8.700972,3.0701277,75.0,Satisfactory,2016,8,25,Summer
Bengaluru,2016-08-26,29.31,51.59,4.63,23.2,0.47,40.74,0.39,3.39,25.06,3.2808404,8.700972,3.0701277,62.0,Satisfactory,2016,8,26,Summer
Bengaluru,2016-08-27,19.65,66.91,4.85,22.46,2.32,40.27,0.55,3.66,25.17,3.2808404,4.16,3.0701277,77.0,Satisfactory,2016,8,27,Summer
Bengaluru,2016-08-28,6.82,58.75,49.24,42.15,2.75,39.99,0.31,4.72,34.16,3.2808404,8.700972,3.0701277,48.0,Good,2016,8,28,Summer
Bengaluru,2016-08-29,27.16,59.6,4.61,20.93,4.15,40.64,0.77,4.62,28.48,1.94,26.35,3.0701277,47.0,Good,2016,8,29,Summer
Bengaluru,2016-08-30,27.9,33.7,5.05,20.47,5.14,40.42,0.38,3.08,21.22,3.2808404,8.700972,3.0701277,57.0,Satisfactory,2016,8,30,Summer
Bengaluru,2016-08-31,35.17,51.69,3.61,19.08,2.06,40.41,0.42,3.7,20.34,10.7,68.02,3.0701277,49.0,Good,2016,8,31,Summer
Bengaluru,2016-09-01,37.57,46.28,4.82,22.32,2.61,40.49,0.48,3.72,21.4,3.2808404,4.53,3.0701277,57.0,Satisfactory,2016,9,1,Autumn
Bengaluru,2016-09-02,23.25,72.41,4.13,21.96,0.67,40.36,0.48,4.45,22.36,3.2808404,8.700972,3.0701277,74.0,Satisfactory,2016,9,2,Autumn
Bengaluru,2016-09-03,31.08,74.7,4.38,19.42,4.38,40.4,0.51,2.9,24.83,3.2808404,8.700972,3.0701277,68.0,Satisfactory,2016,9,3,Autumn
Bengaluru,2016-09-04,37.35,59.38,3.16,20.08,1.91,40.42,0.38,2.33,22.29,3.2808404,8.700972,3.0701277,71.0,Satisfactory,2016,9,4,Autumn
Bengaluru,2016-09-05,22.49,51.96,2.72,25.1,1.07,40.48,0.3,2.78,23.62,3.2808404,8.700972,3.0701277,55.0,Satisfactory,2016,9,5,Autumn
Bengaluru,2016-09-06,37.14,64.32,4.29,32.8,2.76,40.36,0.43,2.93,22.96,3.2808404,1.3,3.0701277,59.0,Satisfactory,2016,9,6,Autumn
Bengaluru,2016-09-07,28.89,53.47,3.55,40.9,4.13,40.83,0.53,2.85,24.81,3.2808404,8.700972,3.0701277,60.0,Satisfactory,2016,9,7,Autumn
Bengaluru,2016-09-08,28.25,65.4,12.9,59.8,2.51,40.73,0.5,2.61,29.82,3.2808404,8.700972,3.0701277,55.0,Satisfactory,2016,9,8,Autumn
Bengaluru,2016-09-09,67.45058,55.92,8.49,40.18,0.0,23.483477,0.4,3.09,22.77,0.9,0.57,3.0701277,68.0,Satisfactory,2016,9,9,Autumn
Bengaluru,2016-09-10,43.95,68.24,4.78,19.99,1.38,104.81,0.57,3.55,28.99,0.95,2.47,3.0701277,84.0,Satisfactory,2016,9,10,Autumn
Bengaluru,2016-09-11,24.72,57.37,4.12,21.18,0.0,43.84,0.36,3.77,22.02,0.47,0.26,3.0701277,64.0,Satisfactory,2016,9,11,Autumn
Bengaluru,2016-09-12,67.45058,62.86,5.69,16.07,0.0,23.483477,0.36,5.42,31.99,0.99,0.36,3.0701277,60.0,Satisfactory,2016,9,12,Autumn
Bengaluru,2016-09-13,23.04,48.92,5.23,12.98,1.43,43.25,0.41,9.3,44.94,0.77,0.17,3.0701277,60.0,Satisfactory,2016,9,13,Autumn
Bengaluru,2016-09-14,13.59,45.66,3.62,21.47,2.35,43.42,0.52,2.96,36.66,0.59,0.26,3.0701277,60.0,Satisfactory,2016,9,14,Autumn
Bengaluru,2016-09-15,11.1,41.09,8.1,29.29,18.5,39.83,0.97,3.76,39.12,0.56,6.38,3.0701277,74.0,Satisfactory,2016,9,15,Autumn
Bengaluru,2016-09-16,32.23,57.94,10.28,32.53,65.31,13.14,0.89,7.68,22.05,0.34,2.14,3.0701277,66.0,Satisfactory,2016,9,16,Autumn
Bengaluru,2016-09-17,41.01,79.93,8.32,25.42,5.5,5.14,0.8,4.59,36.26,0.67,0.27,3.0701277,70.0,Satisfactory,2016,9,17,Autumn
Bengaluru,2016-09-18,30.9,80.19,7.57,33.55,0.0,23.483477,0.51,4.13,16.27,0.81,0.35,3.0701277,78.0,Satisfactory,2016,9,18,Autumn
Bengaluru,2016-09-19,26.31,49.89,4.44,30.0,12.86,24.8,0.25,3.38,19.1,0.82,0.36,3.0701277,58.0,Satisfactory,2016,9,19,Autumn
Bengaluru,2016-09-20,32.98,44.55,4.23,26.31,12.71,30.77,0.2,4.3,16.09,0.81,0.35,3.0701277,47.0,Good,2016,9,20,Autumn
Bengaluru,2016-09-21,43.4,33.79,4.89,26.08,8.49,55.78,0.38,5.07,17.18,1.0,0.39,3.0701277,40.0,Good,2016,9,21,Autumn
Bengaluru,2016-09-22,32.46,52.66,4.99,23.58,11.01,35.92,0.52,4.53,22.04,1.96,4.97,3.0701277,58.0,Satisfactory,2016,9,22,Autumn
Bengaluru,2016-09-23,26.6,103.69,6.32,21.48,8.74,120.07,0.46,5.37,16.37,5.2,1.46,3.0701277,76.0,Satisfactory,2016,9,23,Autumn
Bengaluru,2016-09-24,39.41,102.24,7.88,29.0,10.48,84.68,0.52,3.87,10.98,0.5,2.27,3.0701277,102.0,Moderate,2016,9,24,Autumn
Bengaluru,2016-09-25,10.22,131.33,5.23,33.14,0.0,23.483477,0.43,4.44,10.45,0.44,1.5,3.0701277,84.0,Satisfactory,2016,9,25,Autumn
Bengaluru,2016-09-26,16.88,116.82,4.73,33.42,2.93,49.59,0.71,4.02,13.28,0.66,3.4,3.0701277,90.0,Satisfactory,2016,9,26,Autumn
Bengaluru,2016-09-27,17.1,105.03,4.98,30.5,0.0,23.483477,0.64,4.07,14.12,0.68,2.88,3.0701277,85.0,Satisfactory,2016,9,27,Autumn
Bengaluru,2016-09-28,46.14,95.12,5.1,26.83,18.81,28.28,1.08,5.66,14.51,0.89,4.03,3.0701277,83.0,Satisfactory,2016,9,28,Autumn
Bengaluru,2016-09-29,55.24,71.0,5.51,26.2,25.54,36.38,1.13,4.08,15.05,0.66,2.89,3.0701277,114.0,Moderate,2016,9,29,Autumn
Bengaluru,2016-09-30,75.42,121.03,3.75,17.34,6.51,55.12,0.46,4.5,31.09,0.4,1.68,3.0701277,150.0,Moderate,2016,9,30,Autumn
Bengaluru,2016-10-01,65.16,100.91,8.31,22.49,4.41,55.14,0.51,4.53,34.491432,3.2808404,8.700972,3.0701277,124.0,Moderate,2016,10,1,Autumn
Bengaluru,2016-10-02,67.45058,102.73,14.91,30.02,0.0,23.483477,0.61,4.77,34.491432,3.2808404,8.700972,3.0701277,104.0,Moderate,2016,10,2,Autumn
Bengaluru,2016-10-03,67.45058,122.73,12.34,29.19,0.0,23.483477,0.51,4.42,34.491432,3.2808404,8.700972,3.0701277,114.0,Moderate,2016,10,3,Autumn
Bengaluru,2016-10-04,70.57,112.72,7.54,24.24,6.39,55.41,0.49,4.57,34.491432,3.2808404,8.700972,3.0701277,111.0,Moderate,2016,10,4,Autumn
Bengaluru,2016-10-05,69.14,94.23,10.26,20.54,4.73,56.1,1.45,8.5,34.491432,3.2808404,8.39,3.0701277,101.0,Moderate,2016,10,5,Autumn
Bengaluru,2016-10-06,54.75,81.36,8.6,20.33,7.29,55.42,0.55,10.84,34.491432,3.2808404,8.700972,3.0701277,89.0,Satisfactory,2016,10,6,Autumn
Bengaluru,2016-10-07,41.7,139.73,11.37,24.67,5.86,55.17,0.73,4.57,34.491432,3.2808404,8.700972,3.0701277,103.0,Moderate,2016,10,7,Autumn
Bengaluru,2016-10-08,27.31,91.1,10.57,25.65,5.49,38.9,0.56,4.59,23.0,0.33,1.18,3.0701277,91.0,Satisfactory,2016,10,8,Autumn
Bengaluru,2016-10-09,13.51,85.18,7.51,27.68,3.9,15.05,1.11,4.26,15.26,0.33,0.93,3.0701277,83.0,Satisfactory,2016,10,9,Autumn
Bengaluru,2016-10-10,18.96,72.83,6.87,26.66,4.02,15.09,0.85,4.12,14.68,0.32,0.97,3.0701277,129.0,Moderate,2016,10,10,Autumn
Bengaluru,2016-10-11,14.61,70.21,6.43,24.16,5.29,15.11,0.73,3.97,15.67,0.36,1.42,3.0701277,78.0,Satisfactory,2016,10,11,Autumn
Bengaluru,2016-10-12,21.3,74.85,9.64,28.0,4.89,15.12,1.08,4.5,15.17,0.6,2.55,3.0701277,75.0,Satisfactory,2016,10,12,Autumn
Bengaluru,2016-10-13,25.15,66.38,14.37,31.42,4.02,15.12,1.97,3.65,12.04,0.38,1.37,3.0701277,141.0,Moderate,2016,10,13,Autumn
Bengaluru,2016-10-14,24.23,118.127106,9.0,25.35,6.19,15.13,0.51,4.65,13.14,3.2808404,1.12,3.0701277,69.0,Satisfactory,2016,10,14,Autumn
Bengaluru,2016-10-15,35.18,154.1,18.71,39.16,3.44,15.02,0.2,4.22,21.95,3.2808404,1.05,3.0701277,58.0,Satisfactory,2016,10,15,Autumn
Bengaluru,2016-10-16,32.41,155.04,20.35,47.09,0.0,23.483477,0.0,7.07,23.11,3.2808404,8.700972,3.0701277,73.0,Satisfactory,2016,10,16,Autumn
Bengaluru,2016-10-17,56.36,182.16,16.27,38.07,6.79,14.45,0.52,6.24,4.68,3.2808404,1.07,3.0701277,85.0,Satisfactory,2016,10,17,Autumn
Bengaluru,2016-10-18,53.43,180.64,15.26,33.94,7.55,14.91,0.73,7.21,34.491432,3.2808404,1.16,3.0701277,183.0,Moderate,2016,10,18,Autumn
Bengaluru,2016-10-19,44.05,191.47,17.12,35.85,0.0,23.483477,0.0,6.02,41.74,1.57,4.94,3.0701277,85.0,Satisfactory,2016,10,19,Autumn
Bengaluru,2016-10-20,62.36,181.92,16.5,38.24,3.31,15.14,0.37,6.46,23.58,2.63,3.25,3.0701277,75.0,Satisfactory,2016,10,20,Autumn
Bengaluru,2016-10-21,62.74,191.9,16.25,35.42,9.55,19.99,1.12,8.07,23.86,2.87,0.91,3.0701277,132.0,Moderate,2016,10,21,Autumn
Bengaluru,2016-10-22,97.17,195.61,15.42,33.75,9.13,39.56,0.75,10.52,10.54,3.28,0.54,3.0701277,176.0,Moderate,2016,10,22,Autumn
Bengaluru,2016-10-23,67.85,184.81,17.7,38.05,8.52,24.4,1.2,7.36,31.08,3.12,1.78,3.0701277,184.0,Moderate,2016,10,23,Autumn
Bengaluru,2016-10-24,58.78,179.79,17.97,41.96,6.73,23.24,1.18,9.87,22.16,1.38,2.0,3.0701277,127.0,Moderate,2016,10,24,Autumn
Bengaluru,2016-10-25,80.99,224.1,14.17,36.1,11.88,33.13,1.64,8.46,22.28,1.25,2.84,3.0701277,163.0,Moderate,2016,10,25,Autumn
Bengaluru,2016-10-26,68.17,116.92,8.27,44.78,18.86,40.67,1.16,4.9,25.13,1.07,1.84,3.0701277,164.0,Moderate,2016,10,26,Autumn
Bengaluru,2016-10-27,59.61,137.68,8.04,46.57,16.72,37.52,0.83,4.28,29.54,1.01,1.44,3.0701277,132.0,Moderate,2016,10,27,Autumn
Bengaluru,2016-10-28,62.38,123.91,12.29,46.43,15.06,34.9,0.8,9.04,44.86,0.65,1.39,3.0701277,116.0,Moderate,2016,10,28,Autumn
Bengaluru,2016-10-29,78.74,130.99,10.07,44.4,13.2,35.3,3.1,4.31,45.04,1.07,1.94,3.0701277,174.0,Moderate,2016,10,29,Autumn
Bengaluru,2016-10-30,60.79,130.15,9.82,38.53,10.08,41.04,2.97,3.75,23.8,1.77,4.15,3.0701277,188.0,Moderate,2016,10,30,Autumn
Bengaluru,2016-10-31,36.92,95.71,13.39,34.8,6.17,38.42,0.55,4.92,21.69,0.47,1.31,3.0701277,88.0,Satisfactory,2016,10,31,Autumn
Bengaluru,2016-11-01,21.2,118.127106,3.94,30.89,4.5,37.58,0.28,5.34,16.2,0.47,1.38,3.0701277,51.0,Satisfactory,2016,11,1,Autumn
Bengaluru,2016-11-02,31.26,142.2,16.42,39.54,3.64,36.28,0.42,3.29,26.39,0.93,2.07,3.0701277,57.0,Satisfactory,2016,11,2,Autumn
Bengaluru,2016-11-03,34.79,111.6,22.62,41.17,7.45,37.76,1.37,2.49,25.26,0.69,3.73,3.0701277,82.0,Satisfactory,2016,11,3,Autumn
Bengaluru,2016-11-04,55.92,118.8,12.26,37.52,14.38,36.05,0.85,4.84,30.68,1.81,3.24,3.0701277,88.0,Satisfactory,2016,11,4,Autumn
Bengaluru,2016-11-05,55.03,117.02,8.25,29.98,0.0,28.78,1.16,4.69,34.67,2.3,3.01,3.0701277,111.0,Moderate,2016,11,5,Autumn
Bengaluru,2016-11-06,41.23,69.46,2.8,27.4,0.0,27.28,0.7,3.85,37.6,1.9,2.37,3.0701277,90.0,Satisfactory,2016,11,6,Autumn
Bengaluru,2016-11-07,43.91,100.27,3.56,31.23,0.0,29.92,0.83,2.83,36.94,1.63,2.44,3.0701277,78.0,Satisfactory,2016,11,7,Autumn
Bengaluru,2016-11-08,52.08,109.02,8.9,32.63,6.48,29.57,0.83,6.29,37.14,1.28,2.0,3.0701277,94.0,Satisfactory,2016,11,8,Autumn
Bengaluru,2016-11-09,46.94,120.41,7.62,28.38,0.0,28.86,0.62,5.16,46.92,1.16,2.21,3.0701277,95.0,Satisfactory,2016,11,9,Autumn
Bengaluru,2016-11-10,49.03,130.54,8.22,30.8,0.0,27.67,0.76,6.34,62.56,1.44,2.65,3.0701277,112.0,Moderate,2016,11,10,Autumn
Bengaluru,2016-11-11,57.78,150.94,10.46,41.03,0.0,29.6,0.73,7.64,71.14,1.39,2.11,3.0701277,124.0,Moderate,2016,11,11,Autumn
Bengaluru,2016-11-12,52.72,127.44,7.61,37.57,0.0,30.49,0.72,8.28,77.53,1.02,1.64,3.0701277,122.0,Moderate,2016,11,12,Autumn
Bengaluru,2016-11-13,38.42,121.18,10.83,38.81,0.0,39.82,0.63,4.93,57.77,0.75,1.49,3.0701277,99.0,Satisfactory,2016,11,13,Autumn
Bengaluru,2016-11-14,29.96,82.83,10.55,36.67,0.0,31.52,0.37,5.26,14.2,0.62,1.54,3.0701277,44.0,Good,2016,11,14,Autumn
Bengaluru,2016-11-15,27.64,56.85,7.72,25.66,0.0,14.03,0.91,5.02,15.65,0.79,1.91,3.0701277,38.0,Good,2016,11,15,Autumn
Bengaluru,2016-11-16,35.8,130.25,10.26,25.46,0.0,24.15,1.9,5.08,22.33,0.78,4.12,3.0701277,102.0,Moderate,2016,11,16,Autumn
Bengaluru,2016-11-17,40.13,133.97,11.92,34.52,0.0,34.63,0.99,2.97,48.83,0.67,1.26,3.0701277,189.0,Moderate,2016,11,17,Autumn
Bengaluru,2016-11-18,43.6,135.71,8.35,30.86,0.0,24.55,0.57,2.5,56.67,0.8,1.74,3.0701277,101.0,Moderate,2016,11,18,Autumn
Bengaluru,2016-11-19,48.93,118.127106,3.22,26.23,0.0,24.89,0.62,2.78,45.24,1.11,2.47,3.0701277,86.0,Satisfactory,2016,11,19,Autumn
Bengaluru,2016-11-20,42.21,118.127106,4.16,38.1,0.0,23.483477,0.46,2.34,49.29,1.09,2.2,3.0701277,95.0,Satisfactory,2016,11,20,Autumn
Bengaluru,2016-11-21,102.01,182.79,14.76,44.31,0.0,31.02,0.69,3.9,44.48,1.09,1.9,3.0701277,120.0,Moderate,2016,11,21,Autumn
Bengaluru,2016-11-22,91.6,141.03,9.41,31.76,0.0,39.39,3.0,7.56,16.37,1.97,2.56,3.0701277,101.0,Moderate,2016,11,22,Autumn
Bengaluru,2016-11-24,86.62,152.15,9.06,32.55,0.0,19.16,1.05,4.88,46.95,6.35,6.71,3.0701277,140.0,Moderate,2016,11,24,Autumn
Bengaluru,2016-11-25,46.12,158.04,12.75,33.94,0.0,17.7,1.22,4.01,43.76,5.39,2.86,3.0701277,133.0,Moderate,2016,11,25,Autumn
Bengaluru,2016-11-26,46.87,164.12,14.9,36.46,0.0,17.32,0.89,3.63,38.04,7.38,3.73,3.0701277,113.0,Moderate,2016,11,26,Autumn
Bengaluru,2016-11-27,53.71,171.52,17.18,37.49,0.0,17.2,0.85,3.52,35.33,8.44,3.73,3.0701277,117.0,Moderate,2016,11,27,Autumn
Bengaluru,2016-11-28,49.9,176.99,15.78,38.97,0.0,27.25,0.67,6.79,26.27,8.92,5.41,3.0701277,124.0,Moderate,2016,11,28,Autumn
Bengaluru,2016-11-29,59.3,194.37,11.64,37.55,0.0,27.55,0.81,11.63,31.34,11.69,4.73,3.0701277,120.0,Moderate,2016,11,29,Autumn
Bengaluru,2016-11-30,49.69,170.26,9.74,31.49,0.0,26.58,1.88,5.34,28.52,8.45,4.38,3.0701277,160.0,Moderate,2016,11,30,Autumn
Bengaluru,2016-12-01,45.84,137.86,12.77,26.72,0.0,27.97,0.87,4.93,39.83,6.72,3.94,3.0701277,114.0,Moderate,2016,12,1,Winter
Bengaluru,2016-12-02,22.14,78.55,10.95,26.06,0.0,30.0,0.72,3.55,20.83,3.61,9.26,3.0701277,103.0,Moderate,2016,12,2,Winter
Bengaluru,2016-12-03,18.3,102.86,14.52,30.35,0.0,37.49,0.82,4.06,11.42,2.54,2.86,3.0701277,67.0,Satisfactory,2016,12,3,Winter
Bengaluru,2016-12-04,24.44,136.05,10.4,23.2,0.0,28.44,1.66,3.15,8.61,2.4,3.85,3.0701277,125.0,Moderate,2016,12,4,Winter
Bengaluru,2016-12-05,23.63,124.78,14.4,30.2,0.0,29.23,2.95,4.43,9.8,2.5,7.48,3.0701277,209.0,Poor,2016,12,5,Winter
Bengaluru,2016-12-06,36.97,155.51,14.79,44.45,0.0,27.6,1.7,3.0,15.37,3.56,5.03,3.0701277,200.0,Moderate,2016,12,6,Winter
Bengaluru,2016-12-07,40.72,132.73,14.55,44.74,0.0,26.04,0.65,3.63,20.32,4.71,2.45,3.0701277,101.0,Moderate,2016,12,7,Winter
Bengaluru,2016-12-08,32.59,128.54,15.8,43.67,0.0,26.6,0.69,5.58,16.42,3.78,2.55,3.0701277,85.0,Satisfactory,2016,12,8,Winter
Bengaluru,2016-12-09,44.96,135.0,10.65,40.56,0.0,24.42,1.19,6.68,13.5,3.79,4.98,3.0701277,163.0,Moderate,2016,12,9,Winter
Bengaluru,2016-12-10,30.37,124.8,7.35,37.24,0.0,24.0,0.46,3.47,6.73,5.57,5.58,3.0701277,75.0,Satisfactory,2016,12,10,Winter
Bengaluru,2016-12-11,24.98,138.06,10.07,42.15,0.0,32.37,1.76,8.15,8.43,4.45,4.65,3.0701277,132.0,Moderate,2016,12,11,Winter
Bengaluru,2016-12-12,42.19,131.75,4.07,25.22,0.0,28.36,1.46,6.85,22.58,1.85,1.74,3.0701277,119.0,Moderate,2016,12,12,Winter
Bengaluru,2016-12-14,30.72,180.88,8.36,23.41,0.0,25.14,0.54,2.62,22.5,1.8,2.04,3.0701277,104.0,Moderate,2016,12,14,Winter
Bengaluru,2016-12-15,28.47,142.64,14.16,37.05,0.0,27.42,1.15,3.72,12.13,1.86,3.39,3.0701277,93.0,Satisfactory,2016,12,15,Winter
Bengaluru,2016-12-16,34.57,137.45,14.64,37.38,0.0,36.2,1.39,4.25,7.08,2.58,3.04,3.0701277,134.0,Moderate,2016,12,16,Winter
Bengaluru,2016-12-17,36.97,143.58,8.67,38.93,0.0,23.44,1.63,4.35,13.37,2.78,5.85,3.0701277,103.0,Moderate,2016,12,17,Winter
Bengaluru,2016-12-18,35.21,130.91,7.48,40.15,0.0,28.81,0.79,4.81,26.23,2.87,5.5,3.0701277,90.0,Satisfactory,2016,12,18,Winter
Bengaluru,2016-12-19,37.8,144.73,8.19,40.9,0.0,20.01,0.73,4.27,25.9,2.82,5.5,3.0701277,97.0,Satisfactory,2016,12,19,Winter
Bengaluru,2016-12-20,19.09,121.19,6.35,35.67,0.0,18.42,0.71,3.75,18.88,2.96,4.76,3.0701277,93.0,Satisfactory,2016,12,20,Winter
Bengaluru,2016-12-21,19.68,99.9,6.17,24.18,0.0,16.41,0.46,4.19,16.53,3.26,4.52,3.0701277,74.0,Satisfactory,2016,12,21,Winter
Bengaluru,2016-12-22,39.64,176.96,7.26,30.67,0.0,17.54,0.28,4.74,28.61,4.78,7.43,3.0701277,75.0,Satisfactory,2016,12,22,Winter
Bengaluru,2016-12-23,43.67,150.64,15.23,72.51,0.0,17.39,0.74,7.81,37.75,9.07,13.98,3.0701277,100.0,Satisfactory,2016,12,23,Winter
Bengaluru,2016-12-24,57.79,141.76,14.19,79.24,0.0,18.3,0.62,7.79,11.26,7.52,5.94,3.0701277,112.0,Moderate,2016,12,24,Winter
Bengaluru,2016-12-25,39.11,145.35,5.4,46.39,0.0,17.31,0.71,4.93,52.62,3.93,3.64,3.0701277,114.0,Moderate,2016,12,25,Winter
Bengaluru,2016-12-26,34.02,121.66,7.15,49.47,0.0,17.08,0.84,5.17,34.44,3.63,4.39,3.0701277,104.0,Moderate,2016,12,26,Winter
Bengaluru,2016-12-27,53.5,111.09,5.22,41.33,0.0,16.9,0.7,7.04,23.74,3.94,3.79,3.0701277,90.0,Satisfactory,2016,12,27,Winter
Bengaluru,2016-12-28,38.53,80.87,2.34,20.7,0.0,17.07,0.2,4.32,17.27,3.16,2.63,3.0701277,84.0,Satisfactory,2016,12,28,Winter
Bengaluru,2016-12-29,44.9,112.78,7.43,30.07,0.0,16.91,0.46,5.6,34.491432,3.2808404,8.700972,3.0701277,76.0,Satisfactory,2016,12,29,Winter
Bengaluru,2016-12-30,54.65,134.46,9.58,44.47,0.0,17.46,0.57,5.58,34.491432,3.2808404,8.700972,3.0701277,93.0,Satisfactory,2016,12,30,Winter
Bengaluru,2016-12-31,40.96,128.38,9.9,47.25,0.0,17.59,0.74,4.92,41.16,2.76,2.06,3.0701277,106.0,Moderate,2016,12,31,Winter
Bengaluru,2017-01-01,20.13,105.61,7.33,42.34,0.0,23.483477,0.77,4.8,25.9,3.65,2.04,3.0701277,88.0,Satisfactory,2017,1,1,Winter
Bengaluru,2017-01-02,19.61,105.34,8.81,40.94,0.0,17.62,0.68,4.93,29.95,2.35,2.36,3.0701277,83.0,Satisfactory,2017,1,2,Winter
Bengaluru,2017-01-03,26.66,106.4,9.8,49.02,0.0,19.41,0.74,4.95,31.55,4.07,4.61,3.0701277,87.0,Satisfactory,2017,1,3,Winter
Bengaluru,2017-01-04,36.93,118.86,6.9,38.48,0.0,24.85,0.76,4.58,39.09,4.02,3.48,3.0701277,91.0,Satisfactory,2017,1,4,Winter
Bengaluru,2017-01-05,36.09,114.62,7.03,36.01,0.0,25.09,0.63,4.57,35.78,3.12,3.3,3.0701277,85.0,Satisfactory,2017,1,5,Winter
Bengaluru,2017-01-06,41.53,131.53,7.88,39.13,0.0,24.47,0.59,4.32,39.95,3.62,3.19,3.0701277,88.0,Satisfactory,2017,1,6,Winter
Bengaluru,2017-01-07,47.48,140.54,7.12,40.87,0.0,25.17,0.79,5.57,43.82,3.83,2.83,3.0701277,106.0,Moderate,2017,1,7,Winter
Bengaluru,2017-01-08,37.61,124.94,4.72,33.21,0.0,25.52,0.67,4.83,39.25,2.71,2.18,3.0701277,95.0,Satisfactory,2017,1,8,Winter
Bengaluru,2017-01-09,43.11,136.23,8.29,44.61,0.0,24.41,0.86,8.12,38.14,6.53,3.66,3.0701277,87.0,Satisfactory,2017,1,9,Winter
Bengaluru,2017-01-10,74.1,125.23,4.58,37.38,0.0,24.92,0.61,5.51,59.48,4.82,4.63,3.0701277,130.0,Moderate,2017,1,10,Winter
Bengaluru,2017-01-11,42.42,142.13,6.56,47.35,0.0,25.29,1.02,5.96,56.92,4.81,3.79,3.0701277,132.0,Moderate,2017,1,11,Winter
Bengaluru,2017-01-12,24.26,140.88,7.53,44.12,0.0,26.47,0.68,3.72,52.42,3.02,3.19,3.0701277,110.0,Moderate,2017,1,12,Winter
Bengaluru,2017-01-13,31.22,108.09,4.05,26.86,0.0,26.04,0.55,3.67,50.8,2.17,2.0,3.0701277,91.0,Satisfactory,2017,1,13,Winter
Bengaluru,2017-01-14,29.21,118.127106,2.03,13.26,0.0,24.76,0.0,3.29,63.14,1.76,1.48,3.0701277,78.0,Satisfactory,2017,1,14,Winter
Bengaluru,2017-01-15,26.3,118.127106,1.37,11.83,0.0,23.31,0.0,3.07,58.37,1.86,1.21,3.0701277,71.0,Satisfactory,2017,1,15,Winter
Bengaluru,2017-01-16,31.65,128.58,7.04,34.1,0.0,23.82,0.53,5.25,53.3,2.18,1.69,3.0701277,66.0,Satisfactory,2017,1,16,Winter
Bengaluru,2017-01-17,37.02,130.28,9.83,52.33,0.0,23.88,1.3,7.6,34.491432,3.2808404,8.700972,3.0701277,94.0,Satisfactory,2017,1,17,Winter
Bengaluru,2017-01-18,39.68,111.56,7.37,47.26,0.0,22.76,0.67,6.18,34.491432,3.2808404,8.700972,3.0701277,117.0,Moderate,2017,1,18,Winter
Bengaluru,2017-01-19,31.59,104.2,10.26,42.72,0.0,23.03,1.03,5.81,34.491432,3.2808404,8.700972,3.0701277,87.0,Satisfactory,2017,1,19,Winter
Bengaluru,2017-01-20,39.92,116.54,11.78,47.16,0.0,24.05,0.6,5.54,34.491432,3.2808404,8.700972,3.0701277,85.0,Satisfactory,2017,1,20,Winter
Bengaluru,2017-01-21,40.34,103.46,16.09,67.51,0.0,23.84,0.61,6.9,34.491432,3.2808404,8.700972,3.0701277,98.0,Satisfactory,2017,1,21,Winter
Bengaluru,2017-01-22,67.45058,102.7,17.23,76.4,0.0,23.483477,0.58,7.09,34.491432,3.2808404,8.700972,3.0701277,98.0,Satisfactory,2017,1,22,Winter
Bengaluru,2017-01-23,49.45,125.79,16.15,67.63,0.0,22.23,0.71,6.9,34.491432,3.2808404,0.0,3.0701277,111.0,Moderate,2017,1,23,Winter
Bengaluru,2017-01-24,41.55,121.2,8.58,45.39,0.0,23.95,5.28,6.23,51.39,2.05,1.58,3.0701277,100.0,Satisfactory,2017,1,24,Winter
Bengaluru,2017-01-25,34.96,114.94,7.97,41.5,0.0,23.3,6.42,4.81,49.67,2.57,1.42,3.0701277,168.0,Moderate,2017,1,25,Winter
Bengaluru,2017-01-26,27.04,109.75,5.55,28.01,0.0,24.99,7.32,3.67,47.81,1.7,1.05,3.0701277,182.0,Moderate,2017,1,26,Winter
Bengaluru,2017-01-27,23.36,87.39,12.36,46.38,0.0,27.95,8.19,5.81,19.01,2.07,1.46,3.0701277,174.0,Moderate,2017,1,27,Winter
Bengaluru,2017-01-28,10.26,65.08,12.63,63.82,0.0,23.483477,7.67,5.34,20.22,1.66,1.08,3.0701277,210.0,Poor,2017,1,28,Winter
Bengaluru,2017-01-29,6.8,59.96,8.71,39.99,0.0,23.483477,6.65,4.24,17.63,1.27,0.87,3.0701277,214.0,Poor,2017,1,29,Winter
Bengaluru,2017-01-30,31.79,83.98,10.38,40.89,0.0,24.82,7.54,4.51,34.35,1.73,1.85,3.0701277,230.0,Poor,2017,1,30,Winter
Bengaluru,2017-01-31,37.81,81.51,6.94,40.55,0.0,24.8,1.55,7.85,47.14,1.45,2.19,3.0701277,97.0,Satisfactory,2017,1,31,Winter
Bengaluru,2017-02-01,27.42,81.76,8.06,43.93,0.0,23.83,1.87,8.57,39.53,1.53,1.85,3.0701277,101.0,Moderate,2017,2,1,Winter
Bengaluru,2017-02-02,49.35,82.75,8.73,58.2,0.0,22.26,6.34,5.18,72.53,1.27,1.7,3.0701277,94.0,Satisfactory,2017,2,2,Winter
Bengaluru,2017-02-03,32.16,93.4,5.83,43.39,0.0,22.29,15.93,3.37,50.44,2.59,1.84,3.0701277,207.0,Poor,2017,2,3,Winter
Bengaluru,2017-02-04,32.08,118.127106,1.54,19.23,0.0,22.38,14.89,3.34,60.82,2.04,1.4,3.0701277,270.0,Poor,2017,2,4,Winter
Bengaluru,2017-02-05,29.93,118.127106,1.63,19.93,0.0,20.54,11.68,2.93,58.61,2.48,1.55,3.0701277,269.0,Poor,2017,2,5,Winter
Bengaluru,2017-02-06,32.73,117.9,7.98,45.2,0.0,21.39,15.22,4.71,60.34,3.02,2.18,3.0701277,273.0,Poor,2017,2,6,Winter
Bengaluru,2017-02-07,43.1,102.65,10.78,64.19,0.0,20.74,12.47,6.59,65.58,4.88,2.15,3.0701277,238.0,Poor,2017,2,7,Winter
Bengaluru,2017-02-08,41.94,91.18,6.83,45.34,0.0,20.2,9.04,7.24,64.64,4.01,5.09,3.0701277,200.0,Moderate,2017,2,8,Winter
Bengaluru,2017-02-09,38.04,103.85,6.81,45.51,0.0,21.68,0.58,6.22,12.28,3.56,5.01,3.0701277,69.0,Satisfactory,2017,2,9,Winter
Bengaluru,2017-02-10,36.09,102.51,6.31,41.63,0.0,20.99,0.66,7.38,13.96,3.61,3.64,3.0701277,77.0,Satisfactory,2017,2,10,Winter
Bengaluru,2017-02-11,29.54,93.69,8.73,51.47,0.0,21.44,1.01,5.61,41.88,2.29,2.63,3.0701277,109.0,Moderate,2017,2,11,Winter
Bengaluru,2017-02-12,27.65,81.87,10.35,57.48,0.0,22.83,0.68,5.79,43.53,3.81,4.09,3.0701277,80.0,Satisfactory,2017,2,12,Winter
Bengaluru,2017-02-13,30.98,71.6,9.51,44.34,0.0,23.08,0.5,5.43,34.491432,3.2808404,8.700972,3.0701277,59.0,Satisfactory,2017,2,13,Winter
Bengaluru,2017-02-14,34.94,71.16,8.05,49.0,0.0,28.08,0.87,5.9,34.491432,3.2808404,8.700972,3.0701277,71.0,Satisfactory,2017,2,14,Winter
Bengaluru,2017-02-15,40.41,78.71,11.32,64.96,0.0,24.68,1.08,8.65,34.491432,3.2808404,8.700972,3.0701277,83.0,Satisfactory,2017,2,15,Winter
Bengaluru,2017-02-16,34.8,86.61,11.7,70.5,0.0,23.65,1.25,7.73,34.491432,3.2808404,8.700972,3.0701277,83.0,Satisfactory,2017,2,16,Winter
Bengaluru,2017-02-17,47.98,114.34,9.36,70.87,0.0,22.85,1.4,10.26,34.491432,3.2808404,8.700972,3.0701277,95.0,Satisfactory,2017,2,17,Winter
Bengaluru,2017-02-18,47.56,99.64,12.85,80.24,0.0,22.95,1.08,9.22,34.491432,3.2808404,8.700972,3.0701277,96.0,Satisfactory,2017,2,18,Winter
Bengaluru,2017-02-19,41.4,108.35,17.34,102.78,0.0,22.5,1.13,8.57,34.491432,3.2808404,8.700972,3.0701277,92.0,Satisfactory,2017,2,19,Winter
Bengaluru,2017-02-20,53.85,115.91,21.36,95.12,0.0,22.25,1.14,10.75,34.491432,3.2808404,0.0,3.0701277,90.0,Satisfactory,2017,2,20,Winter
Bengaluru,2017-02-21,52.93,122.79,17.53,75.14,0.0,21.94,0.86,9.32,34.491432,3.2808404,1.0,3.0701277,104.0,Moderate,2017,2,21,Winter
Bengaluru,2017-02-22,42.13,116.85,9.87,51.89,0.0,21.67,1.11,17.04,66.01,4.17,4.38,3.0701277,106.0,Moderate,2017,2,22,Winter
Bengaluru,2017-02-23,44.09,107.48,13.23,49.76,0.0,22.22,0.38,9.22,45.32,5.63,4.01,3.0701277,99.0,Satisfactory,2017,2,23,Winter
Bengaluru,2017-02-24,42.73,92.91,10.08,47.21,0.0,21.92,0.4,9.04,21.94,3.49,3.12,3.0701277,83.0,Satisfactory,2017,2,24,Winter
Bengaluru,2017-02-25,40.96,86.08,8.08,35.46,0.0,22.93,0.34,7.42,19.64,3.33,2.81,3.0701277,75.0,Satisfactory,2017,2,25,Winter
Bengaluru,2017-02-26,35.66,90.69,7.38,32.39,0.0,24.05,0.39,7.69,34.75,1.69,1.88,3.0701277,73.0,Satisfactory,2017,2,26,Winter
Bengaluru,2017-02-27,37.55,85.57,8.72,38.99,0.0,22.87,0.46,7.0,25.64,1.71,1.67,3.0701277,70.0,Satisfactory,2017,2,27,Winter
Bengaluru,2017-02-28,31.19,87.32,8.91,43.09,0.0,22.97,0.46,6.84,27.08,2.18,1.88,3.0701277,71.0,Satisfactory,2017,2,28,Winter
Bengaluru,2017-03-01,39.98,98.33,28.97,72.79,0.0,107.53,0.36,6.83,32.88,2.42,1.66,3.0701277,71.0,Satisfactory,2017,3,1,Spring
Bengaluru,2017-03-02,36.36,85.55,14.27,51.16,0.0,24.18,0.38,6.54,22.95,4.52,1.77,3.0701277,75.0,Satisfactory,2017,3,2,Spring
Bengaluru,2017-03-03,29.87,89.98,8.12,40.71,0.0,26.25,1.01,6.43,22.65,2.34,2.09,3.0701277,104.0,Moderate,2017,3,3,Spring
Bengaluru,2017-03-04,28.41,75.22,11.64,41.35,0.0,26.53,0.53,8.16,13.85,1.39,1.55,3.0701277,57.0,Satisfactory,2017,3,4,Spring
Bengaluru,2017-03-05,23.15,78.15,5.99,25.6,0.0,27.95,0.39,7.12,20.8,1.67,1.71,3.0701277,59.0,Satisfactory,2017,3,5,Spring
Bengaluru,2017-03-06,26.67,74.17,6.52,29.12,0.0,31.01,0.35,6.61,19.79,1.52,1.67,3.0701277,54.0,Satisfactory,2017,3,6,Spring
Bengaluru,2017-03-07,27.87,81.97,9.75,38.6,0.0,34.12,0.35,5.4,25.64,1.43,1.53,3.0701277,59.0,Satisfactory,2017,3,7,Spring
Bengaluru,2017-03-08,31.78,84.76,9.48,41.89,0.0,30.12,0.79,8.94,29.59,2.27,2.41,3.0701277,102.0,Moderate,2017,3,8,Spring
Bengaluru,2017-03-09,32.53,98.45,7.46,38.79,0.0,35.13,0.35,6.8,16.07,2.28,2.54,3.0701277,72.0,Satisfactory,2017,3,9,Spring
Bengaluru,2017-03-10,29.4,71.8,5.62,22.5,0.0,42.48,0.21,5.47,29.37,1.71,1.42,3.0701277,66.0,Satisfactory,2017,3,10,Spring
Bengaluru,2017-03-11,28.94,76.71,6.79,25.81,0.0,28.2,0.22,5.57,26.56,2.13,1.74,3.0701277,56.0,Satisfactory,2017,3,11,Spring
Bengaluru,2017-03-12,27.07,65.19,7.54,28.21,0.0,26.09,0.13,5.54,30.11,2.31,2.27,3.0701277,66.0,Satisfactory,2017,3,12,Spring
Bengaluru,2017-03-13,42.64,98.52,6.48,26.88,0.0,30.64,0.26,6.36,19.9,2.08,1.72,3.0701277,55.0,Satisfactory,2017,3,13,Spring
Bengaluru,2017-03-14,21.93,70.51,7.72,25.17,0.0,34.32,0.46,3.91,11.13,1.02,1.18,3.0701277,69.0,Satisfactory,2017,3,14,Spring
Bengaluru,2017-03-15,17.99,66.24,7.98,23.84,0.0,33.53,0.28,4.61,8.93,0.86,0.94,3.0701277,44.0,Good,2017,3,15,Spring
Bengaluru,2017-03-16,27.59,63.81,11.33,23.73,0.0,26.96,0.21,4.77,28.92,0.97,1.39,3.0701277,54.0,Satisfactory,2017,3,16,Spring
Bengaluru,2017-03-17,39.28,107.17,6.33,30.51,0.0,27.37,0.16,4.14,47.72,2.98,3.49,3.0701277,98.0,Satisfactory,2017,3,17,Spring
Bengaluru,2017-03-18,32.33,87.57,6.96,30.75,0.0,25.99,0.78,7.59,66.57,1.96,2.19,3.0701277,99.0,Satisfactory,2017,3,18,Spring
Bengaluru,2017-03-19,32.31,81.68,4.96,21.08,0.0,25.66,0.2,5.33,57.26,2.21,2.61,3.0701277,95.0,Satisfactory,2017,3,19,Spring
Bengaluru,2017-03-20,38.73,105.25,6.29,29.11,0.0,26.78,0.3,4.51,60.19,2.19,2.05,3.0701277,87.0,Satisfactory,2017,3,20,Spring
Bengaluru,2017-03-21,36.42,95.55,6.75,30.76,0.0,26.49,0.48,5.53,42.51,1.96,1.83,3.0701277,83.0,Satisfactory,2017,3,21,Spring
Bengaluru,2017-03-22,43.96,105.81,6.52,32.28,0.0,23.98,0.55,6.87,36.22,2.42,4.92,3.0701277,74.0,Satisfactory,2017,3,22,Spring
Bengaluru,2017-03-23,44.26,102.04,8.71,41.3,0.0,24.06,0.68,8.28,42.18,2.38,2.57,3.0701277,89.0,Satisfactory,2017,3,23,Spring
Bengaluru,2017-03-24,67.75,107.42,7.38,39.52,0.0,20.33,0.48,7.14,43.89,2.85,2.18,3.0701277,140.0,Moderate,2017,3,24,Spring
Bengaluru,2017-03-25,47.51,114.14,11.76,40.07,0.0,20.79,0.56,9.41,52.37,4.72,2.82,3.0701277,104.0,Moderate,2017,3,25,Spring
Bengaluru,2017-03-26,53.63,116.45,7.44,35.29,0.0,22.33,0.3,12.82,68.34,1.62,1.72,3.0701277,99.0,Satisfactory,2017,3,26,Spring
Bengaluru,2017-03-27,40.42,114.11,5.59,27.16,0.0,22.04,0.13,3.65,45.77,2.63,2.06,3.0701277,90.0,Satisfactory,2017,3,27,Spring
Bengaluru,2017-03-28,55.94,105.81,4.71,30.4,0.0,25.2,0.25,4.77,40.7,3.39,2.75,3.0701277,82.0,Satisfactory,2017,3,28,Spring
Bengaluru,2017-03-29,41.83,89.06,2.7,23.82,0.0,28.76,0.32,3.28,52.94,2.47,2.03,3.0701277,112.0,Moderate,2017,3,29,Spring
Bengaluru,2017-03-30,46.83,69.68,3.32,27.69,0.0,25.74,0.14,2.48,47.33,2.25,2.44,3.0701277,90.0,Satisfactory,2017,3,30,Spring
Bengaluru,2017-03-31,55.9,94.22,5.13,37.77,0.0,22.44,0.26,2.53,53.42,2.96,2.9,3.0701277,112.0,Moderate,2017,3,31,Spring
Bengaluru,2017-04-01,51.65,108.37,5.59,37.78,0.0,24.02,0.51,2.79,61.72,3.85,2.95,3.0701277,124.0,Moderate,2017,4,1,Spring
Bengaluru,2017-04-02,32.61,104.58,5.32,30.53,0.0,28.54,0.48,2.59,66.27,1.93,1.65,3.0701277,113.0,Moderate,2017,4,2,Spring
Bengaluru,2017-04-03,39.37,106.07,9.79,41.21,0.0,26.81,0.68,2.79,68.42,2.01,1.43,3.0701277,117.0,Moderate,2017,4,3,Spring
Bengaluru,2017-04-04,36.85,99.33,3.61,25.76,0.0,25.66,0.54,2.3,72.54,2.55,2.12,3.0701277,120.0,Moderate,2017,4,4,Spring
Bengaluru,2017-04-05,29.5,78.34,3.71,20.83,0.0,27.27,0.44,2.0,69.06,1.78,1.55,3.0701277,94.0,Satisfactory,2017,4,5,Spring
Bengaluru,2017-04-06,29.52,92.48,6.17,19.83,0.0,27.92,0.33,2.28,66.84,2.09,1.9,3.0701277,110.0,Moderate,2017,4,6,Spring
Bengaluru,2017-04-07,31.08,79.87,5.33,24.61,0.0,28.02,0.46,2.65,68.4,2.98,2.25,3.0701277,94.0,Satisfactory,2017,4,7,Spring
Bengaluru,2017-04-08,36.66,103.5,7.3,34.42,0.0,26.68,0.68,2.8,45.04,3.19,2.75,3.0701277,82.0,Satisfactory,2017,4,8,Spring
Bengaluru,2017-04-09,29.29,89.11,7.08,28.32,0.0,25.78,0.48,2.54,37.96,1.78,1.69,3.0701277,75.0,Satisfactory,2017,4,9,Spring
Bengaluru,2017-04-10,43.0,90.64,8.28,34.64,0.0,29.59,0.74,3.03,60.0,1.93,1.41,3.0701277,99.0,Satisfactory,2017,4,10,Spring
Bengaluru,2017-04-11,31.18,92.2,7.17,34.13,0.0,28.14,0.44,2.39,60.0,2.44,1.74,3.0701277,99.0,Satisfactory,2017,4,11,Spring
Bengaluru,2017-04-12,50.84,84.95,6.35,27.24,0.0,23.483477,0.61,9.91,17.79,4.11,2.39,3.0701277,78.0,Satisfactory,2017,4,12,Spring
Bengaluru,2017-04-13,50.54,105.34,7.07,37.62,0.0,24.73,0.56,4.26,75.93,2.92,2.3,3.0701277,108.0,Moderate,2017,4,13,Spring
Bengaluru,2017-04-14,51.33,104.38,6.96,39.64,0.0,24.12,0.55,5.03,63.27,3.62,1.96,3.0701277,107.0,Moderate,2017,4,14,Spring
Bengaluru,2017-04-15,35.01,101.83,9.78,45.01,0.0,24.52,0.69,6.77,60.39,2.4,1.76,3.0701277,106.0,Moderate,2017,4,15,Spring
Bengaluru,2017-04-16,29.02,102.67,5.34,32.75,0.0,23.483477,0.44,8.21,66.23,2.64,1.48,3.0701277,105.0,Moderate,2017,4,16,Spring
Bengaluru,2017-04-17,34.86,79.44,5.28,27.93,0.0,31.55,0.44,5.81,83.69,1.32,0.64,3.0701277,86.0,Satisfactory,2017,4,17,Spring
Bengaluru,2017-04-18,38.46,66.4,4.73,24.41,0.0,28.01,0.44,5.07,91.3,2.24,2.3,3.0701277,77.0,Satisfactory,2017,4,18,Spring
Bengaluru,2017-04-19,38.13,84.63,6.11,25.49,0.0,31.93,0.52,4.74,81.46,1.38,1.07,3.0701277,92.0,Satisfactory,2017,4,19,Spring
Bengaluru,2017-04-20,29.75,56.29,5.45,24.78,0.0,28.87,0.43,4.71,47.22,2.53,1.39,3.0701277,81.0,Satisfactory,2017,4,20,Spring
Bengaluru,2017-04-21,21.53,80.41,4.21,24.41,0.0,35.77,0.47,4.71,54.16,1.38,1.14,3.0701277,75.0,Satisfactory,2017,4,21,Spring
Bengaluru,2017-04-22,25.46,62.1,4.85,22.79,0.0,30.19,0.45,4.83,24.41,1.19,1.02,3.0701277,64.0,Satisfactory,2017,4,22,Spring
Bengaluru,2017-04-23,28.49,74.8,2.67,23.6,0.0,27.92,0.08,3.68,7.03,1.51,1.41,3.0701277,50.0,Good,2017,4,23,Spring
Bengaluru,2017-04-24,34.85,118.127106,2.65,32.57,0.0,27.52,0.0,3.49,21.33,1.86,1.44,3.0701277,59.0,Satisfactory,2017,4,24,Spring
Bengaluru,2017-04-25,29.88,108.62,3.54,31.4,0.0,28.23,0.19,3.52,27.0,1.53,1.12,3.0701277,66.0,Satisfactory,2017,4,25,Spring
Bengaluru,2017-04-26,33.95,110.88,4.52,42.65,0.0,27.58,0.7,3.86,48.16,1.87,1.7,3.0701277,92.0,Satisfactory,2017,4,26,Spring
Bengaluru,2017-04-27,40.01,100.72,7.39,38.94,0.0,28.45,0.67,5.61,27.84,3.71,2.69,3.0701277,87.0,Satisfactory,2017,4,27,Spring
Bengaluru,2017-04-28,62.07,84.02,4.72,32.77,0.0,27.29,0.49,4.4,61.69,1.52,1.44,3.0701277,96.0,Satisfactory,2017,4,28,Spring
Bengaluru,2017-04-29,38.44,76.53,8.49,39.84,0.0,28.89,0.44,5.15,43.66,1.44,1.64,3.0701277,139.0,Moderate,2017,4,29,Spring
Bengaluru,2017-04-30,13.3,111.3,9.57,45.34,0.0,23.483477,0.46,5.04,22.75,1.62,1.42,3.0701277,65.0,Satisfactory,2017,4,30,Spring
Bengaluru,2017-05-01,20.32,80.58,6.21,31.84,0.0,25.82,0.39,4.82,39.36,0.96,0.75,3.0701277,77.0,Satisfactory,2017,5,1,Spring
Bengaluru,2017-05-02,24.2,78.44,8.2,41.08,0.0,26.1,0.35,4.88,24.89,0.92,0.85,3.0701277,60.0,Satisfactory,2017,5,2,Spring
Bengaluru,2017-05-03,66.24,87.15,10.17,35.96,0.0,28.37,0.48,6.26,34.491432,3.2808404,0.0,3.0701277,84.0,Satisfactory,2017,5,3,Spring
Bengaluru,2017-05-04,42.2,90.14,12.03,43.35,0.0,22.96,0.47,5.54,17.45,1.59,1.55,3.0701277,94.0,Satisfactory,2017,5,4,Spring
Bengaluru,2017-05-05,28.27,85.96,8.55,42.47,0.0,31.0,0.62,5.76,6.19,2.33,1.76,3.0701277,80.0,Satisfactory,2017,5,5,Spring
Bengaluru,2017-05-06,40.02,92.31,7.67,37.46,0.0,31.4,0.49,5.88,34.491432,1.54,1.17,3.0701277,89.0,Satisfactory,2017,5,6,Spring
Bengaluru,2017-05-07,30.26,76.29,6.46,29.37,0.0,22.61,0.4,5.31,29.52,2.69,1.0,3.0701277,98.0,Satisfactory,2017,5,7,Spring
Bengaluru,2017-05-08,27.66,57.56,6.67,31.17,0.0,29.12,0.43,4.16,52.55,2.34,1.14,3.0701277,82.0,Satisfactory,2017,5,8,Spring
Bengaluru,2017-05-09,32.01,57.82,4.81,31.86,0.0,30.32,0.23,3.67,33.71,1.6,1.22,3.0701277,69.0,Satisfactory,2017,5,9,Spring
Bengaluru,2017-05-10,23.19,74.07,4.28,32.79,0.0,31.83,0.18,2.54,25.26,0.75,0.73,3.0701277,41.0,Good,2017,5,10,Spring
Bengaluru,2017-05-11,28.52,35.51,5.81,39.12,0.0,22.39,0.42,8.55,36.74,1.06,1.26,3.0701277,53.0,Satisfactory,2017,5,11,Spring
Bengaluru,2017-05-12,50.58,62.09,5.9,23.23,0.0,11.61,0.52,15.38,10.9,0.98,1.49,3.0701277,68.0,Satisfactory,2017,5,12,Spring
Bengaluru,2017-05-13,120.56,73.92,6.92,26.63,0.0,11.24,0.49,8.45,18.96,1.66,1.58,3.0701277,156.0,Moderate,2017,5,13,Spring
Bengaluru,2017-05-14,25.22,73.47,6.26,30.63,0.0,18.05,0.54,3.65,16.82,1.37,1.28,3.0701277,101.0,Moderate,2017,5,14,Spring
Bengaluru,2017-05-15,14.94,50.05,5.02,26.57,0.0,18.34,0.52,3.52,38.46,0.84,0.82,3.0701277,52.0,Satisfactory,2017,5,15,Spring
Bengaluru,2017-05-16,19.1,65.84,3.8,29.5,0.0,17.72,0.36,3.83,34.53,1.46,1.27,3.0701277,56.0,Satisfactory,2017,5,16,Spring
Bengaluru,2017-05-17,22.93,65.3,3.62,26.74,0.0,18.17,0.38,3.73,45.09,1.03,0.91,3.0701277,67.0,Satisfactory,2017,5,17,Spring
Bengaluru,2017-05-18,36.58,59.73,4.78,27.92,0.0,15.07,0.66,3.32,13.13,1.06,0.98,3.0701277,70.0,Satisfactory,2017,5,18,Spring
Bengaluru,2017-05-19,20.87,45.38,5.6,32.01,0.0,18.85,0.56,3.49,21.6,1.15,1.25,3.0701277,64.0,Satisfactory,2017,5,19,Spring
Bengaluru,2017-05-20,17.43,68.76,9.54,37.75,0.0,23.79,0.37,3.49,21.87,1.43,1.17,3.0701277,50.0,Good,2017,5,20,Spring
Bengaluru,2017-05-21,12.53,50.36,8.01,34.15,0.0,23.65,0.37,3.51,23.31,0.9,0.79,3.0701277,59.0,Satisfactory,2017,5,21,Spring
Bengaluru,2017-05-22,16.58,69.24,8.33,33.06,0.0,23.78,0.33,2.99,13.76,1.32,1.25,3.0701277,44.0,Good,2017,5,22,Spring
Bengaluru,2017-05-23,25.83,63.33,8.79,37.11,0.0,24.31,0.41,3.57,20.05,1.28,1.23,3.0701277,58.0,Satisfactory,2017,5,23,Spring
Bengaluru,2017-05-24,19.58,58.26,5.7,30.27,0.0,23.85,0.33,3.77,26.67,1.32,1.43,3.0701277,62.0,Satisfactory,2017,5,24,Spring
Bengaluru,2017-05-25,21.39,59.53,6.42,29.53,0.0,23.75,0.38,3.75,16.72,1.21,1.16,3.0701277,57.0,Satisfactory,2017,5,25,Spring
Bengaluru,2017-05-26,24.85,69.0,6.67,26.78,0.0,23.65,0.41,3.65,11.46,0.68,0.58,3.0701277,66.0,Satisfactory,2017,5,26,Spring
Bengaluru,2017-05-27,18.21,44.46,7.45,29.32,0.0,23.57,0.42,3.6,18.34,0.93,1.14,3.0701277,47.0,Good,2017,5,27,Spring
Bengaluru,2017-05-28,19.75,52.33,6.48,25.4,0.0,23.46,0.28,3.66,12.12,0.62,0.59,3.0701277,41.0,Good,2017,5,28,Spring
Bengaluru,2017-05-29,21.08,60.65,6.93,26.89,0.0,23.67,0.34,3.32,9.02,0.56,0.39,3.0701277,43.0,Good,2017,5,29,Spring
Bengaluru,2017-05-30,23.2,56.28,4.93,25.22,0.0,23.64,0.26,3.33,9.85,0.59,0.44,3.0701277,46.0,Good,2017,5,30,Spring
Bengaluru,2017-05-31,22.87,77.5,4.43,27.67,0.0,23.73,0.17,3.09,9.92,0.65,0.42,3.0701277,42.0,Good,2017,5,31,Spring
Bengaluru,2017-06-01,22.79,59.56,5.31,31.62,0.0,23.75,0.68,4.57,10.13,0.68,0.58,3.0701277,54.0,Satisfactory,2017,6,1,Summer
Bengaluru,2017-06-02,20.19,60.05,5.35,32.25,0.0,23.66,0.35,3.89,8.69,0.67,0.42,3.0701277,52.0,Satisfactory,2017,6,2,Summer
Bengaluru,2017-06-03,20.98,56.9,7.0,33.91,0.0,23.86,0.3,3.08,8.19,0.57,0.25,3.0701277,42.0,Good,2017,6,3,Summer
Bengaluru,2017-06-04,13.39,118.127106,4.09,24.89,32.309124,23.483477,2.248598,1.33,7.55,0.75,0.56,3.0701277,28.0,Good,2017,6,4,Summer
Bengaluru,2017-06-05,21.81,82.88,4.91,31.17,0.0,23.75,0.98,4.21,8.38,0.9,0.78,3.0701277,29.0,Good,2017,6,5,Summer
Bengaluru,2017-06-06,22.93,49.92,4.85,30.17,0.0,23.64,0.85,3.86,7.92,0.93,0.94,3.0701277,54.0,Satisfactory,2017,6,6,Summer
Bengaluru,2017-06-07,22.94,32.85,7.4,27.88,0.0,23.83,0.53,4.37,10.29,0.82,0.88,3.0701277,47.0,Good,2017,6,7,Summer
Bengaluru,2017-06-08,20.75,75.64,3.35,25.47,0.0,23.61,0.59,4.56,14.64,0.84,1.07,3.0701277,51.0,Satisfactory,2017,6,8,Summer
Bengaluru,2017-06-09,23.65,82.24,5.32,27.84,0.0,23.79,0.65,4.59,19.12,0.87,0.95,3.0701277,55.0,Satisfactory,2017,6,9,Summer
Bengaluru,2017-06-10,19.78,91.96,7.02,31.35,0.0,23.65,0.61,4.87,19.88,0.6,0.57,3.0701277,54.0,Satisfactory,2017,6,10,Summer
Bengaluru,2017-06-11,16.51,77.75,7.41,30.97,0.0,23.52,0.54,4.72,19.08,0.46,0.39,3.0701277,51.0,Satisfactory,2017,6,11,Summer
Bengaluru,2017-06-12,19.12,65.59,7.04,28.24,0.0,23.68,0.58,4.79,19.47,0.68,0.57,3.0701277,45.0,Good,2017,6,12,Summer
Bengaluru,2017-06-13,21.6,100.65,6.02,28.56,0.0,23.7,0.8,4.33,19.68,0.71,0.61,3.0701277,44.0,Good,2017,6,13,Summer
Bengaluru,2017-06-14,19.77,95.84,6.27,29.47,0.0,23.66,0.63,4.24,21.06,0.63,0.57,3.0701277,59.0,Satisfactory,2017,6,14,Summer
Bengaluru,2017-06-15,24.56,112.8,7.97,31.52,0.0,23.69,0.87,4.74,20.85,0.7,0.9,3.0701277,76.0,Satisfactory,2017,6,15,Summer
Bengaluru,2017-06-16,24.66,89.59,9.56,31.25,0.0,23.91,0.62,5.71,18.43,1.0,1.93,3.0701277,65.0,Satisfactory,2017,6,16,Summer
Bengaluru,2017-06-17,24.18,87.23,7.17,30.54,0.0,23.92,0.56,4.36,20.06,0.94,1.87,3.0701277,60.0,Satisfactory,2017,6,17,Summer
Bengaluru,2017-06-18,17.82,92.85,3.68,26.38,0.0,23.74,0.63,5.21,9.1,0.72,0.78,3.0701277,57.0,Satisfactory,2017,6,18,Summer
Bengaluru,2017-06-19,16.61,85.76,4.02,25.73,0.0,23.76,0.58,4.74,10.17,1.03,1.11,3.0701277,50.0,Good,2017,6,19,Summer
Bengaluru,2017-06-20,24.03,90.54,3.55,25.75,0.0,23.87,0.61,6.85,7.75,1.0,0.85,3.0701277,53.0,Satisfactory,2017,6,20,Summer
Bengaluru,2017-06-21,19.58,110.37,3.13,30.5,0.0,23.87,0.6,7.44,13.04,0.79,0.78,3.0701277,70.0,Satisfactory,2017,6,21,Summer
Bengaluru,2017-06-22,21.05,71.41,3.57,26.66,0.0,23.97,0.62,5.8,8.43,0.92,0.81,3.0701277,60.0,Satisfactory,2017,6,22,Summer
Bengaluru,2017-06-23,24.53,38.64,9.1,30.26,0.0,23.86,0.58,7.02,13.82,0.68,0.54,3.0701277,54.0,Satisfactory,2017,6,23,Summer
Bengaluru,2017-06-24,25.35,123.16,19.79,45.04,0.0,35.99,0.55,6.42,10.04,0.6,0.46,3.0701277,60.0,Satisfactory,2017,6,24,Summer
Bengaluru,2017-06-25,25.16,89.68,17.58,39.31,0.0,31.68,0.56,5.68,7.84,0.58,0.49,3.0701277,71.0,Satisfactory,2017,6,25,Summer
Bengaluru,2017-06-26,31.13,96.37,12.54,37.52,0.0,31.96,1.16,7.96,8.44,1.73,1.44,3.0701277,138.0,Moderate,2017,6,26,Summer
Bengaluru,2017-06-27,37.61,111.77,13.6,38.89,0.0,31.97,0.83,6.63,8.39,0.52,0.43,3.0701277,78.0,Satisfactory,2017,6,27,Summer
Bengaluru,2017-06-28,37.34,97.49,10.09,34.73,0.0,32.02,0.6,6.63,8.99,0.51,0.4,3.0701277,82.0,Satisfactory,2017,6,28,Summer
Bengaluru,2017-06-29,36.44,78.38,12.12,31.89,0.0,32.05,0.42,6.62,9.92,0.54,0.41,3.0701277,76.0,Satisfactory,2017,6,29,Summer
Bengaluru,2017-06-30,35.4,107.39,15.16,33.89,0.0,31.99,0.69,6.63,10.32,0.59,0.44,3.0701277,76.0,Satisfactory,2017,6,30,Summer
Bengaluru,2017-07-01,25.33,129.55,24.27,39.99,0.0,31.77,0.67,7.11,11.34,0.67,0.4,3.0701277,92.0,Satisfactory,2017,7,1,Summer
Bengaluru,2017-07-02,30.07,110.45,54.79,68.84,0.0,90.01,1.64,6.55,10.47,0.67,1.96,3.0701277,160.0,Moderate,2017,7,2,Summer
Bengaluru,2017-07-03,25.82,93.48,43.48,68.34,0.0,104.87,0.69,6.23,10.21,0.76,0.49,3.0701277,92.0,Satisfactory,2017,7,3,Summer
Bengaluru,2017-07-04,67.45058,82.18,20.75,32.27,0.0,23.483477,0.59,5.81,9.67,0.51,0.42,3.0701277,85.0,Satisfactory,2017,7,4,Summer
Bengaluru,2017-07-05,67.45058,87.64,17.99,30.38,0.0,23.483477,0.62,4.7,8.98,0.86,0.75,3.0701277,93.0,Satisfactory,2017,7,5,Summer
Bengaluru,2017-07-06,67.45058,79.21,13.97,27.42,0.0,23.483477,0.52,3.82,9.26,0.9,0.81,3.0701277,87.0,Satisfactory,2017,7,6,Summer
Bengaluru,2017-07-07,67.45058,126.74,15.39,27.96,0.0,23.483477,0.56,3.86,12.39,0.96,0.84,3.0701277,166.46358,Moderate,2017,7,7,Summer
Bengaluru,2017-07-08,313.59,120.31,24.05,32.94,0.0,29.43,0.69,4.97,9.39,1.09,0.73,3.0701277,108.0,Moderate,2017,7,8,Summer
Bengaluru,2017-07-09,35.29,109.11,17.04,31.08,0.0,32.09,0.6,5.16,9.34,0.78,0.5,3.0701277,112.0,Moderate,2017,7,9,Summer
Bengaluru,2017-07-10,33.44,102.45,13.86,29.55,0.0,32.39,0.63,5.33,10.61,0.8,0.56,3.0701277,102.0,Moderate,2017,7,10,Summer
Bengaluru,2017-07-11,29.38,88.16,17.23,29.5,0.0,30.96,0.64,4.09,12.44,0.74,0.63,3.0701277,78.0,Satisfactory,2017,7,11,Summer
Bengaluru,2017-07-12,27.64,76.48,12.48,26.82,0.0,27.05,0.68,5.16,18.42,1.0,1.04,3.0701277,67.0,Satisfactory,2017,7,12,Summer
Bengaluru,2017-07-13,28.97,95.74,16.61,30.58,0.0,27.1,1.53,4.45,24.82,0.81,0.69,3.0701277,74.0,Satisfactory,2017,7,13,Summer
Bengaluru,2017-07-14,22.68,96.47,13.31,30.3,0.0,26.36,0.67,5.41,47.62,0.69,0.54,3.0701277,72.0,Satisfactory,2017,7,14,Summer
Bengaluru,2017-07-15,22.43,112.32,16.15,32.43,0.0,26.88,0.6,7.9,47.14,0.73,0.57,3.0701277,82.0,Satisfactory,2017,7,15,Summer
Bengaluru,2017-07-16,17.2,98.67,13.34,31.1,0.0,26.78,0.52,6.3,23.82,0.59,0.41,3.0701277,61.0,Satisfactory,2017,7,16,Summer
Bengaluru,2017-07-17,21.05,110.36,11.56,30.06,0.0,26.87,0.58,4.72,44.94,0.66,0.42,3.0701277,68.0,Satisfactory,2017,7,17,Summer
Bengaluru,2017-07-18,18.45,82.75,12.68,29.79,0.0,26.88,0.62,4.58,27.09,0.59,0.49,3.0701277,68.0,Satisfactory,2017,7,18,Summer
Bengaluru,2017-07-19,16.44,66.58,18.77,31.75,0.0,27.04,0.68,4.71,30.16,0.59,0.51,3.0701277,60.0,Satisfactory,2017,7,19,Summer
Bengaluru,2017-07-20,31.68,87.62,16.76,31.34,0.0,26.84,0.65,5.1,54.5,0.41,0.38,3.0701277,61.0,Satisfactory,2017,7,20,Summer
Bengaluru,2017-07-21,21.53,104.24,15.46,31.7,0.0,26.79,1.12,5.3,41.97,0.61,1.18,3.0701277,111.0,Moderate,2017,7,21,Summer
Bengaluru,2017-07-22,20.15,120.48,17.16,33.19,0.0,27.12,1.35,4.29,53.85,0.57,1.38,3.0701277,132.0,Moderate,2017,7,22,Summer
Bengaluru,2017-07-23,17.34,117.82,15.55,32.36,0.0,26.75,1.08,5.61,24.37,0.54,1.07,3.0701277,107.0,Moderate,2017,7,23,Summer
Bengaluru,2017-07-24,24.23,111.03,10.47,31.45,0.0,26.97,1.08,5.68,42.69,0.76,1.14,3.0701277,109.0,Moderate,2017,7,24,Summer
Bengaluru,2017-07-25,28.54,99.2,11.09,30.72,0.0,27.22,1.4,5.2,50.04,0.55,3.18,3.0701277,164.0,Moderate,2017,7,25,Summer
Bengaluru,2017-07-26,23.68,105.63,9.88,30.53,0.0,26.72,0.59,4.73,51.12,0.53,0.36,3.0701277,85.0,Satisfactory,2017,7,26,Summer
Bengaluru,2017-07-27,24.49,95.5,10.99,31.02,0.0,27.03,0.59,5.17,55.9,0.76,0.59,3.0701277,83.0,Satisfactory,2017,7,27,Summer
Bengaluru,2017-07-28,21.77,77.97,9.59,28.74,0.0,26.46,1.17,4.57,51.05,0.88,0.79,3.0701277,122.0,Moderate,2017,7,28,Summer
Bengaluru,2017-07-29,27.91,88.52,9.68,29.8,0.0,26.99,1.07,4.72,56.82,0.8,1.34,3.0701277,119.0,Moderate,2017,7,29,Summer
Bengaluru,2017-07-30,22.36,91.72,11.51,29.57,0.0,26.87,1.07,4.67,23.6,0.62,1.27,3.0701277,94.0,Satisfactory,2017,7,30,Summer
Bengaluru,2017-07-31,27.27,90.24,8.0,28.65,0.0,26.22,0.48,5.23,45.36,0.8,0.82,3.0701277,89.0,Satisfactory,2017,7,31,Summer
Bengaluru,2017-08-01,26.57,91.01,7.35,26.22,0.0,24.62,1.5,5.34,54.93,1.07,2.03,3.0701277,136.0,Moderate,2017,8,1,Summer
Bengaluru,2017-08-02,20.74,91.07,12.96,26.36,0.0,24.78,1.77,5.6,41.25,0.74,0.63,3.0701277,130.0,Moderate,2017,8,2,Summer
Bengaluru,2017-08-03,17.67,74.63,16.81,25.46,0.0,24.54,2.95,5.31,39.16,0.74,2.39,3.0701277,160.0,Moderate,2017,8,3,Summer
Bengaluru,2017-08-04,13.74,62.14,10.46,25.64,0.0,24.15,0.63,5.89,25.85,0.8,0.98,3.0701277,55.0,Satisfactory,2017,8,4,Summer
Bengaluru,2017-08-05,17.69,78.23,9.01,27.5,0.0,24.57,1.27,5.13,30.04,0.78,1.64,3.0701277,106.0,Moderate,2017,8,5,Summer
Bengaluru,2017-08-06,15.21,81.72,8.53,27.33,0.0,24.46,2.44,5.32,6.06,0.64,3.42,3.0701277,127.0,Moderate,2017,8,6,Summer
Bengaluru,2017-08-07,22.82,88.33,8.83,27.76,0.0,24.53,2.91,5.27,54.59,0.71,3.19,3.0701277,176.0,Moderate,2017,8,7,Summer
Bengaluru,2017-08-08,21.07,99.54,8.48,27.75,0.0,24.43,2.01,5.79,48.17,0.74,1.98,3.0701277,143.0,Moderate,2017,8,8,Summer
Bengaluru,2017-08-09,22.31,92.2,14.25,29.38,0.0,24.68,0.95,5.12,33.6,1.17,1.19,3.0701277,74.0,Satisfactory,2017,8,9,Summer
Bengaluru,2017-08-10,14.14,77.12,10.87,27.85,0.0,24.56,0.61,4.46,9.71,1.01,1.06,3.0701277,50.0,Good,2017,8,10,Summer
Bengaluru,2017-08-11,10.11,71.85,14.03,32.5,0.0,24.42,0.68,4.06,16.65,1.22,1.39,3.0701277,56.0,Satisfactory,2017,8,11,Summer
Bengaluru,2017-08-12,3.91,61.7,12.54,32.46,0.0,23.483477,0.86,5.24,18.87,1.02,1.34,3.0701277,50.0,Good,2017,8,12,Summer
Bengaluru,2017-08-13,4.69,116.59,16.42,32.78,32.309124,23.483477,1.14,4.6,23.74,1.21,1.11,3.0701277,67.0,Satisfactory,2017,8,13,Summer
Bengaluru,2017-08-14,19.41,115.3,12.81,32.52,0.0,22.95,0.96,4.92,26.54,1.33,1.47,3.0701277,82.0,Satisfactory,2017,8,14,Summer
Bengaluru,2017-08-15,20.88,68.12,14.75,29.7,0.0,24.17,0.64,5.4,7.35,0.84,0.84,3.0701277,70.0,Satisfactory,2017,8,15,Summer
Bengaluru,2017-08-16,17.91,60.6,7.34,24.95,0.0,24.61,1.01,5.43,20.51,1.09,1.18,3.0701277,65.0,Satisfactory,2017,8,16,Summer
Bengaluru,2017-08-17,18.42,78.23,5.51,29.56,0.0,24.71,1.25,4.51,21.86,1.03,0.76,3.0701277,70.0,Satisfactory,2017,8,17,Summer
Bengaluru,2017-08-18,14.92,57.1,7.89,30.9,0.0,24.69,0.61,4.3,21.39,0.91,0.88,3.0701277,64.0,Satisfactory,2017,8,18,Summer
Bengaluru,2017-08-19,18.66,53.12,9.13,27.62,0.0,24.52,0.68,4.7,20.13,0.77,0.66,3.0701277,57.0,Satisfactory,2017,8,19,Summer
Bengaluru,2017-08-20,10.89,61.8,16.11,29.64,0.0,24.3,1.02,4.93,11.17,1.04,0.54,3.0701277,63.0,Satisfactory,2017,8,20,Summer
Bengaluru,2017-08-21,14.53,88.86,11.74,28.09,0.0,24.48,0.95,4.92,16.04,0.71,0.56,3.0701277,48.0,Good,2017,8,21,Summer
Bengaluru,2017-08-22,18.87,89.66,11.4,26.93,0.0,24.4,0.89,5.08,20.89,0.68,0.67,3.0701277,63.0,Satisfactory,2017,8,22,Summer
Bengaluru,2017-08-23,18.18,75.76,9.12,26.59,0.0,24.3,0.85,4.21,27.15,0.95,1.01,3.0701277,62.0,Satisfactory,2017,8,23,Summer
Bengaluru,2017-08-24,59.05,66.25,11.58,27.01,0.0,24.49,0.71,4.66,21.84,1.03,1.31,3.0701277,68.0,Satisfactory,2017,8,24,Summer
Bengaluru,2017-08-25,97.97,49.59,8.83,25.15,0.0,24.22,0.57,4.71,19.86,0.85,0.82,3.0701277,172.0,Moderate,2017,8,25,Summer
Bengaluru,2017-08-26,14.19,72.62,9.51,26.25,0.0,25.06,0.97,4.61,19.83,0.61,0.54,3.0701277,91.0,Satisfactory,2017,8,26,Summer
Bengaluru,2017-08-27,11.71,48.41,11.76,26.08,0.0,24.2,0.67,4.85,7.65,0.58,0.64,3.0701277,39.0,Good,2017,8,27,Summer
Bengaluru,2017-08-28,17.58,89.92,15.21,28.01,0.0,24.36,0.86,5.52,13.12,0.55,0.62,3.0701277,47.0,Good,2017,8,28,Summer
Bengaluru,2017-08-29,16.33,100.74,15.67,28.51,0.0,24.61,1.01,4.79,14.98,0.5,0.57,3.0701277,57.0,Satisfactory,2017,8,29,Summer
Bengaluru,2017-08-30,20.42,90.87,10.24,26.31,0.0,24.58,0.85,4.85,16.33,0.69,0.69,3.0701277,56.0,Satisfactory,2017,8,30,Summer
Bengaluru,2017-08-31,24.96,111.68,7.86,26.74,0.0,24.78,0.77,5.48,24.66,0.92,1.05,3.0701277,69.0,Satisfactory,2017,8,31,Summer
Bengaluru,2017-09-01,158.67,86.06,12.57,26.66,0.0,24.45,1.25,4.92,13.48,1.37,1.78,3.0701277,200.0,Moderate,2017,9,1,Autumn
Bengaluru,2017-09-02,114.92,87.12,24.01,31.99,0.0,24.44,0.82,4.8,15.86,1.44,2.18,3.0701277,135.0,Moderate,2017,9,2,Autumn
Bengaluru,2017-09-03,14.2,59.94,16.73,30.59,0.0,24.2,0.68,4.77,29.74,0.9,1.2,3.0701277,107.0,Moderate,2017,9,3,Autumn
Bengaluru,2017-09-04,39.74,85.24,15.95,30.16,0.0,24.42,0.77,4.65,23.83,1.18,1.56,3.0701277,74.0,Satisfactory,2017,9,4,Autumn
Bengaluru,2017-09-05,14.2,98.1,13.44,28.6,0.0,24.44,1.34,5.28,23.99,1.59,1.86,3.0701277,79.0,Satisfactory,2017,9,5,Autumn
Bengaluru,2017-09-06,21.2,49.13,14.2,28.55,0.0,24.13,0.63,5.28,27.63,1.11,1.57,3.0701277,101.0,Moderate,2017,9,6,Autumn
Bengaluru,2017-09-07,9.57,100.44,14.26,30.93,0.0,24.37,0.7,5.62,12.5,1.37,1.83,3.0701277,60.0,Satisfactory,2017,9,7,Autumn
Bengaluru,2017-09-08,32.86,72.73,11.97,30.75,0.0,24.37,0.91,4.7,34.54,1.41,1.81,3.0701277,75.0,Satisfactory,2017,9,8,Autumn
Bengaluru,2017-09-09,22.63,83.19,17.49,36.31,0.0,24.34,0.69,4.83,15.06,1.44,2.21,3.0701277,114.0,Moderate,2017,9,9,Autumn
Bengaluru,2017-09-10,14.52,93.49,31.66,39.24,0.0,23.483477,0.68,5.96,9.66,0.94,1.27,3.0701277,57.0,Satisfactory,2017,9,10,Autumn
Bengaluru,2017-09-11,15.27,115.56,24.71,42.37,0.0,23.483477,0.73,6.18,9.5,1.11,1.03,3.0701277,68.0,Satisfactory,2017,9,11,Autumn
Bengaluru,2017-09-12,17.48,104.51,16.21,39.09,0.0,25.28,0.73,5.45,11.3,1.04,1.01,3.0701277,68.0,Satisfactory,2017,9,12,Autumn
Bengaluru,2017-09-13,16.5,108.42,12.07,34.8,0.0,24.62,0.67,4.68,12.87,0.96,1.11,3.0701277,59.0,Satisfactory,2017,9,13,Autumn
Bengaluru,2017-09-14,14.05,90.68,9.17,29.42,0.0,24.2,0.94,4.4,28.38,0.81,1.22,3.0701277,63.0,Satisfactory,2017,9,14,Autumn
Bengaluru,2017-09-15,8.58,71.81,11.34,31.38,0.0,25.08,0.58,4.68,18.53,0.93,1.01,3.0701277,52.0,Satisfactory,2017,9,15,Autumn
Bengaluru,2017-09-16,8.49,92.8,11.49,31.42,0.0,24.21,0.37,5.42,14.39,0.63,0.67,3.0701277,49.0,Good,2017,9,16,Autumn
Bengaluru,2017-09-17,7.02,52.78,12.3,31.84,0.0,23.37,0.42,5.52,5.9,0.55,0.64,3.0701277,40.0,Good,2017,9,17,Autumn
Bengaluru,2017-09-18,8.57,66.31,8.79,28.46,0.0,23.92,0.42,5.12,6.18,0.5,0.54,3.0701277,43.0,Good,2017,9,18,Autumn
Bengaluru,2017-09-19,7.68,87.05,8.76,29.35,0.0,23.97,0.42,5.56,19.64,0.55,0.55,3.0701277,44.0,Good,2017,9,19,Autumn
Bengaluru,2017-09-20,10.21,81.53,6.9,28.47,0.0,24.05,0.47,5.14,25.61,0.5,0.51,3.0701277,52.0,Satisfactory,2017,9,20,Autumn
Bengaluru,2017-09-21,12.64,80.51,7.32,28.19,0.0,24.04,0.38,5.16,24.16,0.57,0.6,3.0701277,51.0,Satisfactory,2017,9,21,Autumn
Bengaluru,2017-09-22,17.93,80.49,6.28,27.46,0.0,24.05,0.35,4.89,28.96,0.9,0.91,3.0701277,51.0,Satisfactory,2017,9,22,Autumn
Bengaluru,2017-09-23,21.62,91.14,10.16,30.95,0.0,24.15,0.4,5.3,41.31,1.65,2.24,3.0701277,76.0,Satisfactory,2017,9,23,Autumn
Bengaluru,2017-09-24,23.7,112.5,15.23,35.09,0.0,24.18,0.49,6.04,29.38,1.7,1.99,3.0701277,76.0,Satisfactory,2017,9,24,Autumn
Bengaluru,2017-09-25,19.26,53.18,8.88,29.23,0.0,23.77,0.4,5.49,24.14,1.31,1.97,3.0701277,57.0,Satisfactory,2017,9,25,Autumn
Bengaluru,2017-09-26,22.47,76.88,8.48,29.13,0.0,23.87,0.48,4.76,27.37,1.17,1.75,3.0701277,65.0,Satisfactory,2017,9,26,Autumn
Bengaluru,2017-09-27,28.3,50.86,15.29,38.34,0.0,22.64,0.57,6.16,7.85,1.23,2.04,3.0701277,83.0,Satisfactory,2017,9,27,Autumn
Bengaluru,2017-09-28,21.59,90.26,4.57,24.81,0.0,21.83,0.32,4.63,21.6,1.08,1.0,3.0701277,56.0,Satisfactory,2017,9,28,Autumn
Bengaluru,2017-09-29,22.36,71.25,7.58,29.64,0.0,23.84,0.5,5.13,8.95,0.85,0.69,3.0701277,58.0,Satisfactory,2017,9,29,Autumn
Bengaluru,2017-09-30,30.65,68.52,7.05,26.24,0.0,23.87,0.45,5.74,29.89,1.1,1.08,3.0701277,61.0,Satisfactory,2017,9,30,Autumn
Bengaluru,2017-10-01,20.01,57.46,5.63,27.01,1.37,23.86,0.38,4.53,21.92,0.96,0.92,3.0701277,66.0,Satisfactory,2017,10,1,Autumn
Bengaluru,2017-10-02,20.5,46.54,38.94,25.68,1.8,23.89,0.52,5.64,34.02,0.88,0.75,3.0701277,69.0,Satisfactory,2017,10,2,Autumn
Bengaluru,2017-10-03,22.85,63.75,6.46,25.43,1.81,23.95,0.49,4.49,29.93,0.88,0.83,3.0701277,62.0,Satisfactory,2017,10,3,Autumn
Bengaluru,2017-10-04,121.63,67.04,4.69,24.72,7.5,23.88,0.57,5.36,30.31,1.35,1.16,3.0701277,125.0,Moderate,2017,10,4,Autumn
Bengaluru,2017-10-05,21.36,42.33,13.18,32.24,21.6,24.02,0.66,5.07,10.53,0.97,1.11,3.0701277,126.0,Moderate,2017,10,5,Autumn
Bengaluru,2017-10-06,24.73,55.39,8.58,28.49,17.21,24.05,0.6,5.66,28.31,1.38,1.78,3.0701277,80.0,Satisfactory,2017,10,6,Autumn
Bengaluru,2017-10-07,29.16,70.61,9.98,26.77,17.23,25.33,0.58,4.55,21.99,1.16,1.67,3.0701277,70.0,Satisfactory,2017,10,7,Autumn
Bengaluru,2017-10-08,78.14,65.04,7.57,22.5,14.42,26.27,0.58,4.22,35.86,1.1,1.31,3.0701277,104.0,Moderate,2017,10,8,Autumn
Bengaluru,2017-10-09,26.08,71.87,9.19,25.0,15.19,26.53,1.35,5.2,20.43,2.17,2.84,3.0701277,83.0,Satisfactory,2017,10,9,Autumn
Bengaluru,2017-10-10,32.21,73.85,9.9,29.03,14.78,26.4,2.02,3.93,45.08,1.3,4.13,3.0701277,130.0,Moderate,2017,10,10,Autumn
Bengaluru,2017-10-11,22.5,62.71,14.24,31.64,17.4,26.24,0.64,4.38,34.99,1.7,2.37,3.0701277,79.0,Satisfactory,2017,10,11,Autumn
Bengaluru,2017-10-12,27.29,54.56,10.47,30.86,16.24,26.64,0.57,4.2,22.7,1.65,2.39,3.0701277,71.0,Satisfactory,2017,10,12,Autumn
Bengaluru,2017-10-13,24.83,52.24,10.69,30.63,16.58,26.23,0.5,4.49,14.59,1.63,2.33,3.0701277,61.0,Satisfactory,2017,10,13,Autumn
Bengaluru,2017-10-14,32.61,44.65,10.09,28.07,15.1,26.16,0.48,4.64,9.9,1.41,2.03,3.0701277,67.0,Satisfactory,2017,10,14,Autumn
Bengaluru,2017-10-15,40.34,50.86,14.0,34.04,18.62,26.03,0.46,4.22,13.39,0.93,1.22,3.0701277,73.0,Satisfactory,2017,10,15,Autumn
Bengaluru,2017-10-16,21.63,76.61,9.41,29.07,15.09,26.29,0.43,4.05,15.03,2.11,2.24,3.0701277,58.0,Satisfactory,2017,10,16,Autumn
Bengaluru,2017-10-17,27.86,118.88,14.4,35.25,21.29,26.83,0.55,4.37,17.23,3.02,3.41,3.0701277,64.0,Satisfactory,2017,10,17,Autumn
Bengaluru,2017-10-18,39.39,188.67,18.27,41.73,23.66,26.76,0.62,4.81,27.54,2.92,3.57,3.0701277,98.0,Satisfactory,2017,10,18,Autumn
Bengaluru,2017-10-19,44.66,147.94,12.47,32.42,21.72,26.71,0.57,4.39,34.64,1.21,2.2,3.0701277,98.0,Satisfactory,2017,10,19,Autumn
Bengaluru,2017-10-20,79.76,264.9,14.24,40.38,22.47,26.81,0.58,5.88,38.72,1.6,2.51,3.0701277,177.0,Moderate,2017,10,20,Autumn
Bengaluru,2017-10-21,39.67,157.62,8.15,32.18,16.86,26.51,0.87,5.69,34.89,1.01,1.49,3.0701277,129.0,Moderate,2017,10,21,Autumn
Bengaluru,2017-10-22,22.44,118.74,8.29,31.05,14.94,26.26,0.79,5.32,28.1,0.81,1.27,3.0701277,79.0,Satisfactory,2017,10,22,Autumn
Bengaluru,2017-10-23,26.85,123.41,9.24,33.32,17.72,26.38,1.08,5.39,33.95,1.18,1.86,3.0701277,80.0,Satisfactory,2017,10,23,Autumn
Bengaluru,2017-10-24,42.56,176.27,15.76,44.63,25.27,26.59,1.26,5.62,27.3,1.87,2.58,3.0701277,94.0,Satisfactory,2017,10,24,Autumn
Bengaluru,2017-10-25,35.29,134.15,16.44,43.04,26.42,26.4,1.59,4.42,20.57,0.91,1.07,3.0701277,96.0,Satisfactory,2017,10,25,Autumn
Bengaluru,2017-10-26,25.49,88.04,17.04,39.14,22.64,26.39,1.22,4.26,12.69,0.54,0.85,3.0701277,75.0,Satisfactory,2017,10,26,Autumn
Bengaluru,2017-10-27,26.03,87.11,13.99,36.53,19.54,26.4,1.03,4.26,19.69,0.59,0.81,3.0701277,66.0,Satisfactory,2017,10,27,Autumn
Bengaluru,2017-10-28,37.38,91.81,15.78,39.18,22.25,26.62,1.55,4.97,32.07,0.53,0.67,3.0701277,80.0,Satisfactory,2017,10,28,Autumn
Bengaluru,2017-10-29,47.47,100.35,15.01,39.01,21.46,26.6,1.08,4.3,36.67,0.0,0.06,3.0701277,98.0,Satisfactory,2017,10,29,Autumn
Bengaluru,2017-10-30,45.49,82.59,9.57,32.5,16.63,26.61,0.77,3.71,32.74,0.0,0.04,3.0701277,102.0,Moderate,2017,10,30,Autumn
Bengaluru,2017-10-31,122.41,68.08,12.13,33.67,24.36,26.65,0.84,3.6,47.84,0.0,0.19,3.0701277,120.0,Moderate,2017,10,31,Autumn
Bengaluru,2017-11-01,39.88,56.91,6.5,24.85,47.53,26.39,0.48,2.66,43.92,0.0,0.06,3.0701277,141.0,Moderate,2017,11,1,Autumn
Bengaluru,2017-11-02,66.54,57.13,7.2,26.81,50.52,26.14,0.44,4.15,44.38,0.0,0.09,3.0701277,120.0,Moderate,2017,11,2,Autumn
Bengaluru,2017-11-03,58.73,73.54,8.53,29.41,62.33,26.64,0.56,5.08,52.18,0.0,0.15,3.0701277,159.0,Moderate,2017,11,3,Autumn
Bengaluru,2017-11-04,41.02,64.65,14.44,34.07,27.96,26.61,0.76,3.3,43.23,0.02,0.11,3.0701277,125.0,Moderate,2017,11,4,Autumn
Bengaluru,2017-11-05,26.7,29.28,14.87,29.05,23.52,26.44,0.69,3.33,17.19,0.0,0.0,3.0701277,59.0,Satisfactory,2017,11,5,Autumn
Bengaluru,2017-11-06,22.05,27.3,11.58,29.82,22.24,26.93,0.75,3.15,6.75,0.0,0.25,3.0701277,49.0,Good,2017,11,6,Autumn
Bengaluru,2017-11-07,27.98,42.42,13.12,33.64,25.13,26.82,0.82,3.51,7.02,0.0,0.28,3.0701277,68.0,Satisfactory,2017,11,7,Autumn
Bengaluru,2017-11-08,26.89,40.08,13.32,33.43,25.46,26.82,0.86,2.98,13.74,0.0,0.2,3.0701277,54.0,Satisfactory,2017,11,8,Autumn
Bengaluru,2017-11-09,25.94,66.25,12.3,37.65,26.42,26.77,0.97,3.26,30.46,0.0,0.21,3.0701277,70.0,Satisfactory,2017,11,9,Autumn
Bengaluru,2017-11-10,31.21,51.65,9.12,30.19,20.93,25.71,0.9,2.76,24.08,0.0,0.25,3.0701277,75.0,Satisfactory,2017,11,10,Autumn
Bengaluru,2017-11-11,32.87,77.14,10.67,36.09,24.53,26.5,0.99,3.99,30.86,0.0,0.18,3.0701277,77.0,Satisfactory,2017,11,11,Autumn
Bengaluru,2017-11-12,26.99,72.0,10.11,36.27,24.2,26.38,0.86,3.85,14.76,0.01,0.0,3.0701277,69.0,Satisfactory,2017,11,12,Autumn
Bengaluru,2017-11-13,30.4,57.77,9.61,32.51,22.14,26.54,0.74,3.68,43.16,0.0,0.12,3.0701277,65.0,Satisfactory,2017,11,13,Autumn
Bengaluru,2017-11-14,26.94,65.86,8.67,30.57,20.53,26.59,0.91,4.15,37.68,0.01,0.0,3.0701277,68.0,Satisfactory,2017,11,14,Autumn
Bengaluru,2017-11-15,30.7,66.28,5.9,27.55,17.34,26.72,0.93,3.88,39.31,0.05,0.12,3.0701277,66.0,Satisfactory,2017,11,15,Autumn
Bengaluru,2017-11-16,37.93,78.07,9.59,34.47,23.09,26.88,0.95,4.34,34.31,0.02,0.14,3.0701277,76.0,Satisfactory,2017,11,16,Autumn
Bengaluru,2017-11-17,35.72,71.36,5.76,30.34,18.76,26.65,0.89,3.97,37.48,0.0,0.21,3.0701277,81.0,Satisfactory,2017,11,17,Autumn
Bengaluru,2017-11-18,34.96,63.17,8.73,36.57,22.57,26.87,0.71,3.59,19.28,0.01,0.09,3.0701277,64.0,Satisfactory,2017,11,18,Autumn
Bengaluru,2017-11-19,30.66,59.05,11.02,39.44,25.1,26.56,0.92,3.76,15.11,0.01,0.0,3.0701277,68.0,Satisfactory,2017,11,19,Autumn
Bengaluru,2017-11-20,32.21,58.7,10.9,36.61,25.05,26.43,0.91,3.59,17.27,0.01,0.0,3.0701277,62.0,Satisfactory,2017,11,20,Autumn
Bengaluru,2017-11-21,25.79,41.37,12.88,34.1,26.66,26.4,0.89,3.83,3.14,0.0,0.0,3.0701277,60.0,Satisfactory,2017,11,21,Autumn
Bengaluru,2017-11-22,44.84,46.73,12.04,37.02,28.5,26.84,0.85,3.36,15.6,0.01,0.14,3.0701277,65.0,Satisfactory,2017,11,22,Autumn
Bengaluru,2017-11-23,38.07,63.39,11.09,42.75,28.13,27.21,0.98,4.05,28.57,0.0,0.07,3.0701277,87.0,Satisfactory,2017,11,23,Autumn
Bengaluru,2017-11-24,17.64,80.23,12.17,46.1,30.94,26.78,0.95,3.89,29.13,0.0,0.07,3.0701277,82.0,Satisfactory,2017,11,24,Autumn
Bengaluru,2017-11-25,17.81,81.86,15.43,50.65,34.88,23.483477,0.94,3.81,38.5,0.02,0.0,3.0701277,72.0,Satisfactory,2017,11,25,Autumn
Bengaluru,2017-11-26,15.67,69.67,15.31,48.12,33.72,23.483477,0.9,3.75,35.73,0.0,0.0,3.0701277,69.0,Satisfactory,2017,11,26,Autumn
Bengaluru,2017-11-27,10.7,57.05,16.9,47.51,34.14,23.483477,0.92,3.82,24.36,0.01,0.0,3.0701277,58.0,Satisfactory,2017,11,27,Autumn
Bengaluru,2017-11-28,11.46,65.13,15.56,50.06,34.51,23.483477,0.93,3.95,22.54,0.02,0.0,3.0701277,58.0,Satisfactory,2017,11,28,Autumn
Bengaluru,2017-11-29,197.41,64.65,11.01,39.39,26.59,23.483477,0.77,3.99,23.71,0.0,0.0,3.0701277,82.0,Satisfactory,2017,11,29,Autumn
Bengaluru,2017-11-30,74.5,36.84,10.38,32.3,22.72,23.483477,0.97,4.12,19.73,0.0,0.0,3.0701277,68.0,Satisfactory,2017,11,30,Autumn
Bengaluru,2017-12-01,1.76,19.23,8.52,31.43,21.32,23.483477,0.65,3.23,4.11,0.0,0.0,3.0701277,53.0,Satisfactory,2017,12,1,Winter
Bengaluru,2017-12-02,1.72,53.35,8.64,35.74,23.42,23.483477,0.62,2.98,4.61,0.0,0.0,3.0701277,26.0,Good,2017,12,2,Winter
Bengaluru,2017-12-03,32.42,69.73,13.43,42.05,29.32,23.483477,0.86,2.16,8.9,0.0,0.02,3.0701277,54.0,Satisfactory,2017,12,3,Winter
Bengaluru,2017-12-04,18.72,71.86,13.35,42.47,30.26,23.483477,0.86,2.58,24.47,0.0,0.0,3.0701277,68.0,Satisfactory,2017,12,4,Winter
Bengaluru,2017-12-05,11.27,63.98,12.38,40.08,25.19,23.483477,0.7,3.02,12.45,0.0,0.0,3.0701277,63.0,Satisfactory,2017,12,5,Winter
Bengaluru,2017-12-06,93.7,92.18,12.0,44.52,28.15,25.89,0.89,4.86,34.491432,0.0,0.43,3.0701277,83.0,Satisfactory,2017,12,6,Winter
Bengaluru,2017-12-07,70.22,77.97,15.06,47.64,31.84,37.81,1.27,4.42,34.491432,3.2808404,2.92,3.0701277,96.0,Satisfactory,2017,12,7,Winter
Bengaluru,2017-12-08,103.18,93.55,28.0,66.21,50.17,68.36,1.05,4.75,34.491432,3.2808404,1.33,3.0701277,120.0,Moderate,2017,12,8,Winter
Bengaluru,2017-12-09,90.59,108.41,21.48,62.95,44.62,30.02,1.1,4.86,34.491432,3.2808404,1.38,3.0701277,148.0,Moderate,2017,12,9,Winter
Bengaluru,2017-12-10,81.28,117.05,17.62,57.89,38.79,42.43,1.06,4.96,34.491432,3.2808404,1.2,3.0701277,133.0,Moderate,2017,12,10,Winter
Bengaluru,2017-12-11,63.5,85.74,8.19,38.93,41.9,37.61,0.78,4.41,34.491432,3.2808404,1.31,3.0701277,143.0,Moderate,2017,12,11,Winter
Bengaluru,2017-12-12,67.45058,85.6,7.87,33.87,33.0,54.97,0.57,3.84,34.491432,3.2808404,1.31,3.0701277,86.0,Satisfactory,2017,12,12,Winter
Bengaluru,2017-12-13,67.45058,93.92,10.44,39.02,28.17,87.2,0.79,3.72,34.491432,3.2808404,1.25,3.0701277,75.0,Satisfactory,2017,12,13,Winter
Bengaluru,2017-12-14,161.35,73.5,16.43,43.69,34.18,56.03,0.94,3.71,34.491432,3.2808404,1.18,3.0701277,86.0,Satisfactory,2017,12,14,Winter
Bengaluru,2017-12-15,85.57,55.14,42.05,81.78,67.93,28.03,0.96,2.87,34.491432,3.2808404,1.17,3.0701277,122.0,Moderate,2017,12,15,Winter
Bengaluru,2017-12-16,75.91,63.26,12.88,42.57,29.85,23.483477,0.8,3.2,34.491432,3.2808404,1.13,3.0701277,119.0,Moderate,2017,12,16,Winter
Bengaluru,2017-12-17,79.75,69.56,12.25,48.64,31.65,23.483477,0.89,3.56,34.491432,3.2808404,1.07,3.0701277,100.0,Satisfactory,2017,12,17,Winter
Bengaluru,2017-12-18,84.85,81.51,13.94,63.33,39.92,23.483477,0.89,3.66,34.491432,3.2808404,1.14,3.0701277,108.0,Moderate,2017,12,18,Winter
Bengaluru,2017-12-19,76.92,72.71,10.01,50.27,31.68,65.03,0.97,3.71,34.491432,3.2808404,1.19,3.0701277,112.0,Moderate,2017,12,19,Winter
Bengaluru,2017-12-20,107.9,70.28,11.34,80.93,88.57,57.13,1.0,6.38,34.491432,3.2808404,1.21,3.0701277,110.0,Moderate,2017,12,20,Winter
Bengaluru,2017-12-21,84.55,62.23,10.59,115.11,69.84,49.98,0.95,5.76,34.491432,3.2808404,1.13,3.0701277,131.0,Moderate,2017,12,21,Winter
Bengaluru,2017-12-22,71.71,58.04,11.41,142.35,77.93,37.0,0.95,3.32,34.491432,3.2808404,1.17,3.0701277,93.0,Satisfactory,2017,12,22,Winter
Bengaluru,2017-12-23,56.14,60.26,10.11,61.7,37.69,80.1,0.9,3.55,34.491432,3.2808404,1.22,3.0701277,91.0,Satisfactory,2017,12,23,Winter
Bengaluru,2017-12-24,48.78,38.57,3.71,31.49,17.8,84.26,0.69,2.29,34.491432,3.2808404,1.11,3.0701277,70.0,Satisfactory,2017,12,24,Winter
Bengaluru,2017-12-25,159.52,45.31,4.58,29.62,14.41,72.53,0.71,2.78,34.491432,3.2808404,1.22,3.0701277,91.0,Satisfactory,2017,12,25,Winter
Bengaluru,2017-12-26,63.3,60.95,7.62,32.19,20.89,37.01,0.81,2.72,34.491432,3.2808404,1.21,3.0701277,174.0,Moderate,2017,12,26,Winter
Bengaluru,2017-12-27,73.7,87.05,6.4,44.73,26.75,9.77,0.91,3.4,34.491432,0.0,0.97,3.0701277,99.0,Satisfactory,2017,12,27,Winter
Bengaluru,2017-12-28,62.76,83.3,7.0,44.56,25.49,10.45,0.96,3.38,52.72,0.0,0.95,3.0701277,109.0,Moderate,2017,12,28,Winter
Bengaluru,2017-12-29,32.57,74.48,10.82,48.73,27.48,9.6,1.13,3.6,17.18,3.2808404,1.2,3.0701277,85.0,Satisfactory,2017,12,29,Winter
Bengaluru,2017-12-30,26.74,70.68,10.05,42.6,24.2,8.98,1.06,3.26,33.48,3.2808404,1.16,3.0701277,77.0,Satisfactory,2017,12,30,Winter
Bengaluru,2017-12-31,18.29,59.11,11.9,41.94,24.62,23.483477,1.02,2.95,32.36,3.2808404,8.700972,3.0701277,72.0,Satisfactory,2017,12,31,Winter
Bengaluru,2018-01-01,38.06,74.54,9.91,42.23,22.62,23.483477,1.04,3.2,25.89,3.2808404,8.700972,3.0701277,73.0,Satisfactory,2018,1,1,Winter
Bengaluru,2018-01-02,35.12,78.63,7.16,41.7,21.46,23.483477,1.0,3.37,24.78,3.2808404,8.700972,3.0701277,86.0,Satisfactory,2018,1,2,Winter
Bengaluru,2018-01-03,28.84,69.71,9.57,50.19,25.24,23.483477,1.09,2.8,35.27,3.2808404,8.700972,3.0701277,84.0,Satisfactory,2018,1,3,Winter
Bengaluru,2018-01-04,24.57,80.05,6.77,46.14,25.4,23.483477,0.96,3.32,46.62,3.2808404,8.700972,3.0701277,86.0,Satisfactory,2018,1,4,Winter
Bengaluru,2018-01-05,24.31,93.29,7.99,52.5,27.28,23.483477,1.04,5.34,51.89,3.2808404,8.700972,3.0701277,95.0,Satisfactory,2018,1,5,Winter
Bengaluru,2018-01-06,30.02,94.22,7.64,51.77,26.54,23.483477,0.98,4.28,59.57,3.2808404,8.700972,3.0701277,102.0,Moderate,2018,1,6,Winter
Bengaluru,2018-01-07,40.05,94.39,8.23,49.36,24.43,23.483477,0.99,3.37,62.13,3.2808404,8.700972,3.0701277,104.0,Moderate,2018,1,7,Winter
Bengaluru,2018-01-08,34.88,77.23,5.06,46.38,24.61,23.483477,0.93,4.26,76.84,3.2808404,8.700972,3.0701277,93.0,Satisfactory,2018,1,8,Winter
Bengaluru,2018-01-09,28.74,76.89,6.83,43.41,22.08,23.483477,0.96,16.6,70.18,3.33,23.53,3.0701277,84.0,Satisfactory,2018,1,9,Winter
Bengaluru,2018-01-10,31.37,71.0,6.82,29.81,20.93,45.45,0.89,3.16,54.29,0.0,0.39,3.0701277,75.0,Satisfactory,2018,1,10,Winter
Bengaluru,2018-01-11,54.32,63.45,11.14,45.27,31.34,48.27,0.96,4.91,37.03,0.0,0.32,3.0701277,76.0,Satisfactory,2018,1,11,Winter
Bengaluru,2018-01-12,37.55,76.54,8.15,36.51,24.24,42.34,1.35,5.74,48.6,0.0,0.3,3.0701277,115.0,Moderate,2018,1,12,Winter
Bengaluru,2018-01-13,36.12,98.69,9.71,43.3,28.98,41.38,0.93,3.51,47.39,0.0,0.25,3.0701277,101.0,Moderate,2018,1,13,Winter
Bengaluru,2018-01-14,34.43,110.99,10.94,44.87,30.63,36.21,1.29,3.2,53.1,0.0,1.11,3.0701277,118.0,Moderate,2018,1,14,Winter
Bengaluru,2018-01-15,38.84,100.57,5.56,33.96,20.85,33.68,0.89,3.35,66.4,0.0,0.23,3.0701277,98.0,Satisfactory,2018,1,15,Winter
Bengaluru,2018-01-16,41.35,99.23,7.45,41.68,26.35,36.95,0.92,3.47,59.88,0.0,0.22,3.0701277,92.0,Satisfactory,2018,1,16,Winter
Bengaluru,2018-01-17,46.76,101.11,6.61,37.47,23.5,36.51,0.92,3.58,64.8,0.0,0.29,3.0701277,98.0,Satisfactory,2018,1,17,Winter
Bengaluru,2018-01-18,37.73,103.52,6.75,39.62,24.32,34.11,1.01,3.66,65.34,0.0,0.39,3.0701277,100.0,Satisfactory,2018,1,18,Winter
Bengaluru,2018-01-19,55.0,92.99,5.92,38.68,23.41,36.27,1.21,4.22,71.99,0.0,0.36,3.0701277,104.0,Moderate,2018,1,19,Winter
Bengaluru,2018-01-20,33.34,114.17,5.78,38.67,23.33,40.27,1.16,4.32,80.04,0.0,0.37,3.0701277,122.0,Moderate,2018,1,20,Winter
Bengaluru,2018-01-21,33.55,104.31,4.8,33.77,20.26,45.24,1.14,3.97,81.55,0.0,0.26,3.0701277,103.0,Moderate,2018,1,21,Winter
Bengaluru,2018-01-22,39.03,119.95,3.95,34.14,19.57,50.22,1.14,4.24,77.88,0.0,0.44,3.0701277,96.0,Satisfactory,2018,1,22,Winter
Bengaluru,2018-01-23,48.08,132.27,4.23,35.2,20.22,57.58,1.24,4.59,60.85,0.08,0.39,3.0701277,102.0,Moderate,2018,1,23,Winter
Bengaluru,2018-01-24,45.88,125.43,8.52,44.92,28.47,68.02,1.19,4.59,43.36,0.2,0.39,3.0701277,104.0,Moderate,2018,1,24,Winter
Bengaluru,2018-01-25,39.93,129.02,5.5,33.76,20.55,64.75,1.06,4.19,56.22,0.0,0.35,3.0701277,101.0,Moderate,2018,1,25,Winter
Bengaluru,2018-01-26,39.28,117.17,4.06,32.42,18.82,57.65,0.94,4.24,63.78,0.0,0.39,3.0701277,98.0,Satisfactory,2018,1,26,Winter
Bengaluru,2018-01-27,47.03,143.26,5.03,36.38,21.59,57.83,1.04,4.21,61.21,0.04,0.46,3.0701277,104.0,Moderate,2018,1,27,Winter
Bengaluru,2018-01-28,39.38,124.79,3.93,30.66,18.06,58.16,0.89,4.28,62.46,0.0,0.29,3.0701277,109.0,Moderate,2018,1,28,Winter
Bengaluru,2018-01-29,33.47,114.19,4.67,36.21,20.86,60.91,1.05,4.17,55.34,0.0,0.29,3.0701277,94.0,Satisfactory,2018,1,29,Winter
Bengaluru,2018-01-30,53.56,115.21,4.15,32.79,18.96,70.16,0.99,3.89,56.31,0.0,0.4,3.0701277,99.0,Satisfactory,2018,1,30,Winter
Bengaluru,2018-01-31,37.93,112.97,4.4,36.09,20.81,73.36,1.06,4.07,52.6,0.0,0.46,3.0701277,109.0,Moderate,2018,1,31,Winter
Bengaluru,2018-02-01,33.99,106.5,9.03,49.14,31.0,81.64,1.08,5.01,41.2,0.0,0.41,3.0701277,94.0,Satisfactory,2018,2,1,Winter
Bengaluru,2018-02-02,29.63,103.77,5.9,42.78,25.09,75.97,1.44,4.38,49.36,0.0,1.34,3.0701277,118.0,Moderate,2018,2,2,Winter
Bengaluru,2018-02-03,28.81,104.97,4.62,33.25,19.43,75.86,1.04,6.48,46.48,0.0,0.24,3.0701277,88.0,Satisfactory,2018,2,3,Winter
Bengaluru,2018-02-04,23.31,99.74,4.32,32.25,17.81,60.26,0.93,12.74,42.53,0.01,0.02,3.0701277,87.0,Satisfactory,2018,2,4,Winter
Bengaluru,2018-02-05,29.23,94.58,5.35,32.53,19.56,74.39,0.95,3.37,40.8,0.0,0.18,3.0701277,81.0,Satisfactory,2018,2,5,Winter
Bengaluru,2018-02-06,32.55,98.75,3.97,29.05,17.18,83.02,0.89,3.52,40.51,0.0,0.26,3.0701277,85.0,Satisfactory,2018,2,6,Winter
Bengaluru,2018-02-07,30.93,95.75,5.67,30.04,18.77,89.31,0.94,3.22,25.11,0.0,0.07,3.0701277,79.0,Satisfactory,2018,2,7,Winter
Bengaluru,2018-02-08,35.48,87.19,13.58,45.34,32.12,94.19,1.1,4.2,27.4,0.0,0.25,3.0701277,80.0,Satisfactory,2018,2,8,Winter
Bengaluru,2018-02-09,37.87,96.52,7.72,43.01,26.93,98.39,1.01,4.36,30.91,2.62,2.58,3.0701277,95.0,Satisfactory,2018,2,9,Winter
Bengaluru,2018-02-10,30.34,84.89,8.37,39.51,25.66,90.65,0.99,6.63,25.27,1.74,4.2,3.0701277,83.0,Satisfactory,2018,2,10,Winter
Bengaluru,2018-02-11,28.29,96.63,5.06,23.84,14.77,62.54,0.88,3.42,38.11,0.64,0.92,3.0701277,76.0,Satisfactory,2018,2,11,Winter
Bengaluru,2018-02-12,27.9,88.93,5.34,24.85,15.02,23.483477,0.98,2.99,32.61,0.47,0.89,3.0701277,74.0,Satisfactory,2018,2,12,Winter
Bengaluru,2018-02-13,30.53,55.15,3.37,17.2,12.96,23.483477,1.01,1.84,44.28,0.4,0.91,3.0701277,78.0,Satisfactory,2018,2,13,Winter
Bengaluru,2018-02-14,32.43,68.55,3.69,17.59,13.54,23.483477,0.96,1.61,38.23,0.3,0.8,3.0701277,71.0,Satisfactory,2018,2,14,Winter
Bengaluru,2018-02-15,30.19,59.31,3.96,18.7,15.35,23.483477,0.96,1.47,35.76,0.72,0.96,3.0701277,71.0,Satisfactory,2018,2,15,Winter
Bengaluru,2018-02-16,29.62,53.91,6.66,30.03,22.24,23.483477,0.98,2.79,36.38,0.88,1.17,3.0701277,70.0,Satisfactory,2018,2,16,Winter
Bengaluru,2018-02-17,32.11,70.68,8.19,37.85,23.18,23.483477,1.03,8.54,43.4,1.51,1.91,3.0701277,77.0,Satisfactory,2018,2,17,Winter
Bengaluru,2018-02-18,27.53,64.77,3.13,22.89,15.17,23.483477,0.95,5.69,49.17,0.94,0.91,3.0701277,83.0,Satisfactory,2018,2,18,Winter
Bengaluru,2018-02-19,28.6,62.32,3.48,26.23,17.17,23.483477,1.05,4.22,51.46,0.71,1.06,3.0701277,82.0,Satisfactory,2018,2,19,Winter
Bengaluru,2018-02-20,28.89,66.18,2.78,22.48,16.61,23.483477,1.09,3.15,55.88,0.56,1.02,3.0701277,81.0,Satisfactory,2018,2,20,Winter
Bengaluru,2018-02-21,34.62,79.69,5.45,32.97,20.66,23.483477,0.98,3.36,52.95,0.9,1.12,3.0701277,80.0,Satisfactory,2018,2,21,Winter
Bengaluru,2018-02-22,37.13,64.91,7.04,39.61,26.13,23.483477,0.95,3.19,52.15,0.87,1.19,3.0701277,82.0,Satisfactory,2018,2,22,Winter
Bengaluru,2018-02-23,34.6,71.15,3.84,31.9,19.82,23.483477,0.94,2.94,52.09,0.68,1.04,3.0701277,83.0,Satisfactory,2018,2,23,Winter
Bengaluru,2018-02-24,26.41,56.42,3.63,19.98,15.15,23.483477,0.96,2.35,35.76,0.18,0.83,3.0701277,81.0,Satisfactory,2018,2,24,Winter
Bengaluru,2018-02-25,21.87,33.81,3.17,14.46,13.05,23.483477,0.92,2.34,37.55,0.03,0.69,3.0701277,69.0,Satisfactory,2018,2,25,Winter
Bengaluru,2018-02-26,21.31,25.9,7.96,27.46,23.09,23.483477,1.01,2.61,30.2,0.41,0.9,3.0701277,68.0,Satisfactory,2018,2,26,Winter
Bengaluru,2018-02-27,23.35,30.13,7.4,26.31,20.8,23.483477,0.94,3.87,32.51,0.29,0.78,3.0701277,71.0,Satisfactory,2018,2,27,Winter
Bengaluru,2018-02-28,29.3,56.03,7.13,32.9,25.1,23.483477,1.04,3.4,31.63,0.63,0.99,3.0701277,81.0,Satisfactory,2018,2,28,Winter
Bengaluru,2018-03-01,29.48,99.47,4.8,27.41,20.33,23.483477,0.95,3.09,36.47,0.53,0.92,3.0701277,83.0,Satisfactory,2018,3,1,Spring
Bengaluru,2018-03-02,30.38,116.47,4.88,38.24,21.33,23.483477,0.98,3.53,45.24,0.63,0.98,3.0701277,87.0,Satisfactory,2018,3,2,Spring
Bengaluru,2018-03-03,38.39,121.49,6.26,36.26,26.83,23.483477,1.0,3.14,43.82,0.77,1.17,3.0701277,92.0,Satisfactory,2018,3,3,Spring
Bengaluru,2018-03-04,36.56,128.58,3.02,24.85,31.34,23.483477,1.02,4.2,44.8,0.5,0.91,3.0701277,84.0,Satisfactory,2018,3,4,Spring
Bengaluru,2018-03-05,30.79,94.71,7.78,34.44,39.95,23.483477,1.02,3.71,36.83,0.47,0.93,3.0701277,86.0,Satisfactory,2018,3,5,Spring
Bengaluru,2018-03-06,32.09,109.19,5.78,32.76,29.06,23.483477,0.96,3.85,33.61,0.4,0.93,3.0701277,87.0,Satisfactory,2018,3,6,Spring
Bengaluru,2018-03-07,33.88,114.17,3.4,25.14,19.18,23.483477,0.98,3.83,46.63,0.38,0.75,3.0701277,90.0,Satisfactory,2018,3,7,Spring
Bengaluru,2018-03-08,41.37,125.36,4.18,27.15,19.49,23.483477,1.08,3.66,40.31,0.35,0.7,3.0701277,99.0,Satisfactory,2018,3,8,Spring
Bengaluru,2018-03-09,59.48,133.95,12.31,47.26,31.65,23.483477,1.09,4.07,40.87,1.1,1.5,3.0701277,104.0,Moderate,2018,3,9,Spring
Bengaluru,2018-03-10,59.82,143.26,4.32,37.1,25.26,23.483477,1.05,4.18,33.03,0.41,0.94,3.0701277,109.0,Moderate,2018,3,10,Spring
Bengaluru,2018-03-11,45.19,123.62,2.76,22.32,20.37,23.483477,1.03,3.7,45.61,0.2,0.53,3.0701277,106.0,Moderate,2018,3,11,Spring
Bengaluru,2018-03-12,35.82,105.52,3.16,17.43,16.54,23.483477,1.05,4.01,38.92,0.03,0.25,3.0701277,92.0,Satisfactory,2018,3,12,Spring
Bengaluru,2018-03-13,20.49,63.71,4.21,14.01,13.79,23.483477,1.14,4.08,20.48,0.05,0.58,3.0701277,76.0,Satisfactory,2018,3,13,Spring
Bengaluru,2018-03-14,29.23,85.74,3.6,16.94,15.38,23.483477,1.15,4.17,38.25,0.0,0.77,3.0701277,75.0,Satisfactory,2018,3,14,Spring
Bengaluru,2018-03-15,26.46,54.8,8.41,22.08,17.84,23.483477,1.15,3.95,26.5,0.22,1.07,3.0701277,77.0,Satisfactory,2018,3,15,Spring
Bengaluru,2018-03-16,19.13,33.54,7.07,28.79,15.29,23.483477,1.03,3.88,23.65,0.03,0.76,3.0701277,71.0,Satisfactory,2018,3,16,Spring
Bengaluru,2018-03-17,23.01,33.85,5.6,27.98,22.16,23.483477,1.02,4.27,26.48,0.3,1.22,3.0701277,74.0,Satisfactory,2018,3,17,Spring
Bengaluru,2018-03-18,20.75,33.52,3.76,16.69,25.18,23.483477,1.09,3.39,20.61,0.0,0.57,3.0701277,53.0,Satisfactory,2018,3,18,Spring
Bengaluru,2018-03-19,31.94,57.31,4.22,24.94,28.1,23.483477,0.97,3.33,50.57,0.06,0.53,3.0701277,61.0,Satisfactory,2018,3,19,Spring
Bengaluru,2018-03-20,43.91,70.07,4.42,35.38,34.02,23.483477,1.49,3.26,46.5,0.26,0.85,3.0701277,97.0,Satisfactory,2018,3,20,Spring
Bengaluru,2018-03-21,42.72,98.38,3.75,31.97,31.3,23.483477,1.55,3.02,53.46,0.25,1.1,3.0701277,124.0,Moderate,2018,3,21,Spring
Bengaluru,2018-03-22,31.78,176.51,19.92,50.97,38.75,23.483477,1.83,3.78,34.26,0.71,1.46,3.0701277,135.0,Moderate,2018,3,22,Spring
Bengaluru,2018-03-23,40.18,136.77,27.3,62.66,50.12,23.483477,1.23,3.89,32.05,1.39,2.08,3.0701277,127.0,Moderate,2018,3,23,Spring
Bengaluru,2018-03-24,37.72,141.77,4.06,27.94,28.5,23.483477,0.82,3.61,58.64,0.23,1.14,3.0701277,100.0,Satisfactory,2018,3,24,Spring
Bengaluru,2018-03-25,38.84,113.42,4.49,27.43,47.05,23.483477,1.05,3.59,54.78,0.0,0.77,3.0701277,98.0,Satisfactory,2018,3,25,Spring
Bengaluru,2018-03-26,67.45058,94.3,6.77,35.66,31.84,23.483477,0.67,5.17,34.491432,0.0,0.77,3.0701277,100.0,Satisfactory,2018,3,26,Spring
Bengaluru,2018-03-27,19.85,72.36,7.68,34.2,23.6,23.483477,0.78,6.99,73.5,1.58,1.04,3.0701277,87.0,Satisfactory,2018,3,27,Spring
Bengaluru,2018-03-28,67.45058,118.127106,17.57473,28.56066,33.78,23.483477,1.01,14.531978,34.491432,0.0,0.81,3.0701277,166.46358,Moderate,2018,3,28,Spring
Bengaluru,2018-03-29,67.45058,129.91,6.31,45.77,41.75,23.483477,1.2,1.5,34.491432,0.0,0.82,3.0701277,166.46358,Moderate,2018,3,29,Spring
Bengaluru,2018-03-30,67.45058,126.18,3.64,25.98,34.17,23.483477,1.05,1.48,34.491432,0.0,0.78,3.0701277,118.0,Moderate,2018,3,30,Spring
Bengaluru,2018-03-31,67.45058,95.37,3.67,24.6,27.21,23.483477,1.05,2.58,34.491432,0.0,0.82,3.0701277,104.0,Moderate,2018,3,31,Spring
Bengaluru,2018-04-01,67.45058,112.89,3.56,22.45,17.49,23.483477,0.86,2.83,34.491432,0.0,0.74,3.0701277,102.0,Moderate,2018,4,1,Spring
Bengaluru,2018-04-02,67.45058,96.92,5.94,26.81,31.9,23.483477,1.0,3.0,34.491432,0.0,0.76,3.0701277,107.0,Moderate,2018,4,2,Spring
Bengaluru,2018-04-03,67.45058,100.63,9.49,40.15,49.37,23.483477,1.15,3.91,34.491432,0.0,0.86,3.0701277,98.0,Satisfactory,2018,4,3,Spring
Bengaluru,2018-04-04,67.45058,106.41,5.83,35.38,45.2,23.483477,0.89,3.42,34.491432,0.0,0.76,3.0701277,108.0,Moderate,2018,4,4,Spring
Bengaluru,2018-04-05,67.45058,114.6,5.13,33.5,51.07,23.483477,1.22,3.39,34.491432,0.0,0.78,3.0701277,107.0,Moderate,2018,4,5,Spring
Bengaluru,2018-04-06,67.45058,108.71,7.27,37.46,55.02,23.483477,1.03,3.64,34.491432,0.0,0.75,3.0701277,108.0,Moderate,2018,4,6,Spring
Bengaluru,2018-04-07,67.45058,109.09,4.89,28.66,33.33,23.483477,0.78,3.55,34.491432,0.0,0.72,3.0701277,106.0,Moderate,2018,4,7,Spring
Bengaluru,2018-04-08,67.45058,94.63,4.36,24.25,12.97,23.483477,0.66,3.4,34.491432,0.0,0.68,3.0701277,103.0,Moderate,2018,4,8,Spring
Bengaluru,2018-04-09,67.45058,67.05,5.04,23.57,10.6,23.483477,0.7,3.34,34.491432,0.0,0.72,3.0701277,93.0,Satisfactory,2018,4,9,Spring
Bengaluru,2018-04-10,67.45058,64.9,6.41,29.63,36.05,23.483477,0.88,3.47,34.491432,0.0,0.76,3.0701277,166.46358,Moderate,2018,4,10,Spring
Bengaluru,2018-04-11,67.45058,63.33,4.66,24.34,43.24,23.483477,1.0,3.4,34.491432,0.0,0.76,3.0701277,166.46358,Moderate,2018,4,11,Spring
Bengaluru,2018-04-12,67.45058,64.13,5.74,26.2,39.18,23.483477,0.9,3.24,34.491432,0.0,0.73,3.0701277,88.0,Satisfactory,2018,4,12,Spring
Bengaluru,2018-04-13,28.96,57.17,5.8,25.44,41.42,23.483477,0.98,3.56,34.491432,0.0,0.69,3.0701277,65.0,Satisfactory,2018,4,13,Spring
Bengaluru,2018-04-14,67.45058,60.06,4.67,22.0,35.53,23.483477,0.96,3.8,34.491432,0.0,0.42,3.0701277,62.0,Satisfactory,2018,4,14,Spring
Bengaluru,2018-04-15,67.45058,57.83,3.99,16.94,17.16,23.483477,0.67,3.42,34.491432,0.0,0.33,3.0701277,65.0,Satisfactory,2018,4,15,Spring
Bengaluru,2018-04-16,30.43,55.0,5.41,19.09,12.56,23.483477,0.69,3.01,34.491432,0.28,0.42,3.0701277,61.0,Satisfactory,2018,4,16,Spring
Bengaluru,2018-04-17,32.38,61.9,7.83,27.27,32.3,23.483477,0.87,2.74,34.491432,0.0,0.28,3.0701277,70.0,Satisfactory,2018,4,17,Spring
Bengaluru,2018-04-18,36.4,69.46,6.2,30.93,35.66,23.483477,0.96,2.73,34.491432,0.0,0.32,3.0701277,67.0,Satisfactory,2018,4,18,Spring
Bengaluru,2018-04-19,47.67,79.33,4.34,27.36,18.62,23.483477,0.91,6.9,34.491432,0.91,1.2,3.0701277,81.0,Satisfactory,2018,4,19,Spring
Bengaluru,2018-04-20,36.52,60.94,8.43,32.2,27.12,23.483477,0.85,2.28,66.22,1.5,1.82,3.0701277,85.0,Satisfactory,2018,4,20,Spring
Bengaluru,2018-04-21,33.4,84.17,7.43,37.81,41.59,23.483477,0.9,2.7,34.491432,1.87,2.19,3.0701277,79.0,Satisfactory,2018,4,21,Spring
Bengaluru,2018-04-22,33.42,75.88,3.64,19.6,23.46,23.483477,0.78,3.94,34.491432,1.86,2.05,3.0701277,74.0,Satisfactory,2018,4,22,Spring
Bengaluru,2018-04-23,41.19,60.47,4.23,19.98,22.84,23.483477,0.8,3.94,90.99,1.72,2.14,3.0701277,66.0,Satisfactory,2018,4,23,Spring
Bengaluru,2018-04-24,42.62,77.31,6.45,29.87,24.4,23.483477,0.82,4.05,55.89,1.75,1.94,3.0701277,82.0,Satisfactory,2018,4,24,Spring
Bengaluru,2018-04-25,42.99,58.32,9.48,53.65,29.28,23.483477,0.98,4.06,49.01,2.7,2.85,3.0701277,74.0,Satisfactory,2018,4,25,Spring
Bengaluru,2018-04-26,49.93,118.127106,3.29,24.84,21.13,23.483477,0.85,5.71,46.4,2.74,2.63,3.0701277,83.0,Satisfactory,2018,4,26,Spring
Bengaluru,2018-04-27,44.12,118.127106,2.79,20.7,30.23,23.483477,1.16,5.25,53.72,1.71,1.8,3.0701277,103.0,Moderate,2018,4,27,Spring
Bengaluru,2018-04-28,39.22,118.127106,3.52,21.73,31.32,23.483477,0.91,5.54,40.12,0.76,1.24,3.0701277,82.0,Satisfactory,2018,4,28,Spring
Bengaluru,2018-04-29,44.57,118.127106,3.55,28.96,26.98,23.483477,0.69,6.03,45.33,0.85,1.32,3.0701277,81.0,Satisfactory,2018,4,29,Spring
Bengaluru,2018-04-30,187.49,118.127106,3.4,25.4,12.72,23.483477,1.14,5.46,46.3,0.81,1.19,3.0701277,100.0,Satisfactory,2018,4,30,Spring
Bengaluru,2018-05-02,65.71,118.127106,3.54,24.39,21.7,23.483477,0.9,9.43,41.52,0.22,0.54,3.0701277,114.0,Moderate,2018,5,2,Spring
Bengaluru,2018-05-03,44.58,118.127106,5.02,34.25,31.13,23.483477,0.88,5.83,46.69,0.23,0.47,3.0701277,98.0,Satisfactory,2018,5,3,Spring
Bengaluru,2018-05-04,113.31,118.127106,3.72,26.78,36.23,23.483477,1.16,6.65,45.87,0.28,0.57,3.0701277,73.0,Satisfactory,2018,5,4,Spring
Bengaluru,2018-05-05,62.35,118.127106,3.63,33.46,18.98,23.483477,0.72,4.22,38.61,0.28,0.66,3.0701277,144.0,Moderate,2018,5,5,Spring
Bengaluru,2018-05-06,79.0,118.127106,3.35,24.55,14.69,23.483477,0.73,5.71,44.38,0.24,0.55,3.0701277,99.0,Satisfactory,2018,5,6,Spring
Bengaluru,2018-05-07,50.52,118.127106,28.39,60.58,32.23,23.483477,0.91,5.1,36.48,0.53,0.92,3.0701277,151.0,Moderate,2018,5,7,Spring
Bengaluru,2018-05-08,55.88,118.127106,4.95,33.39,13.81,23.483477,0.8,6.3,32.43,1.25,1.61,3.0701277,113.0,Moderate,2018,5,8,Spring
Bengaluru,2018-05-09,32.46,118.127106,3.82,27.7,19.63,23.483477,0.69,5.64,52.6,0.77,1.19,3.0701277,76.0,Satisfactory,2018,5,9,Spring
Bengaluru,2018-05-10,28.99,118.127106,6.84,27.51,17.75,23.483477,0.81,5.31,41.46,0.71,1.15,3.0701277,65.0,Satisfactory,2018,5,10,Spring
Bengaluru,2018-05-11,27.03,118.127106,7.84,39.99,18.71,23.483477,0.89,5.48,24.19,0.82,1.28,3.0701277,59.0,Satisfactory,2018,5,11,Spring
Bengaluru,2018-05-12,27.01,118.127106,3.38,24.22,13.98,23.483477,0.88,4.33,39.45,0.76,1.22,3.0701277,62.0,Satisfactory,2018,5,12,Spring
Bengaluru,2018-05-13,26.73,118.127106,3.42,26.31,13.73,23.483477,0.86,5.76,46.78,0.72,1.19,3.0701277,60.0,Satisfactory,2018,5,13,Spring
Bengaluru,2018-05-14,33.13,118.127106,5.95,47.07,21.25,23.483477,0.87,7.1,37.5,0.85,1.34,3.0701277,69.0,Satisfactory,2018,5,14,Spring
Bengaluru,2018-05-15,35.64,118.127106,7.74,41.15,18.25,23.483477,0.7,6.35,44.59,0.83,1.29,3.0701277,64.0,Satisfactory,2018,5,15,Spring
Bengaluru,2018-05-16,34.36,118.127106,5.28,34.6,16.48,23.483477,0.82,6.26,29.15,0.79,1.31,3.0701277,61.0,Satisfactory,2018,5,16,Spring
Bengaluru,2018-05-17,39.69,118.127106,3.42,24.0,15.82,23.483477,0.9,5.16,41.75,0.7,1.22,3.0701277,65.0,Satisfactory,2018,5,17,Spring
Bengaluru,2018-05-18,43.05,124.39,13.78,33.14,27.53,23.483477,1.1,4.09,35.22,0.82,1.37,3.0701277,92.0,Satisfactory,2018,5,18,Spring
Bengaluru,2018-05-19,45.09,94.78,17.64,42.69,34.28,23.483477,0.98,4.82,42.52,0.99,1.6,3.0701277,98.0,Satisfactory,2018,5,19,Spring
Bengaluru,2018-05-20,47.83,66.81,3.31,18.67,10.96,23.483477,0.79,4.3,47.98,0.7,1.17,3.0701277,80.0,Satisfactory,2018,5,20,Spring
Bengaluru,2018-05-21,52.64,58.23,8.66,33.17,19.8,23.483477,0.8,4.51,36.12,0.98,1.28,3.0701277,71.0,Satisfactory,2018,5,21,Spring
Bengaluru,2018-05-22,59.24,71.88,5.24,35.39,20.95,23.483477,1.06,3.12,41.2,0.47,1.02,3.0701277,90.0,Satisfactory,2018,5,22,Spring
Bengaluru,2018-05-23,62.6,84.46,7.04,35.36,26.25,23.483477,0.93,4.33,30.74,0.52,1.38,3.0701277,117.0,Moderate,2018,5,23,Spring
Bengaluru,2018-05-24,35.4,65.64,6.35,32.53,21.18,23.483477,0.92,4.77,34.78,0.37,1.04,3.0701277,70.0,Satisfactory,2018,5,24,Spring
Bengaluru,2018-05-25,46.14,64.28,7.52,30.05,21.53,23.483477,0.95,4.87,27.78,0.28,1.07,3.0701277,73.0,Satisfactory,2018,5,25,Spring
Bengaluru,2018-05-26,33.64,43.62,13.58,30.58,26.53,23.483477,1.12,3.78,22.59,0.36,0.76,3.0701277,76.0,Satisfactory,2018,5,26,Spring
Bengaluru,2018-05-27,41.73,52.37,11.87,29.69,27.37,23.483477,1.02,3.86,19.04,0.17,0.61,3.0701277,89.0,Satisfactory,2018,5,27,Spring
Bengaluru,2018-05-28,29.29,48.38,6.2,18.87,18.11,23.483477,1.19,4.26,30.76,0.09,0.53,3.0701277,80.0,Satisfactory,2018,5,28,Spring
Bengaluru,2018-05-29,16.92,27.94,6.37,15.29,17.52,23.483477,1.18,3.57,27.82,0.1,1.02,3.0701277,67.0,Satisfactory,2018,5,29,Spring
Bengaluru,2018-05-30,35.67,38.75,6.7,21.27,16.18,23.483477,1.01,3.68,23.37,0.2,1.29,3.0701277,60.0,Satisfactory,2018,5,30,Spring
Bengaluru,2018-05-31,33.16,41.38,7.15,22.99,17.21,23.483477,1.03,3.55,21.01,0.47,2.92,3.0701277,73.0,Satisfactory,2018,5,31,Spring
Bengaluru,2018-06-01,42.07,60.8,8.89,25.48,19.15,23.483477,0.99,3.69,24.28,0.28,1.56,3.0701277,68.0,Satisfactory,2018,6,1,Summer
Bengaluru,2018-06-02,44.47,54.34,10.58,35.43,24.13,23.483477,1.06,6.55,23.96,0.43,2.13,3.0701277,86.0,Satisfactory,2018,6,2,Summer
Bengaluru,2018-06-03,38.79,29.26,7.51,22.36,15.78,23.483477,1.01,4.18,16.46,0.28,1.76,3.0701277,88.0,Satisfactory,2018,6,3,Summer
Bengaluru,2018-06-04,23.35,28.86,8.65,20.58,16.36,23.483477,0.96,4.39,15.51,0.11,0.94,3.0701277,60.0,Satisfactory,2018,6,4,Summer
Bengaluru,2018-06-05,25.5,22.18,8.03,16.5,15.62,23.483477,0.94,6.31,16.54,0.13,1.09,3.0701277,61.0,Satisfactory,2018,6,5,Summer
Bengaluru,2018-06-06,22.77,27.69,7.8,17.25,15.45,23.483477,1.04,7.21,12.58,0.11,1.02,3.0701277,63.0,Satisfactory,2018,6,6,Summer
Bengaluru,2018-06-07,25.27,31.71,9.77,16.84,17.37,23.483477,1.0,5.85,13.22,0.07,0.77,3.0701277,70.0,Satisfactory,2018,6,7,Summer
Bengaluru,2018-06-08,19.28,21.36,9.94,15.8,16.94,18.55,0.91,6.23,11.05,0.05,0.64,3.0701277,50.0,Good,2018,6,8,Summer
Bengaluru,2018-06-09,19.32,26.98,9.68,16.01,16.88,23.483477,0.96,5.35,15.82,0.06,0.56,3.0701277,52.0,Satisfactory,2018,6,9,Summer
Bengaluru,2018-06-10,18.93,28.7,13.55,20.85,20.16,23.483477,0.92,5.19,12.71,0.01,0.51,3.0701277,51.0,Satisfactory,2018,6,10,Summer
Bengaluru,2018-06-11,23.76,34.25,10.26,15.51,18.29,23.483477,0.99,4.66,10.74,0.28,0.88,3.0701277,65.0,Satisfactory,2018,6,11,Summer
Bengaluru,2018-06-12,23.78,48.19,9.05,13.32,15.48,23.483477,0.99,3.37,13.91,1.11,2.42,3.0701277,50.0,Good,2018,6,12,Summer
Bengaluru,2018-06-13,27.34,48.59,10.17,15.9,18.48,23.483477,0.95,4.0,12.97,1.03,2.41,3.0701277,49.0,Good,2018,6,13,Summer
Bengaluru,2018-06-14,31.79,35.64,10.85,19.26,20.84,23.483477,1.02,2.91,16.41,0.59,1.4,3.0701277,61.0,Satisfactory,2018,6,14,Summer
Bengaluru,2018-06-15,61.43,33.51,9.95,23.54,21.94,54.13,1.01,3.21,18.53,0.85,1.74,3.0701277,83.0,Satisfactory,2018,6,15,Summer
Bengaluru,2018-06-16,22.24,43.59,9.44,18.63,20.74,65.66,1.09,3.24,13.77,1.22,2.42,3.0701277,106.0,Moderate,2018,6,16,Summer
Bengaluru,2018-06-17,17.38,42.66,9.08,15.39,18.77,65.85,1.06,3.83,8.71,0.88,1.8,3.0701277,55.0,Satisfactory,2018,6,17,Summer
Bengaluru,2018-06-18,13.38,100.6,9.51,14.75,19.88,52.88,1.15,4.93,11.02,0.78,1.56,3.0701277,69.0,Satisfactory,2018,6,18,Summer
Bengaluru,2018-06-19,32.62,100.12,8.27,12.51,17.4,39.88,1.06,4.53,14.71,0.64,1.24,3.0701277,81.0,Satisfactory,2018,6,19,Summer
Bengaluru,2018-06-20,13.64,73.69,8.31,14.01,18.08,39.82,1.06,4.83,21.95,0.57,1.2,3.0701277,69.0,Satisfactory,2018,6,20,Summer
Bengaluru,2018-06-21,16.71,76.66,7.76,20.26,20.93,39.87,1.02,5.1,25.83,0.53,1.18,3.0701277,64.0,Satisfactory,2018,6,21,Summer
Bengaluru,2018-06-22,18.94,79.08,10.67,31.69,27.45,40.19,1.02,4.68,26.92,0.53,1.22,3.0701277,64.0,Satisfactory,2018,6,22,Summer
Bengaluru,2018-06-23,23.76,55.83,9.93,23.67,22.5,43.21,1.03,4.7,17.71,0.68,1.45,3.0701277,66.0,Satisfactory,2018,6,23,Summer
Bengaluru,2018-06-24,21.84,73.73,7.93,15.51,18.69,43.75,0.98,4.64,15.09,0.3,0.83,3.0701277,64.0,Satisfactory,2018,6,24,Summer
Bengaluru,2018-06-25,51.82,70.62,6.93,14.77,16.14,39.41,1.01,4.79,14.73,0.36,1.09,3.0701277,87.0,Satisfactory,2018,6,25,Summer
Bengaluru,2018-06-26,32.62,56.97,5.69,13.9,13.51,42.98,0.93,4.78,18.29,0.34,0.86,3.0701277,92.0,Satisfactory,2018,6,26,Summer
Bengaluru,2018-06-27,11.68,42.25,4.95,15.17,12.58,42.71,1.02,4.87,16.43,0.36,0.93,3.0701277,60.0,Satisfactory,2018,6,27,Summer
Bengaluru,2018-06-28,9.23,34.44,6.3,17.93,14.8,42.01,0.99,5.5,15.6,0.5,1.13,3.0701277,57.0,Satisfactory,2018,6,28,Summer
Bengaluru,2018-06-29,11.93,44.86,10.26,17.94,17.54,37.54,0.99,5.95,17.84,0.54,1.32,3.0701277,51.0,Satisfactory,2018,6,29,Summer
Bengaluru,2018-06-30,18.23,65.8,32.78,33.04,38.97,26.36,1.0,6.63,10.67,0.88,2.0,3.0701277,66.0,Satisfactory,2018,6,30,Summer
Bengaluru,2018-07-01,19.15,64.03,24.59,22.68,32.18,26.09,0.89,6.11,11.29,2.3,5.82,3.0701277,72.0,Satisfactory,2018,7,1,Summer
Bengaluru,2018-07-02,16.29,55.13,28.13,27.31,31.9,24.06,0.88,6.9,16.14,0.64,2.13,3.0701277,63.0,Satisfactory,2018,7,2,Summer
Bengaluru,2018-07-03,21.63,62.68,23.02,20.07,28.51,20.48,0.87,7.51,16.04,0.66,3.0,3.0701277,63.0,Satisfactory,2018,7,3,Summer
Bengaluru,2018-07-04,18.55,71.37,17.71,15.35,23.4,22.71,0.79,6.49,14.42,0.58,3.48,3.0701277,60.0,Satisfactory,2018,7,4,Summer
Bengaluru,2018-07-05,20.36,74.52,17.18,17.48,24.0,21.44,0.82,6.47,15.83,0.55,3.5,3.0701277,61.0,Satisfactory,2018,7,5,Summer
Bengaluru,2018-07-06,21.44,58.91,17.06,16.86,23.64,22.71,0.86,6.63,15.59,0.52,3.34,3.0701277,65.0,Satisfactory,2018,7,6,Summer
Bengaluru,2018-07-07,15.56,38.84,13.94,17.49,22.69,22.06,0.76,7.2,18.73,0.5,3.18,3.0701277,56.0,Satisfactory,2018,7,7,Summer
Bengaluru,2018-07-08,22.83,42.49,13.04,14.5,19.14,22.05,0.89,7.09,16.35,0.51,3.42,3.0701277,62.0,Satisfactory,2018,7,8,Summer
Bengaluru,2018-07-09,21.11,56.44,20.04,18.16,27.64,22.46,0.88,7.5,13.71,0.6,3.99,3.0701277,66.0,Satisfactory,2018,7,9,Summer
Bengaluru,2018-07-10,36.65,52.63,19.76,20.32,28.01,20.65,0.87,7.49,14.05,0.51,4.06,3.0701277,63.0,Satisfactory,2018,7,10,Summer
Bengaluru,2018-07-11,20.8,53.13,17.69,16.23,24.79,22.12,0.9,8.27,14.5,0.44,3.75,3.0701277,78.0,Satisfactory,2018,7,11,Summer
Bengaluru,2018-07-12,17.82,51.19,15.33,14.74,20.39,21.33,0.75,8.6,15.79,0.44,3.11,3.0701277,56.0,Satisfactory,2018,7,12,Summer
Bengaluru,2018-07-13,16.63,47.82,12.73,15.78,20.25,23.13,0.78,7.14,18.07,0.42,3.04,3.0701277,53.0,Satisfactory,2018,7,13,Summer
Bengaluru,2018-07-14,18.87,60.54,16.04,15.81,22.41,21.52,0.75,7.47,16.19,0.49,2.98,3.0701277,57.0,Satisfactory,2018,7,14,Summer
Bengaluru,2018-07-15,17.08,63.33,12.09,12.25,16.7,20.98,0.71,6.66,17.01,0.33,2.35,3.0701277,62.0,Satisfactory,2018,7,15,Summer
Bengaluru,2018-07-16,19.93,47.19,19.67,16.2,25.39,21.92,0.8,7.32,13.25,0.45,2.77,3.0701277,59.0,Satisfactory,2018,7,16,Summer
Bengaluru,2018-07-17,16.98,53.45,10.93,15.05,16.7,23.5,0.82,7.56,18.52,0.5,3.37,3.0701277,60.0,Satisfactory,2018,7,17,Summer
Bengaluru,2018-07-18,18.83,56.14,6.08,13.81,11.96,21.62,0.8,7.75,17.83,0.58,3.5,3.0701277,57.0,Satisfactory,2018,7,18,Summer
Bengaluru,2018-07-19,16.82,43.02,6.33,16.04,13.91,20.52,0.86,7.58,18.19,0.61,3.1,3.0701277,59.0,Satisfactory,2018,7,19,Summer
Bengaluru,2018-07-20,15.52,41.94,6.5,16.03,13.27,20.52,0.83,7.49,22.36,0.49,2.74,3.0701277,52.0,Satisfactory,2018,7,20,Summer
Bengaluru,2018-07-21,17.44,52.67,6.02,17.69,13.99,20.49,0.83,7.68,21.97,0.5,3.07,3.0701277,59.0,Satisfactory,2018,7,21,Summer
Bengaluru,2018-07-22,18.63,67.89,5.71,14.94,11.91,20.14,0.85,8.01,21.53,0.36,2.92,3.0701277,60.0,Satisfactory,2018,7,22,Summer
Bengaluru,2018-07-23,19.86,51.56,9.81,18.69,18.1,21.94,0.87,7.9,15.16,0.56,3.55,3.0701277,65.0,Satisfactory,2018,7,23,Summer
Bengaluru,2018-07-24,17.85,50.14,7.46,16.37,15.74,25.82,0.92,7.08,13.77,0.56,3.67,3.0701277,64.0,Satisfactory,2018,7,24,Summer
Bengaluru,2018-07-25,17.62,44.75,8.78,18.57,19.77,23.36,0.94,7.68,12.29,0.73,6.09,3.0701277,59.0,Satisfactory,2018,7,25,Summer
Bengaluru,2018-07-26,20.0,55.87,12.84,28.4,33.72,20.06,0.83,7.55,13.43,0.61,3.7,3.0701277,65.0,Satisfactory,2018,7,26,Summer
Bengaluru,2018-07-27,22.28,64.9,8.27,21.86,22.7,18.75,0.76,7.46,15.22,0.61,3.91,3.0701277,68.0,Satisfactory,2018,7,27,Summer
Bengaluru,2018-07-28,21.05,64.54,6.85,17.94,15.78,18.96,0.77,6.84,16.19,0.38,2.97,3.0701277,59.0,Satisfactory,2018,7,28,Summer
Bengaluru,2018-07-29,20.1,57.53,6.38,15.62,14.34,20.18,0.79,6.51,15.94,0.38,2.79,3.0701277,66.0,Satisfactory,2018,7,29,Summer
Bengaluru,2018-07-30,22.92,65.5,15.82,18.15,23.4,22.04,0.97,7.18,14.61,0.66,3.24,3.0701277,64.0,Satisfactory,2018,7,30,Summer
Bengaluru,2018-07-31,20.96,67.39,16.68,19.01,26.45,22.48,0.75,6.44,15.43,0.48,3.1,3.0701277,62.0,Satisfactory,2018,7,31,Summer
Bengaluru,2018-08-01,20.59,68.6,17.54,22.78,29.88,21.15,0.83,6.0,14.61,0.55,3.09,3.0701277,66.0,Satisfactory,2018,8,1,Summer
Bengaluru,2018-08-02,20.73,68.41,12.55,19.33,24.09,20.75,0.83,6.28,15.23,0.4,2.59,3.0701277,68.0,Satisfactory,2018,8,2,Summer
Bengaluru,2018-08-03,23.34,71.35,17.03,18.78,26.75,20.61,0.9,6.5,12.05,1.27,3.96,3.0701277,72.0,Satisfactory,2018,8,3,Summer
Bengaluru,2018-08-04,27.61,94.02,23.36,18.82,31.52,20.08,0.9,6.8,12.14,0.59,3.09,3.0701277,77.0,Satisfactory,2018,8,4,Summer
Bengaluru,2018-08-05,20.75,81.19,17.45,15.27,23.82,19.42,0.83,7.15,13.44,0.4,2.68,3.0701277,77.0,Satisfactory,2018,8,5,Summer
Bengaluru,2018-08-06,23.63,66.31,18.79,18.0,26.37,19.36,0.78,5.94,14.22,0.53,2.77,3.0701277,67.0,Satisfactory,2018,8,6,Summer
Bengaluru,2018-08-07,18.24,59.59,18.82,18.39,26.63,19.67,0.81,6.18,13.14,0.47,2.71,3.0701277,67.0,Satisfactory,2018,8,7,Summer
Bengaluru,2018-08-08,18.35,43.88,24.08,20.05,31.6,19.55,0.87,6.68,11.18,0.53,3.37,3.0701277,60.0,Satisfactory,2018,8,8,Summer
Bengaluru,2018-08-09,17.33,55.07,21.68,17.68,28.22,20.98,0.83,6.27,13.65,0.56,3.4,3.0701277,58.0,Satisfactory,2018,8,9,Summer
Bengaluru,2018-08-10,18.24,59.31,23.38,16.8,29.13,19.74,0.79,7.52,11.75,0.54,3.42,3.0701277,60.0,Satisfactory,2018,8,10,Summer
Bengaluru,2018-08-11,18.6,46.24,23.61,17.12,28.96,19.86,0.78,6.44,11.75,0.62,3.17,3.0701277,56.0,Satisfactory,2018,8,11,Summer
Bengaluru,2018-08-12,10.61,35.22,16.83,13.53,21.04,18.86,0.77,6.96,12.48,0.6,2.52,3.0701277,57.0,Satisfactory,2018,8,12,Summer
Bengaluru,2018-08-13,11.4,39.72,18.47,15.3,25.47,18.9,0.8,5.96,11.69,0.45,2.52,3.0701277,53.0,Satisfactory,2018,8,13,Summer
Bengaluru,2018-08-14,13.1,31.87,20.8,17.12,30.21,18.01,0.89,6.34,11.02,0.53,2.73,3.0701277,60.0,Satisfactory,2018,8,14,Summer
Bengaluru,2018-08-15,15.35,36.24,17.91,15.93,26.23,19.41,0.85,6.35,11.1,0.46,2.75,3.0701277,59.0,Satisfactory,2018,8,15,Summer
Bengaluru,2018-08-16,12.86,38.58,14.92,16.13,23.99,20.34,0.68,5.58,15.54,0.37,2.17,3.0701277,52.0,Satisfactory,2018,8,16,Summer
Bengaluru,2018-08-17,16.77,52.28,16.77,15.35,25.21,17.01,0.67,5.76,14.21,0.41,2.41,3.0701277,48.0,Good,2018,8,17,Summer
Bengaluru,2018-08-18,20.09,65.73,15.73,15.9,24.67,17.14,0.73,6.76,14.37,0.33,2.25,3.0701277,57.0,Satisfactory,2018,8,18,Summer
Bengaluru,2018-08-19,16.78,52.97,13.99,16.35,24.39,16.94,0.69,6.44,15.56,0.35,2.05,3.0701277,59.0,Satisfactory,2018,8,19,Summer
Bengaluru,2018-08-20,24.78,67.41,19.12,18.52,30.67,19.27,0.74,6.65,14.54,0.41,2.12,3.0701277,53.0,Satisfactory,2018,8,20,Summer
Bengaluru,2018-08-21,20.61,77.55,18.5,17.55,29.4,22.57,0.77,5.95,16.38,0.44,1.74,3.0701277,69.0,Satisfactory,2018,8,21,Summer
Bengaluru,2018-08-22,20.75,74.0,19.51,17.29,30.51,21.02,0.78,6.92,16.23,0.38,1.78,3.0701277,65.0,Satisfactory,2018,8,22,Summer
Bengaluru,2018-08-23,17.29,52.66,22.31,17.95,32.44,21.4,0.9,7.32,13.6,0.43,2.12,3.0701277,63.0,Satisfactory,2018,8,23,Summer
Bengaluru,2018-08-24,18.74,60.28,22.92,18.94,34.56,21.91,0.82,7.81,12.61,0.54,2.52,3.0701277,62.0,Satisfactory,2018,8,24,Summer
Bengaluru,2018-08-25,22.36,75.89,24.38,19.62,36.32,25.09,0.92,7.61,12.01,0.5,2.19,3.0701277,67.0,Satisfactory,2018,8,25,Summer
Bengaluru,2018-08-26,18.42,60.03,21.34,18.03,31.57,23.73,0.93,7.07,13.19,0.29,1.83,3.0701277,70.0,Satisfactory,2018,8,26,Summer
Bengaluru,2018-08-27,19.86,64.68,25.62,19.41,36.57,24.91,0.86,7.09,10.61,0.43,2.13,3.0701277,62.0,Satisfactory,2018,8,27,Summer
Bengaluru,2018-08-28,21.93,63.28,20.83,18.83,31.9,22.82,0.81,6.5,12.42,0.3,2.02,3.0701277,64.0,Satisfactory,2018,8,28,Summer
Bengaluru,2018-08-29,20.52,49.08,16.42,18.42,30.96,21.16,0.87,6.94,10.52,0.48,2.93,3.0701277,68.0,Satisfactory,2018,8,29,Summer
Bengaluru,2018-08-30,23.33,66.23,22.69,17.92,32.55,19.65,0.79,7.56,11.59,0.32,2.43,3.0701277,68.0,Satisfactory,2018,8,30,Summer
Bengaluru,2018-08-31,19.74,57.18,24.42,23.85,38.66,24.71,0.83,7.34,12.01,0.33,2.33,3.0701277,64.0,Satisfactory,2018,8,31,Summer
Bengaluru,2018-09-01,23.62,78.59,18.31,18.76,29.17,22.74,0.8,7.25,15.32,0.29,2.03,3.0701277,68.0,Satisfactory,2018,9,1,Autumn
Bengaluru,2018-09-02,21.84,69.2,16.09,17.44,26.12,19.52,0.76,8.3,17.84,0.27,2.0,3.0701277,66.0,Satisfactory,2018,9,2,Autumn
Bengaluru,2018-09-03,25.06,73.19,24.51,20.87,36.16,18.8,0.87,8.66,16.89,0.33,2.25,3.0701277,63.0,Satisfactory,2018,9,3,Autumn
Bengaluru,2018-09-04,32.78,81.02,21.82,26.03,37.81,21.32,0.91,8.63,18.24,0.97,3.29,3.0701277,76.0,Satisfactory,2018,9,4,Autumn
Bengaluru,2018-09-05,25.32,77.04,19.25,21.06,31.97,20.18,0.85,7.69,18.23,0.31,2.47,3.0701277,78.0,Satisfactory,2018,9,5,Autumn
Bengaluru,2018-09-06,25.21,71.56,20.52,21.41,33.3,19.48,0.8,8.53,17.79,0.31,2.16,3.0701277,66.0,Satisfactory,2018,9,6,Autumn
Bengaluru,2018-09-07,27.2,66.34,20.06,20.41,32.1,19.09,0.79,8.27,16.77,0.35,2.18,3.0701277,70.0,Satisfactory,2018,9,7,Autumn
Bengaluru,2018-09-08,18.32,47.45,9.29,19.4,23.04,18.31,0.75,7.58,17.16,0.18,1.77,3.0701277,63.0,Satisfactory,2018,9,8,Autumn
Bengaluru,2018-09-09,19.07,56.66,9.72,23.74,25.42,19.12,0.82,7.65,23.36,0.23,1.83,3.0701277,64.0,Satisfactory,2018,9,9,Autumn
Bengaluru,2018-09-10,28.1,72.52,8.51,29.62,28.16,23.38,0.96,7.71,21.64,0.36,2.42,3.0701277,73.0,Satisfactory,2018,9,10,Autumn
Bengaluru,2018-09-11,30.34,79.46,12.1,34.78,35.58,24.82,0.95,6.95,32.98,0.46,3.12,3.0701277,90.0,Satisfactory,2018,9,11,Autumn
Bengaluru,2018-09-12,24.47,73.31,16.57,38.97,42.15,22.64,0.96,7.44,33.73,0.39,2.72,3.0701277,91.0,Satisfactory,2018,9,12,Autumn
Bengaluru,2018-09-13,29.84,76.26,14.04,38.83,39.47,26.39,0.99,8.27,21.83,0.43,2.93,3.0701277,88.0,Satisfactory,2018,9,13,Autumn
Bengaluru,2018-09-14,27.72,76.6,14.95,42.11,42.26,30.61,0.98,7.55,32.17,0.43,2.77,3.0701277,94.0,Satisfactory,2018,9,14,Autumn
Bengaluru,2018-09-15,24.1,56.2,15.31,40.13,41.69,26.97,0.95,7.46,25.3,0.35,3.2,3.0701277,77.0,Satisfactory,2018,9,15,Autumn
Bengaluru,2018-09-16,24.43,55.34,26.3,35.93,46.22,25.87,0.96,8.26,19.68,0.42,3.32,3.0701277,73.0,Satisfactory,2018,9,16,Autumn
Bengaluru,2018-09-17,19.03,49.62,23.91,30.55,41.59,23.55,0.83,7.87,11.82,0.39,2.78,3.0701277,74.0,Satisfactory,2018,9,17,Autumn
Bengaluru,2018-09-18,19.86,64.1,17.97,24.34,32.53,23.56,0.76,7.24,13.4,0.41,2.25,3.0701277,65.0,Satisfactory,2018,9,18,Autumn
Bengaluru,2018-09-19,20.21,69.15,12.96,23.2,28.88,20.72,0.76,7.82,16.89,0.33,1.75,3.0701277,65.0,Satisfactory,2018,9,19,Autumn
Bengaluru,2018-09-20,25.55,74.65,28.53,41.9,54.46,20.6,0.89,7.22,18.67,1.01,3.09,3.0701277,79.0,Satisfactory,2018,9,20,Autumn
Bengaluru,2018-09-21,26.75,81.33,15.97,33.38,37.62,21.57,0.8,6.83,19.11,0.56,2.33,3.0701277,87.0,Satisfactory,2018,9,21,Autumn
Bengaluru,2018-09-22,24.45,80.93,21.53,30.37,40.33,20.87,0.83,7.24,21.83,0.72,2.77,3.0701277,77.0,Satisfactory,2018,9,22,Autumn
Bengaluru,2018-09-23,30.84,75.04,13.19,38.12,39.6,24.26,0.85,7.1,26.8,0.56,2.49,3.0701277,87.0,Satisfactory,2018,9,23,Autumn
Bengaluru,2018-09-24,22.6,56.12,16.43,35.0,37.99,22.95,0.93,6.7,29.89,0.71,2.62,3.0701277,85.0,Satisfactory,2018,9,24,Autumn
Bengaluru,2018-09-25,26.76,63.24,19.45,40.97,45.05,20.27,0.99,6.79,22.54,1.01,3.04,3.0701277,78.0,Satisfactory,2018,9,25,Autumn
Bengaluru,2018-09-26,31.25,76.66,12.51,28.45,32.14,17.5,0.87,6.76,23.35,0.95,2.57,3.0701277,85.0,Satisfactory,2018,9,26,Autumn
Bengaluru,2018-09-27,29.24,72.24,13.98,30.94,37.06,14.07,0.94,6.59,20.67,1.03,2.73,3.0701277,80.0,Satisfactory,2018,9,27,Autumn
Bengaluru,2018-09-28,26.36,77.69,13.23,27.64,34.42,15.1,0.8,6.14,14.86,0.53,2.04,3.0701277,78.0,Satisfactory,2018,9,28,Autumn
Bengaluru,2018-09-29,17.35,64.18,13.34,25.67,33.62,13.5,0.79,6.06,12.5,0.47,1.68,3.0701277,75.0,Satisfactory,2018,9,29,Autumn
Bengaluru,2018-09-30,25.28,62.82,13.1,23.56,31.12,15.14,0.81,5.67,16.11,0.4,1.53,3.0701277,70.0,Satisfactory,2018,9,30,Autumn
Bengaluru,2018-10-01,21.61,66.61,14.5,25.53,34.21,14.76,0.87,6.59,18.94,0.31,1.44,3.0701277,82.0,Satisfactory,2018,10,1,Autumn
Bengaluru,2018-10-02,14.51,51.79,11.08,19.67,26.83,13.69,0.74,6.36,15.9,0.23,1.19,3.0701277,67.0,Satisfactory,2018,10,2,Autumn
Bengaluru,2018-10-03,15.17,52.6,12.05,20.76,27.91,13.57,0.76,6.27,16.22,0.18,1.04,3.0701277,65.0,Satisfactory,2018,10,3,Autumn
Bengaluru,2018-10-04,21.47,46.9,16.7,21.67,32.94,13.65,0.8,6.52,8.9,0.32,1.3,3.0701277,65.0,Satisfactory,2018,10,4,Autumn
Bengaluru,2018-10-05,13.99,40.41,15.24,19.47,29.23,14.61,0.78,6.96,11.69,0.25,1.18,3.0701277,62.0,Satisfactory,2018,10,5,Autumn
Bengaluru,2018-10-06,14.0,42.0,14.33,19.84,29.19,12.98,0.78,6.52,10.5,0.32,1.3,3.0701277,56.0,Satisfactory,2018,10,6,Autumn
Bengaluru,2018-10-07,20.86,69.05,13.17,23.91,32.48,14.74,0.74,6.73,16.31,0.23,0.81,3.0701277,62.0,Satisfactory,2018,10,7,Autumn
Bengaluru,2018-10-08,32.94,96.04,12.11,26.49,34.31,15.77,0.79,6.84,18.26,0.38,1.0,3.0701277,73.0,Satisfactory,2018,10,8,Autumn
Bengaluru,2018-10-09,31.82,91.63,14.75,32.27,41.65,14.37,0.85,6.89,22.25,0.94,2.0,3.0701277,80.0,Satisfactory,2018,10,9,Autumn
Bengaluru,2018-10-10,40.93,109.21,18.56,34.32,47.59,14.9,0.81,6.48,23.46,2.07,3.07,3.0701277,93.0,Satisfactory,2018,10,10,Autumn
Bengaluru,2018-10-11,55.08,147.26,30.58,43.63,63.94,15.2,0.99,6.55,21.65,2.79,5.59,3.0701277,110.0,Moderate,2018,10,11,Autumn
Bengaluru,2018-10-12,56.31,151.57,30.12,44.04,60.98,14.22,0.93,6.53,22.96,1.46,3.95,3.0701277,115.0,Moderate,2018,10,12,Autumn
Bengaluru,2018-10-13,72.74,158.69,23.04,41.95,57.57,16.09,0.9,6.35,28.02,1.68,3.7,3.0701277,167.0,Moderate,2018,10,13,Autumn
Bengaluru,2018-10-14,48.48,100.3,6.99,26.49,28.07,13.1,0.8,6.28,34.33,0.72,2.36,3.0701277,116.0,Moderate,2018,10,14,Autumn
Bengaluru,2018-10-15,41.44,88.52,9.88,28.25,31.68,14.07,0.88,6.36,23.25,1.32,3.76,3.0701277,88.0,Satisfactory,2018,10,15,Autumn
Bengaluru,2018-10-16,35.37,94.07,10.95,26.88,31.15,12.5,0.74,6.52,19.06,0.31,1.66,3.0701277,90.0,Satisfactory,2018,10,16,Autumn
Bengaluru,2018-10-17,19.99,51.83,14.07,22.81,32.79,11.95,0.75,6.56,18.23,0.9,2.12,3.0701277,75.0,Satisfactory,2018,10,17,Autumn
Bengaluru,2018-10-18,62.95,55.23,14.0,28.34,37.9,12.18,0.82,6.45,21.13,0.78,2.22,3.0701277,116.0,Moderate,2018,10,18,Autumn
Bengaluru,2018-10-19,20.75,61.94,9.89,21.84,27.29,12.0,0.74,6.31,19.64,0.24,1.06,3.0701277,81.0,Satisfactory,2018,10,19,Autumn
Bengaluru,2018-10-20,25.61,86.65,10.61,25.93,31.45,11.56,0.75,6.74,27.25,0.15,0.99,3.0701277,71.0,Satisfactory,2018,10,20,Autumn
Bengaluru,2018-10-21,36.42,122.86,14.12,30.1,38.3,12.67,0.74,7.29,29.37,0.16,0.95,3.0701277,88.0,Satisfactory,2018,10,21,Autumn
Bengaluru,2018-10-22,37.81,132.8,20.84,41.15,51.26,11.84,1.04,7.54,29.12,0.34,1.6,3.0701277,102.0,Moderate,2018,10,22,Autumn
Bengaluru,2018-10-23,49.17,123.18,23.55,43.25,52.1,13.07,1.16,8.02,24.69,0.59,2.32,3.0701277,119.0,Moderate,2018,10,23,Autumn
Bengaluru,2018-10-24,62.67,111.41,19.33,40.4,47.8,14.23,1.01,8.31,24.3,0.56,1.78,3.0701277,132.0,Moderate,2018,10,24,Autumn
Bengaluru,2018-10-25,46.34,121.55,17.54,36.95,45.09,16.93,1.02,6.52,25.3,0.48,1.87,3.0701277,110.0,Moderate,2018,10,25,Autumn
Bengaluru,2018-10-26,50.19,123.42,14.97,40.42,46.02,22.94,1.01,7.67,30.95,0.46,2.07,3.0701277,101.0,Moderate,2018,10,26,Autumn
Bengaluru,2018-10-27,39.65,112.7,15.66,45.83,51.24,20.03,1.03,6.75,37.95,0.51,2.22,3.0701277,107.0,Moderate,2018,10,27,Autumn
Bengaluru,2018-10-28,37.32,96.1,15.03,45.79,47.93,19.55,0.97,6.29,38.38,0.53,2.61,3.0701277,108.0,Moderate,2018,10,28,Autumn
Bengaluru,2018-10-29,36.11,101.84,26.17,56.14,65.76,18.69,1.12,7.03,35.49,0.76,3.56,3.0701277,103.0,Moderate,2018,10,29,Autumn
Bengaluru,2018-10-30,40.12,109.55,31.63,58.13,73.78,19.22,1.19,6.8,28.94,0.81,3.44,3.0701277,125.0,Moderate,2018,10,30,Autumn
Bengaluru,2018-10-31,40.02,106.07,16.33,42.16,46.05,20.09,1.06,5.81,26.11,0.63,2.78,3.0701277,107.0,Moderate,2018,10,31,Autumn
Bengaluru,2018-11-01,20.96,66.49,16.9,31.6,37.49,16.25,0.95,7.01,23.72,0.44,1.92,3.0701277,92.0,Satisfactory,2018,11,1,Autumn
Bengaluru,2018-11-02,17.57,56.53,12.79,24.14,29.12,16.35,0.96,6.14,16.57,0.36,1.68,3.0701277,84.0,Satisfactory,2018,11,2,Autumn
Bengaluru,2018-11-03,21.42,63.23,11.8,24.36,28.45,16.22,1.1,6.46,20.21,0.32,1.66,3.0701277,82.0,Satisfactory,2018,11,3,Autumn
Bengaluru,2018-11-04,21.84,77.72,9.14,22.91,25.74,15.52,0.82,6.17,27.03,0.29,1.53,3.0701277,74.0,Satisfactory,2018,11,4,Autumn
Bengaluru,2018-11-05,23.98,90.86,11.81,28.89,32.92,15.31,1.03,6.14,21.7,0.39,1.77,3.0701277,81.0,Satisfactory,2018,11,5,Autumn
Bengaluru,2018-11-06,41.38,116.55,11.41,30.42,34.18,15.25,1.12,7.11,20.31,0.66,2.3,3.0701277,110.0,Moderate,2018,11,6,Autumn
Bengaluru,2018-11-07,57.03,107.56,11.01,31.2,34.22,15.57,1.04,7.8,27.35,0.46,1.85,3.0701277,97.0,Satisfactory,2018,11,7,Autumn
Bengaluru,2018-11-08,61.98,108.02,14.54,32.99,38.24,15.34,0.99,7.7,23.63,0.55,2.04,3.0701277,144.0,Moderate,2018,11,8,Autumn
Bengaluru,2018-11-09,33.68,98.45,11.58,29.99,32.31,15.66,0.99,5.77,25.02,0.44,1.88,3.0701277,94.0,Satisfactory,2018,11,9,Autumn
Bengaluru,2018-11-10,50.36,88.44,14.78,35.38,39.15,17.41,1.05,4.97,29.27,0.76,2.66,3.0701277,96.0,Satisfactory,2018,11,10,Autumn
Bengaluru,2018-11-11,55.48,101.12,16.45,37.67,43.57,17.68,1.11,5.67,34.04,0.8,2.94,3.0701277,105.0,Moderate,2018,11,11,Autumn
Bengaluru,2018-11-12,63.66,120.24,32.73,47.6,65.11,18.69,1.38,6.65,25.83,1.47,4.39,3.0701277,113.0,Moderate,2018,11,12,Autumn
Bengaluru,2018-11-13,71.05,130.84,25.65,50.42,59.92,18.82,1.46,7.96,28.07,1.87,5.53,3.0701277,143.0,Moderate,2018,11,13,Autumn
Bengaluru,2018-11-14,77.53,143.53,40.06,56.64,77.83,21.93,1.57,7.78,25.98,1.91,5.63,3.0701277,143.0,Moderate,2018,11,14,Autumn
Bengaluru,2018-11-15,58.35,105.52,21.57,43.91,50.94,20.58,1.43,6.5,17.61,1.14,3.95,3.0701277,141.0,Moderate,2018,11,15,Autumn
Bengaluru,2018-11-16,25.1,59.99,11.77,28.79,31.59,18.74,1.05,5.06,19.48,0.33,1.9,3.0701277,88.0,Satisfactory,2018,11,16,Autumn
Bengaluru,2018-11-17,49.2,96.6,7.31,28.7,28.53,17.03,1.02,5.2,35.62,0.36,1.46,3.0701277,84.0,Satisfactory,2018,11,17,Autumn
Bengaluru,2018-11-18,41.2,83.45,9.24,20.87,25.94,16.24,1.01,5.38,26.38,0.21,1.09,3.0701277,91.0,Satisfactory,2018,11,18,Autumn
Bengaluru,2018-11-19,19.95,61.66,13.0,22.54,28.63,14.46,1.1,5.57,13.5,0.28,1.36,3.0701277,77.0,Satisfactory,2018,11,19,Autumn
Bengaluru,2018-11-20,25.85,67.23,15.66,28.52,35.0,15.63,1.09,5.21,16.08,0.37,1.8,3.0701277,77.0,Satisfactory,2018,11,20,Autumn
Bengaluru,2018-11-21,33.31,71.11,11.66,28.34,32.46,16.38,1.02,5.74,21.91,0.3,1.85,3.0701277,81.0,Satisfactory,2018,11,21,Autumn
Bengaluru,2018-11-22,17.95,39.52,13.98,24.12,30.52,15.83,1.03,5.89,11.65,0.3,1.81,3.0701277,73.0,Satisfactory,2018,11,22,Autumn
Bengaluru,2018-11-23,25.58,50.78,16.08,27.32,34.72,18.03,1.11,5.57,11.55,0.34,1.88,3.0701277,79.0,Satisfactory,2018,11,23,Autumn
Bengaluru,2018-11-24,108.3,93.05,11.24,29.96,32.39,19.59,1.04,5.34,25.36,0.54,1.88,3.0701277,144.0,Moderate,2018,11,24,Autumn
Bengaluru,2018-11-25,61.34,106.53,7.46,27.32,27.58,21.03,0.85,5.25,41.24,0.76,1.76,3.0701277,142.0,Moderate,2018,11,25,Autumn
Bengaluru,2018-11-26,71.66,119.7,7.78,30.65,30.14,21.13,0.83,5.65,58.03,0.8,1.79,3.0701277,124.0,Moderate,2018,11,26,Autumn
Bengaluru,2018-11-27,54.73,137.9,19.16,36.44,36.17,41.22,0.84,5.5,62.99,0.78,1.68,3.0701277,127.0,Moderate,2018,11,27,Autumn
Bengaluru,2018-11-28,59.58,112.2,10.19,29.98,32.37,21.36,0.89,5.6,52.81,0.82,1.97,3.0701277,127.0,Moderate,2018,11,28,Autumn
Bengaluru,2018-11-29,42.06,86.54,11.35,25.48,28.83,18.27,0.93,5.48,42.35,0.82,2.22,3.0701277,119.0,Moderate,2018,11,29,Autumn
Bengaluru,2018-11-30,43.16,79.92,10.45,28.44,30.83,20.64,0.89,5.46,47.85,0.61,1.86,3.0701277,94.0,Satisfactory,2018,11,30,Autumn
Bengaluru,2018-12-01,40.67,83.54,12.57,31.03,34.43,20.42,0.97,5.49,50.45,0.83,2.38,3.0701277,86.0,Satisfactory,2018,12,1,Winter
Bengaluru,2018-12-02,28.25,68.25,9.29,24.59,27.96,18.89,0.79,6.21,59.89,0.77,1.81,3.0701277,92.0,Satisfactory,2018,12,2,Winter
Bengaluru,2018-12-03,33.56,69.43,11.16,25.62,29.75,18.51,0.8,6.78,43.92,0.8,1.81,3.0701277,73.0,Satisfactory,2018,12,3,Winter
Bengaluru,2018-12-04,25.83,74.27,15.31,26.42,34.03,18.98,0.89,5.86,24.11,0.6,2.02,3.0701277,75.0,Satisfactory,2018,12,4,Winter
Bengaluru,2018-12-05,51.43,64.2,13.6,23.94,30.8,18.26,0.87,5.69,26.63,0.62,1.85,3.0701277,106.0,Moderate,2018,12,5,Winter
Bengaluru,2018-12-06,29.32,81.35,13.52,29.76,33.09,17.66,0.9,6.47,35.15,0.58,2.1,3.0701277,87.0,Satisfactory,2018,12,6,Winter
Bengaluru,2018-12-07,37.49,150.02,16.07,31.25,34.16,17.51,0.93,5.9,33.42,0.61,2.26,3.0701277,90.0,Satisfactory,2018,12,7,Winter
Bengaluru,2018-12-08,61.0,98.66,9.36,33.48,28.09,15.46,0.78,5.86,52.77,0.64,1.87,3.0701277,119.0,Moderate,2018,12,8,Winter
Bengaluru,2018-12-09,63.28,110.14,5.87,23.23,19.92,11.87,0.75,7.38,80.57,0.6,1.61,3.0701277,128.0,Moderate,2018,12,9,Winter
Bengaluru,2018-12-10,75.78,137.41,9.79,30.66,31.44,15.23,1.04,5.77,76.51,0.61,2.29,3.0701277,157.0,Moderate,2018,12,10,Winter
Bengaluru,2018-12-11,88.98,177.97,12.13,38.55,39.46,20.08,1.08,5.94,69.85,0.7,2.86,3.0701277,180.0,Moderate,2018,12,11,Winter
Bengaluru,2018-12-12,78.59,142.62,11.17,40.02,39.8,19.75,1.05,6.32,66.64,0.85,2.8,3.0701277,179.0,Moderate,2018,12,12,Winter
Bengaluru,2018-12-13,67.36,103.83,10.53,36.8,37.08,19.05,1.03,6.32,59.79,0.91,2.45,3.0701277,148.0,Moderate,2018,12,13,Winter
Bengaluru,2018-12-14,48.45,84.47,12.96,36.41,38.05,18.13,0.97,6.57,50.06,0.82,2.25,3.0701277,103.0,Moderate,2018,12,14,Winter
Bengaluru,2018-12-15,47.62,81.06,15.51,35.48,39.72,18.23,0.96,6.24,48.1,0.77,2.16,3.0701277,85.0,Satisfactory,2018,12,15,Winter
Bengaluru,2018-12-16,64.42,109.67,13.08,40.02,38.75,16.93,0.98,6.45,73.64,0.74,2.09,3.0701277,112.0,Moderate,2018,12,16,Winter
Bengaluru,2018-12-17,86.94,140.52,39.83,54.92,76.09,18.74,1.29,7.69,51.64,1.11,2.73,3.0701277,146.0,Moderate,2018,12,17,Winter
Bengaluru,2018-12-18,98.84,181.41,60.14,63.57,106.26,24.42,1.72,5.98,38.34,1.46,5.51,3.0701277,225.0,Poor,2018,12,18,Winter
Bengaluru,2018-12-19,61.84,132.37,15.76,47.79,47.55,21.56,1.11,6.12,57.86,0.86,2.9,3.0701277,142.0,Moderate,2018,12,19,Winter
Bengaluru,2018-12-20,45.7,105.66,11.87,35.34,35.33,19.31,0.83,6.04,64.96,0.78,2.43,3.0701277,130.0,Moderate,2018,12,20,Winter
Bengaluru,2018-12-21,51.63,106.8,22.16,38.9,48.19,18.56,0.99,5.88,56.78,0.87,2.56,3.0701277,116.0,Moderate,2018,12,21,Winter
Bengaluru,2018-12-22,42.57,93.24,12.09,35.19,35.22,17.98,0.91,6.01,41.65,0.75,2.47,3.0701277,109.0,Moderate,2018,12,22,Winter
Bengaluru,2018-12-23,37.34,86.46,9.1,23.96,25.68,16.35,0.82,4.98,46.25,0.67,2.01,3.0701277,87.0,Satisfactory,2018,12,23,Winter
Bengaluru,2018-12-24,43.13,85.68,10.4,27.87,29.5,15.77,0.85,5.33,41.44,0.75,1.9,3.0701277,79.0,Satisfactory,2018,12,24,Winter
Bengaluru,2018-12-25,57.89,102.48,10.72,33.44,33.96,16.55,0.93,5.24,54.0,0.82,2.16,3.0701277,103.0,Moderate,2018,12,25,Winter
Bengaluru,2018-12-26,59.38,100.47,10.07,33.7,33.88,16.61,1.01,5.27,55.22,0.71,1.95,3.0701277,118.0,Moderate,2018,12,26,Winter
Bengaluru,2018-12-27,57.28,107.8,12.41,31.17,34.5,16.37,0.9,5.67,55.3,0.38,1.66,3.0701277,117.0,Moderate,2018,12,27,Winter
Bengaluru,2018-12-28,68.37,111.01,9.44,31.77,32.0,17.22,0.91,6.12,57.62,0.37,1.31,3.0701277,123.0,Moderate,2018,12,28,Winter
Bengaluru,2018-12-29,65.81,106.31,11.15,31.32,32.97,17.7,0.89,6.07,47.62,0.28,1.11,3.0701277,124.0,Moderate,2018,12,29,Winter
Bengaluru,2018-12-30,64.29,100.07,8.74,28.97,27.6,16.0,0.85,5.34,64.73,0.24,0.9,3.0701277,127.0,Moderate,2018,12,30,Winter
Bengaluru,2018-12-31,63.77,107.44,15.48,37.46,40.95,16.72,1.02,7.25,55.18,0.39,1.44,3.0701277,123.0,Moderate,2018,12,31,Winter
Bengaluru,2019-01-01,61.55,107.76,14.75,38.19,41.3,17.97,0.98,8.29,56.91,0.33,1.24,3.0701277,128.0,Moderate,2019,1,1,Winter
Bengaluru,2019-01-02,47.27,92.47,12.94,39.73,41.65,20.45,1.06,10.22,51.25,0.32,1.25,3.0701277,103.0,Moderate,2019,1,2,Winter
Bengaluru,2019-01-03,48.86,96.42,16.74,46.55,51.87,29.72,1.01,8.15,46.4,0.4,1.66,3.0701277,101.0,Moderate,2019,1,3,Winter
Bengaluru,2019-01-04,51.35,105.52,17.37,45.87,50.21,24.95,1.09,5.76,41.42,0.53,1.66,3.0701277,106.0,Moderate,2019,1,4,Winter
Bengaluru,2019-01-05,46.57,99.1,15.87,41.74,44.4,18.17,1.03,6.13,50.61,0.39,1.22,3.0701277,104.0,Moderate,2019,1,5,Winter
Bengaluru,2019-01-06,56.8,105.51,9.68,35.73,36.84,22.58,0.89,6.36,64.29,0.31,1.17,3.0701277,115.0,Moderate,2019,1,6,Winter
Bengaluru,2019-01-07,58.29,116.5,15.59,44.9,48.97,26.01,1.05,7.13,55.51,0.32,1.25,3.0701277,120.0,Moderate,2019,1,7,Winter
Bengaluru,2019-01-08,60.04,106.76,19.73,49.33,56.53,26.12,1.06,7.64,47.42,0.39,1.56,3.0701277,120.0,Moderate,2019,1,8,Winter
Bengaluru,2019-01-09,62.6,113.27,17.76,52.68,55.76,25.66,1.05,7.01,54.54,0.41,1.43,3.0701277,122.0,Moderate,2019,1,9,Winter
Bengaluru,2019-01-10,63.63,108.49,12.78,53.48,53.27,30.88,0.94,5.88,56.23,0.28,0.71,3.0701277,120.0,Moderate,2019,1,10,Winter
Bengaluru,2019-01-11,59.52,111.13,14.65,49.16,51.67,29.43,1.01,5.79,57.02,0.29,1.08,3.0701277,126.0,Moderate,2019,1,11,Winter
Bengaluru,2019-01-12,70.5,121.91,14.05,49.28,50.62,28.56,1.04,5.73,61.7,0.37,1.36,3.0701277,132.0,Moderate,2019,1,12,Winter
Bengaluru,2019-01-13,54.44,99.59,10.6,42.99,43.65,27.09,0.93,5.47,65.16,0.36,1.1,3.0701277,125.0,Moderate,2019,1,13,Winter
Bengaluru,2019-01-14,58.36,110.39,14.18,47.07,48.49,26.18,1.02,4.93,50.93,0.39,1.33,3.0701277,111.0,Moderate,2019,1,14,Winter
Bengaluru,2019-01-15,47.13,86.88,16.17,46.93,48.92,21.74,0.85,5.28,55.78,0.28,1.25,3.0701277,109.0,Moderate,2019,1,15,Winter
Bengaluru,2019-01-16,62.4,99.49,10.64,48.15,44.5,24.59,0.98,5.05,69.72,0.39,1.42,3.0701277,113.0,Moderate,2019,1,16,Winter
Bengaluru,2019-01-17,67.83,120.55,15.74,42.88,48.8,23.07,1.09,5.74,53.81,0.49,2.1,3.0701277,121.0,Moderate,2019,1,17,Winter
Bengaluru,2019-01-18,75.06,118.41,7.81,34.15,32.16,14.87,1.02,5.35,54.41,0.37,1.57,3.0701277,152.0,Moderate,2019,1,18,Winter
Bengaluru,2019-01-19,59.01,102.34,7.41,36.98,33.38,17.08,0.94,5.07,46.91,0.32,1.43,3.0701277,122.0,Moderate,2019,1,19,Winter
Bengaluru,2019-01-20,42.33,82.67,5.69,32.59,27.7,14.47,0.79,5.2,63.97,0.24,1.14,3.0701277,106.0,Moderate,2019,1,20,Winter
Bengaluru,2019-01-21,52.05,99.24,6.26,37.39,31.71,15.56,0.92,5.32,67.06,0.31,1.28,3.0701277,101.0,Moderate,2019,1,21,Winter
Bengaluru,2019-01-22,72.45,136.15,18.68,42.87,46.61,17.27,1.06,5.06,72.89,1.27,3.27,3.0701277,145.0,Moderate,2019,1,22,Winter
Bengaluru,2019-01-23,60.91,121.85,11.95,42.79,40.52,16.95,1.04,5.42,67.41,0.32,1.72,3.0701277,156.0,Moderate,2019,1,23,Winter
Bengaluru,2019-01-24,50.66,109.76,7.08,33.87,28.82,15.78,0.87,4.97,61.46,0.26,1.35,3.0701277,130.0,Moderate,2019,1,24,Winter
Bengaluru,2019-01-25,35.76,87.96,7.16,31.94,28.37,14.75,0.84,4.79,56.81,0.24,1.35,3.0701277,109.0,Moderate,2019,1,25,Winter
Bengaluru,2019-01-26,51.09,101.59,7.25,30.06,29.19,15.32,0.87,5.27,52.2,0.23,1.19,3.0701277,102.0,Moderate,2019,1,26,Winter
Bengaluru,2019-01-27,40.56,87.62,5.89,26.0,24.5,14.06,0.8,5.16,55.36,0.2,1.03,3.0701277,101.0,Moderate,2019,1,27,Winter
Bengaluru,2019-01-28,38.48,73.19,7.95,26.16,24.72,12.92,0.73,4.12,53.78,0.26,1.13,3.0701277,99.0,Satisfactory,2019,1,28,Winter
Bengaluru,2019-01-29,29.81,62.01,9.41,29.22,28.59,12.84,0.88,4.91,47.64,0.22,0.99,3.0701277,83.0,Satisfactory,2019,1,29,Winter
Bengaluru,2019-01-30,62.71,92.31,12.46,35.51,34.7,13.12,1.01,4.8,59.22,1.14,3.64,3.0701277,107.0,Moderate,2019,1,30,Winter
Bengaluru,2019-01-31,48.44,94.63,8.55,33.94,30.45,13.75,0.88,5.45,67.58,2.3,8.12,3.0701277,132.0,Moderate,2019,1,31,Winter
Bengaluru,2019-02-01,49.67,99.62,9.15,37.21,33.41,14.68,0.87,5.35,63.66,1.09,3.19,3.0701277,109.0,Moderate,2019,2,1,Winter
Bengaluru,2019-02-02,45.32,96.87,9.15,34.78,30.75,14.41,0.82,5.01,61.35,0.45,1.6,3.0701277,104.0,Moderate,2019,2,2,Winter
Bengaluru,2019-02-03,39.5,87.56,6.69,28.58,24.55,13.75,0.8,4.58,64.91,0.4,1.28,3.0701277,101.0,Moderate,2019,2,3,Winter
Bengaluru,2019-02-04,32.91,70.95,9.19,27.77,25.35,13.82,0.82,4.6,49.04,0.4,1.24,3.0701277,81.0,Satisfactory,2019,2,4,Winter
Bengaluru,2019-02-05,37.93,82.59,6.98,29.41,24.42,13.77,0.86,4.54,65.7,0.41,1.23,3.0701277,92.0,Satisfactory,2019,2,5,Winter
Bengaluru,2019-02-06,60.08,115.27,10.06,38.44,33.98,14.13,0.88,5.81,78.02,0.45,1.37,3.0701277,120.0,Moderate,2019,2,6,Winter
Bengaluru,2019-02-07,51.88,117.29,6.9,36.87,31.49,15.02,0.94,5.3,73.99,0.49,1.65,3.0701277,146.0,Moderate,2019,2,7,Winter
Bengaluru,2019-02-08,54.76,108.3,5.51,30.73,25.96,15.13,0.85,5.21,65.0,0.52,1.83,3.0701277,113.0,Moderate,2019,2,8,Winter
Bengaluru,2019-02-09,68.68,123.42,11.64,40.49,37.69,16.47,1.25,6.19,55.17,0.58,2.2,3.0701277,134.0,Moderate,2019,2,9,Winter
Bengaluru,2019-02-10,50.31,93.13,9.95,32.83,29.4,17.01,0.96,4.52,41.91,0.56,2.03,3.0701277,112.0,Moderate,2019,2,10,Winter
Bengaluru,2019-02-11,41.65,78.53,10.0,28.6,26.17,15.25,0.81,4.04,37.69,0.43,1.37,3.0701277,80.0,Satisfactory,2019,2,11,Winter
Bengaluru,2019-02-12,49.32,88.06,8.75,32.05,27.32,14.48,0.82,3.99,49.43,0.44,1.33,3.0701277,84.0,Satisfactory,2019,2,12,Winter
Bengaluru,2019-02-13,47.31,92.86,9.72,34.53,30.98,15.25,0.9,4.75,52.51,0.46,1.1,3.0701277,96.0,Satisfactory,2019,2,13,Winter
Bengaluru,2019-02-14,37.94,84.87,11.4,31.95,32.32,16.68,0.71,4.88,57.75,0.46,1.11,3.0701277,89.0,Satisfactory,2019,2,14,Winter
Bengaluru,2019-02-15,35.35,92.27,9.65,32.12,32.59,17.04,0.87,4.08,59.52,0.63,1.75,3.0701277,103.0,Moderate,2019,2,15,Winter
Bengaluru,2019-02-16,45.37,98.49,21.59,35.5,44.47,16.77,1.05,4.69,56.07,1.12,2.89,3.0701277,107.0,Moderate,2019,2,16,Winter
Bengaluru,2019-02-17,47.43,108.7,23.61,33.19,44.8,17.77,0.99,4.15,62.98,1.23,2.91,3.0701277,123.0,Moderate,2019,2,17,Winter
Bengaluru,2019-02-18,42.92,104.51,29.45,39.84,54.29,17.16,1.23,4.52,48.6,1.03,2.96,3.0701277,116.0,Moderate,2019,2,18,Winter
Bengaluru,2019-02-19,44.28,98.5,8.09,33.16,30.1,18.13,0.95,4.52,50.9,0.53,1.93,3.0701277,116.0,Moderate,2019,2,19,Winter
Bengaluru,2019-02-20,31.49,79.97,9.18,28.91,27.55,15.62,0.85,4.39,40.97,0.43,1.33,3.0701277,87.0,Satisfactory,2019,2,20,Winter
Bengaluru,2019-02-21,36.4,92.9,14.06,35.7,36.91,12.47,0.96,5.06,41.82,0.48,1.57,3.0701277,85.0,Satisfactory,2019,2,21,Winter
Bengaluru,2019-02-22,38.35,101.4,17.28,40.77,44.74,14.54,0.96,5.45,42.98,0.54,1.96,3.0701277,99.0,Satisfactory,2019,2,22,Winter
Bengaluru,2019-02-23,51.36,113.03,23.78,50.05,56.96,15.39,1.03,5.53,43.98,1.92,5.95,3.0701277,105.0,Moderate,2019,2,23,Winter
Bengaluru,2019-02-24,47.59,97.06,19.87,47.01,50.3,16.23,0.94,5.19,53.2,2.49,7.3,3.0701277,110.0,Moderate,2019,2,24,Winter
Bengaluru,2019-02-25,39.23,96.15,23.3,46.39,53.87,16.7,1.0,6.12,55.66,2.28,7.46,3.0701277,103.0,Moderate,2019,2,25,Winter
Bengaluru,2019-02-26,51.92,101.91,17.94,42.06,44.18,18.89,0.99,6.29,64.35,2.88,8.24,3.0701277,120.0,Moderate,2019,2,26,Winter
Bengaluru,2019-02-27,45.49,94.03,10.11,33.49,32.28,18.55,0.93,4.45,58.28,2.05,6.43,3.0701277,115.0,Moderate,2019,2,27,Winter
Bengaluru,2019-02-28,50.8,111.32,12.67,38.76,40.15,16.52,0.94,4.87,56.36,3.14,6.74,3.0701277,125.0,Moderate,2019,2,28,Winter
Bengaluru,2019-03-01,58.18,125.3,13.52,44.64,44.92,19.94,1.05,4.93,53.3,3.44,10.62,3.0701277,143.0,Moderate,2019,3,1,Spring
Bengaluru,2019-03-02,40.93,95.38,6.74,26.91,26.08,17.74,0.83,4.57,49.67,1.07,4.29,3.0701277,107.0,Moderate,2019,3,2,Spring
Bengaluru,2019-03-03,36.98,92.75,7.87,30.74,30.01,15.49,0.86,4.87,55.58,1.18,4.21,3.0701277,114.0,Moderate,2019,3,3,Spring
Bengaluru,2019-03-04,43.15,100.96,5.02,29.23,26.24,15.83,0.8,5.09,63.42,1.04,3.53,3.0701277,123.0,Moderate,2019,3,4,Spring
Bengaluru,2019-03-05,49.8,112.83,12.78,31.26,33.34,15.93,1.11,4.2,56.77,1.48,4.44,3.0701277,118.0,Moderate,2019,3,5,Spring
Bengaluru,2019-03-06,53.53,116.45,23.55,35.74,46.05,15.62,1.13,4.12,48.36,2.36,6.99,3.0701277,128.0,Moderate,2019,3,6,Spring
Bengaluru,2019-03-07,65.98,158.87,41.22,47.25,71.78,17.42,1.44,6.25,39.54,3.82,10.92,3.0701277,152.0,Moderate,2019,3,7,Spring
Bengaluru,2019-03-08,69.62,141.49,25.8,46.88,58.06,18.21,1.32,7.02,49.42,2.51,7.46,3.0701277,167.0,Moderate,2019,3,8,Spring
Bengaluru,2019-03-09,51.08,114.17,6.55,27.19,26.56,18.98,1.01,5.51,56.41,1.92,5.91,3.0701277,151.0,Moderate,2019,3,9,Spring
Bengaluru,2019-03-10,39.45,85.59,3.31,19.09,16.78,14.76,0.81,5.12,47.45,0.92,3.47,3.0701277,100.0,Satisfactory,2019,3,10,Spring
Bengaluru,2019-03-11,34.4,79.55,4.31,21.93,19.58,13.93,0.75,6.11,55.52,0.79,3.12,3.0701277,91.0,Satisfactory,2019,3,11,Spring
Bengaluru,2019-03-12,46.15,108.89,6.44,27.97,26.33,15.19,0.8,8.64,67.73,0.88,3.55,3.0701277,105.0,Moderate,2019,3,12,Spring
Bengaluru,2019-03-13,50.05,120.17,9.24,34.27,33.73,15.2,0.89,9.55,59.27,1.09,4.04,3.0701277,113.0,Moderate,2019,3,13,Spring
Bengaluru,2019-03-14,43.73,116.74,8.61,29.7,32.81,14.79,0.73,6.55,65.46,0.9,3.55,3.0701277,118.0,Moderate,2019,3,14,Spring
Bengaluru,2019-03-15,41.75,110.46,8.41,35.68,35.5,14.38,0.89,6.12,54.19,1.01,4.1,3.0701277,106.0,Moderate,2019,3,15,Spring
Bengaluru,2019-03-16,44.32,118.8,12.34,38.3,37.28,16.05,0.94,5.15,47.32,1.25,4.25,3.0701277,108.0,Moderate,2019,3,16,Spring
Bengaluru,2019-03-17,45.56,104.35,8.28,34.1,29.69,15.63,0.87,5.01,66.57,1.19,4.14,3.0701277,115.0,Moderate,2019,3,17,Spring
Bengaluru,2019-03-18,43.24,99.47,5.41,31.64,24.96,16.24,0.8,5.61,67.48,1.05,3.83,3.0701277,123.0,Moderate,2019,3,18,Spring
Bengaluru,2019-03-19,39.71,94.23,6.67,30.9,26.76,16.07,0.82,5.13,59.72,0.93,3.86,3.0701277,113.0,Moderate,2019,3,19,Spring
Bengaluru,2019-03-20,39.8,91.98,6.79,27.36,22.43,15.0,0.73,5.7,57.62,0.97,4.09,3.0701277,102.0,Moderate,2019,3,20,Spring
Bengaluru,2019-03-21,49.74,94.78,5.97,27.84,21.97,15.24,0.87,5.44,61.82,1.12,4.17,3.0701277,120.0,Moderate,2019,3,21,Spring
Bengaluru,2019-03-22,44.52,96.39,7.16,30.85,24.89,15.54,0.94,6.86,59.05,1.38,4.47,3.0701277,122.0,Moderate,2019,3,22,Spring
Bengaluru,2019-03-23,51.6,102.51,6.71,34.12,27.54,15.49,0.97,5.8,58.37,1.33,4.96,3.0701277,119.0,Moderate,2019,3,23,Spring
Bengaluru,2019-03-24,47.42,93.06,5.81,28.12,23.65,14.79,0.84,6.92,64.14,0.98,3.78,3.0701277,120.0,Moderate,2019,3,24,Spring
Bengaluru,2019-03-25,46.52,105.51,8.2,34.13,30.32,15.64,0.84,7.66,49.93,1.07,4.35,3.0701277,97.0,Satisfactory,2019,3,25,Spring
Bengaluru,2019-03-26,48.85,112.26,10.0,39.23,36.32,15.4,0.93,7.29,57.9,1.07,4.35,3.0701277,113.0,Moderate,2019,3,26,Spring
Bengaluru,2019-03-27,56.52,121.14,12.4,40.26,38.77,14.3,1.08,6.91,55.64,1.24,4.33,3.0701277,129.0,Moderate,2019,3,27,Spring
Bengaluru,2019-03-28,61.59,129.96,14.08,47.4,45.48,14.75,1.17,6.72,51.02,1.69,5.78,3.0701277,148.0,Moderate,2019,3,28,Spring
